# file opened: CPM_BDOS.asm
   1  0000              ; ============================================================================
   2  0000              ; Microsoft SoftCard CP/M 2.23 (44K) -- BDOS (Basic Disk Operating System)
   3  0000              ; ----------------------------------------------------------------------------
   4  0000              ; Runtime-addressed (de-skewed): ORG $9C00 (FBASE), runs $9C00-$A9FF. An independent
   5  0000              ; compilation; references the CCP warm-boot entry once (CCP_WBOOT). The 44K system
   6  0000              ; tracks store this sector-interleaved; the disk producer re-applies the skew. See
   7  0000              ; ../../docs/CPM_Skew_Findings.md.
   8  0000              ; ============================================================================
   9  0000
  10  0000                  IFNDEF CPM_LINK
  11  0000                  DEVICE NOSLOT64K
  12  0000                  INCLUDE "cpm22.inc"
# file opened: cpm22.inc
   1+ 0000              ; cpm22.inc -- canonical Digital Research CP/M 2.2 definitions shared by SoftCard
   2+ 0000              ; CP/M sources.  Defined ONCE here and INCLUDEd by each source rather than re-deriving
   3+ 0000              ; magic numbers per file.  EQUs are zero-width, so including this is byte-identical.
   4+ 0000              ; This is the OS/ABI counterpart to apple_softcard.inc (which holds the Apple/SoftCard
   5+ 0000              ; HARDWARE externals); keep the two concerns separate.
   6+ 0000              ;
   7+ 0000              ; Source: CP/M 2.2 Interface Guide / "CP/M Reference Manual" [DOC CPMREF] (in the
   8+ 0000              ; archive at softcard/reference/softcard-cpm-archive/manuals/transcribed/).
   9+ 0000              ;
  10+ 0000              ; NOTE on the base page: $0000 (warm-boot JP) and $0005 (BDOS JP) are implementation
  11+ 0000              ; LABELS inside the BIOS/CCP/BDOS modules but CALL TARGETS in transient programs.  The
  12+ 0000              ; cell EQUs below are for the transient-program (caller) view; an OS module that DEFINES
  13+ 0000              ; these vectors as its own labels should not also pull in this base-page section.
  14+ 0000
  15+ 0000              ; ---- base page (transient-program view) ----------------------------------------
  16+ 0000                  IFNDEF CPM22_INC
  17+ 0000                  DEFINE CPM22_INC
  18+ 0000
  19+ 0000              WBOOTV      EQU $0000      ; warm-boot vector: JP WBOOT (a CALL/JP $0000 restarts CP/M)
  20+ 0000              IOBYTE_ADDR EQU $0003      ; logical<->physical device map (STAT / fns 7,8)
  21+ 0000              CDISK_ADDR  EQU $0004      ; current drive (low nibble) / user (high nibble)
  22+ 0000              BDOS        EQU $0005      ; BDOS entry vector: CALL BDOS with C=function, DE=arg
  23+ 0000              RST2_VEC    EQU $0010      ; Z-80 RST 2 ($10) restart vector (8 bytes); CP/M leaves it for the app/debugger
  24+ 0000              RST4_VEC    EQU $0020      ; Z-80 RST 4 ($20) restart vector (8 bytes); CP/M leaves it for the app/debugger
  25+ 0000              TFCB        EQU $005C      ; default FCB parsed from the command tail
  26+ 0000              TFCB2       EQU $006C      ; second parsed FCB (overlaps TFCB+16)
  27+ 0000              TBUFF       EQU $0080      ; default DMA buffer (128 B); also the command-tail buffer
  28+ 0000              CMDLINE     EQU $0081      ; command-tail characters (TBUFF+1): $0080 = length, $0081+ = the upper-cased tail
  29+ 0000              TPA         EQU $0100      ; transient program area / load address
  30+ 0000
  31+ 0000              ; ---- BDOS function numbers (register C) ----------------------------------------
  32+ 0000              P_TERMCPM   EQU 0          ; system reset (return to CCP)
  33+ 0000              C_READ      EQU 1          ; console input (echoed) -> A
  34+ 0000              C_WRITE     EQU 2          ; console output (E = char)
  35+ 0000              A_READ      EQU 3          ; reader (AUX) input -> A
  36+ 0000              A_WRITE     EQU 4          ; punch (AUX) output (E = char)
  37+ 0000              L_WRITE     EQU 5          ; list (printer) output (E = char)
  38+ 0000              C_RAWIO     EQU 6          ; direct console I/O (E=$FF read / else write)
  39+ 0000              A_STATIN    EQU 7          ; get IOBYTE -> A
  40+ 0000              A_STATOUT   EQU 8          ; set IOBYTE (E = value)
  41+ 0000              C_WRITESTR  EQU 9          ; print '$'-terminated string (DE -> string)
  42+ 0000              C_READSTR   EQU 10         ; buffered console line input (DE -> buffer)
  43+ 0000              C_STAT      EQU 11         ; console status -> A (0 = none ready)
  44+ 0000              S_BDOSVER   EQU 12         ; return BDOS version -> HL
  45+ 0000              DRV_ALLRESET EQU 13        ; reset disk system
  46+ 0000              DRV_SET     EQU 14         ; select drive (E = 0=A..15=P)
  47+ 0000              F_OPEN      EQU 15         ; open file (DE -> FCB)
  48+ 0000              F_CLOSE     EQU 16         ; close file (DE -> FCB)
  49+ 0000              F_SFIRST    EQU 17         ; search for first (DE -> FCB)
  50+ 0000              F_SNEXT     EQU 18         ; search for next
  51+ 0000              F_DELETE    EQU 19         ; delete file (DE -> FCB)
  52+ 0000              F_READ      EQU 20         ; read sequential (DE -> FCB)
  53+ 0000              F_WRITE     EQU 21         ; write sequential (DE -> FCB)
  54+ 0000              F_MAKE      EQU 22         ; create file (DE -> FCB)
  55+ 0000              F_RENAME    EQU 23         ; rename file (DE -> FCB)
  56+ 0000              DRV_LOGINVEC EQU 24        ; return login vector -> HL
  57+ 0000              DRV_GET     EQU 25         ; return current drive -> A
  58+ 0000              F_DMAOFF    EQU 26         ; set DMA address (DE)
  59+ 0000              DRV_ALLOCVEC EQU 27        ; return allocation vector -> HL
  60+ 0000              DRV_SETRO   EQU 28         ; write-protect current drive
  61+ 0000              DRV_ROVEC   EQU 29         ; return read-only vector -> HL
  62+ 0000              F_ATTRIB    EQU 30         ; set file attributes (DE -> FCB)
  63+ 0000              DRV_DPB     EQU 31         ; return DPB address -> HL
  64+ 0000              F_USERNUM   EQU 32         ; get/set user number (E=$FF get / else set)
  65+ 0000              F_READRAND  EQU 33         ; read random (DE -> FCB)
  66+ 0000              F_WRITERAND EQU 34         ; write random (DE -> FCB)
  67+ 0000              F_SIZE      EQU 35         ; compute file size (DE -> FCB)
  68+ 0000              F_RANDREC   EQU 36         ; set random record (DE -> FCB)
  69+ 0000              DRV_RESET   EQU 37         ; reset drives (DE = drive vector)
  70+ 0000              F_WRITEZF   EQU 40         ; write random with zero fill (DE -> FCB)
  71+ 0000
  72+ 0000              ; ---- FCB field offsets (from the start of a 36-byte FCB) ------------------------
  73+ 0000              FCB_DR      EQU 0          ; drive code (0 = default, 1..16 = A..P)
  74+ 0000              FCB_F       EQU 1          ; filename (8 bytes, space-padded)
  75+ 0000              FCB_T       EQU 9          ; filetype (3 bytes; hi bits = R/O, SYS, archive)
  76+ 0000              FCB_EX      EQU 12         ; current extent
  77+ 0000              FCB_S1      EQU 13         ; reserved
  78+ 0000              FCB_S2      EQU 14         ; reserved (extent high)
  79+ 0000              FCB_RC      EQU 15         ; record count for the current extent (0..128)
  80+ 0000              FCB_CR      EQU 32         ; current record within the extent
  81+ 0000              FCB_R0      EQU 33         ; random record number, low byte
  82+ 0000              FCB_R1      EQU 34         ; random record number, middle byte
  83+ 0000              FCB_R2      EQU 35         ; random record number, high byte (overflow)
  84+ 0000
  85+ 0000
  86+ 0000                  ENDIF
  87+ 0000
# file closed: cpm22.inc
  13  0000                  INCLUDE "cpm_system_223.inc"
# file opened: cpm_system_223.inc
   1+ 0000              ; ============================================================================
   2+ 0000              ; cpm_system_223.inc -- CP/M 2.23 (44K) cross-module system contract
   3+ 0000              ; ----------------------------------------------------------------------------
   4+ 0000              ; The de-skewed 2.23-44K system image is TWO independent compilations -- the CCP
   5+ 0000              ; ($9300-$9BFF) and the BDOS ($9C00-$A9FF) -- decoded at their true RUNTIME
   6+ 0000              ; addresses (see ../docs/CPM_Skew_Findings.md). On the correctly-addressed source
   7+ 0000              ; the two are almost decoupled: the CCP calls the BDOS only through the page-zero
   8+ 0000              ; $0005 ABI (cpm22.inc :: BDOS), and the ONLY direct cross-module symbols are the
   9+ 0000              ; module bases + the warm-boot re-entry below. Defined ONCE here, INCLUDEd by both
  10+ 0000              ; (never duplicated -- feedback_no_duplicate_symbol_definitions).
  11+ 0000              ; ============================================================================
  12+ 0000
  13+ 0000              ; Memory-config axis. The 60K build lifts the CCP+BDOS +$4000 into the Apple Language
  14+ 0000              ; Card (CCP $9300->$D300, BDOS $9C00->$DC00; the BIOS stays at $FA00). Defining CFG_60K
  15+ 0000              ; re-homes the CCP by re-assembly alone, so the ONE C-level CCP source folds to both the
  16+ 0000              ; 2.23-44K disk (no define) and the 60K CPM60.COM image (CPMV223-60K/CPM60.asm INCLUDEs
  17+ 0000              ; it with -DCFG_60K). The 60K BDOS is a SEPARATE bank-woven build and does NOT fold here.
  18+ 0000              ; See ../CPMV223-60K/CPM60_COM.md and docs/CPM_Unified_Build_Plan.md.
  19+ 0000                  IFDEF CFG_60K
  20+ 0000 ~            CCP_BASE   EQU $D300      ; 60K: CCP cold entry, relocated into the language card
  21+ 0000 ~            CCP_WBOOT  EQU $DB06      ; 60K: CCP warm-boot re-entry
  22+ 0000 ~            BDOS_FBASE EQU $DC00      ; 60K: BDOS image base (page-zero $0005 JP target)
  23+ 0000 ~            BDOS_FLIMIT EQU $EA00     ; 60K: first byte past the BDOS image
  24+ 0000 ~            FASTLOAD_TOP_PAGE EQU $F0 ; 60K: fast-loader top page (TPA reaches up into the LC)
  25+ 0000                  ELSE
  26+ 0000              CCP_BASE   EQU $9300      ; CCP cold entry (the BIOS cold/warm boot lands here)
  27+ 0000              CCP_WBOOT  EQU $9B06      ; CCP warm-boot re-entry the BDOS returns through
  28+ 0000              BDOS_FBASE EQU $9C00      ; FBASE: BDOS image base (6-byte serial + JP entry)
  29+ 0000              BDOS_FLIMIT EQU $AA00     ; first byte PAST the BDOS image (CPM_BDOS asserts $ == this)
  30+ 0000              FASTLOAD_TOP_PAGE EQU $A1 ; 44K: fast-loader top page = just below the CCP ($A1xx)
  31+ 0000                  ENDIF
  32+ 0000
  33+ 0000              ; Region sizes computed from the contiguous CCP -> BDOS boundaries above -- never a magic
  34+ 0000              ; number (the byte gate catches any overrun via the CPM_CCP/CPM_BDOS end-of-image ASSERTs).
  35+ 0000              CCP_SIZE   EQU BDOS_FBASE - CCP_BASE     ; $0900: CCP image size  = (first BDOS byte) - (first CCP byte)
  36+ 0000              BDOS_SIZE  EQU BDOS_FLIMIT - BDOS_FBASE  ; $0E00: BDOS image size = (byte after BDOS) - (first BDOS byte)
  37+ 0000
# file closed: cpm_system_223.inc
  14  0000                  ORG $9C00
  15  9C00                  ENDIF
  16  9C00 BD 16 00 01          DEFB    $BD,$16,$00,$01,$4D,$40
  16  9C04 4D 40
  17  9C06              ; ----------------------------------------------------------------------
  18  9C06              ; BDOS_ENTRY -- the BDOS=$0005-vector landing point (FBASE+6); jumps to the function dispatcher.
  19  9C06              ;   In: C = BDOS function number, DE = info address (or single-byte arg in E) -- the standard $0005
  20  9C06              ;       call ABI.
  21  9C06              ;   Out: jumps to BDOS_DISPATCH; never returns here (the handler RETs through the common BDOS exit).
  22  9C06              ;   Clobbers: none of its own (single JP).
  23  9C06              ;   Algorithm: OBSERVED -- one JP BDOS_DISPATCH. The page-zero $0005 jump-vector targets this
  24  9C06              ;              address ($9C06), so every BDOS call enters here. [RE]
  25  9C06              ; ----------------------------------------------------------------------
  26  9C06              BDOS_ENTRY:
  27  9C06 C3 11 9C             JP BDOS_DISPATCH
  28  9C09              ; ----------------------------------------------------------------------
  29  9C09              ; BDOS_ERR_VECTORS -- DATA: first entry of a 4-word table of BDOS disk-error reporter addresses.
  30  9C09              ;   In: a caller does LD HL,<one of these 4 word slots> then falls into the reporter helper at
  31  9C09              ;       BDOS_VECTOR_JUMP ($9F4A), which does LD E,(HL)/INC HL/LD D,(HL)/EX DE,HL/JP (HL).
  32  9C09              ;   Out: this slot's word is the run address of the Bad-Sector (permanent disk) error reporter.
  33  9C09              ;   Clobbers: n/a (data).
  34  9C09              ;   Algorithm: OBSERVED -- two DATA bytes ($99 $9C) forming the Bad-Sector reporter address;
  35  9C09              ;              mis-decoded as SBC A,C / SBC A,H. The four reporters print 'Bdos Err On d:' then a
  36  9C09              ;              '$'-terminated cause string ('Bad Sector'/'Select'/'R/O'/'File R/O'). [RE]
  37  9C09              ; ----------------------------------------------------------------------
  38  9C09              BDOS_ERR_VECTORS:
  39  9C09 99                   SBC A,C
  40  9C0A 9C                   SBC A,H
  41  9C0B              ; ----------------------------------------------------------------------
  42  9C0B              ; BDOS_ERRVEC_SELECT -- DATA: word for the Select-error reporter in the BDOS error-vector table.
  43  9C0B              ;   In: n/a (data; loaded into HL by the helper front-end at BDOS_ERR_SELECT ($9F47) before
  44  9C0B              ;       falling into the $9F4A reporter dispatch).
  45  9C0B              ;   Out: n/a (the word here is the run address of the 'Select' error reporter; prints then
  46  9C0B              ;        warm-boots).
  47  9C0B              ;   Clobbers: n/a (data).
  48  9C0B              ;   Algorithm: OBSERVED -- two DATA bytes ($A5 $9C) forming the Select-error reporter address;
  49  9C0B              ;              mis-decoded as AND L / SBC A,H. [RE]
  50  9C0B              ; ----------------------------------------------------------------------
  51  9C0B              BDOS_ERRVEC_SELECT:
  52  9C0B A5                   AND L
  53  9C0C 9C                   SBC A,H
  54  9C0D              ; ----------------------------------------------------------------------
  55  9C0D              ; BDOS_ERRVEC_RODISK -- DATA: word for the R/O-disk error reporter in the BDOS error-vector table.
  56  9C0D              ;   In: n/a (data; loaded into HL by the caller reached when a write is attempted to a R/O-flagged
  57  9C0D              ;       drive).
  58  9C0D              ;   Out: n/a (the word here is the run address of the reporter that prints 'R/O').
  59  9C0D              ;   Clobbers: n/a (data).
  60  9C0D              ;   Algorithm: OBSERVED -- two DATA bytes ($AB $9C) forming the R/O-disk reporter address;
  61  9C0D              ;              mis-decoded as XOR E / SBC A,H. Exact CP/M error sub-class UNKNOWN; cause string
  62  9C0D              ;              'R/O'. [RE]
  63  9C0D              ; ----------------------------------------------------------------------
  64  9C0D              BDOS_ERRVEC_RODISK:
  65  9C0D AB                   XOR E
  66  9C0E 9C                   SBC A,H
  67  9C0F              ; ----------------------------------------------------------------------
  68  9C0F              ; BDOS_ERRVEC_FILERO -- DATA: word for the File-R/O error reporter in the BDOS error-vector table.
  69  9C0F              ;   In: n/a (data; loaded into HL by the caller reached on a write to a read-only file).
  70  9C0F              ;   Out: n/a (the word here is the run address of the reporter that prints 'File R/O').
  71  9C0F              ;   Clobbers: n/a (data).
  72  9C0F              ;   Algorithm: OBSERVED -- two DATA bytes ($B1 $9C) forming the File-R/O reporter address;
  73  9C0F              ;              mis-decoded as OR C / SBC A,H. Last of the 4 error-vector words; BDOS_DISPATCH
  74  9C0F              ;              follows. [RE]
  75  9C0F              ; ----------------------------------------------------------------------
  76  9C0F              BDOS_ERRVEC_FILERO:
  77  9C0F B1                   OR C
  78  9C10 9C                   SBC A,H
  79  9C11              ; ----------------------------------------------------------------------
  80  9C11              ; BDOS_DISPATCH -- the CP/M 2.2 FDOS dispatcher: set up the BDOS frame and vector to the handler.
  81  9C11              ;   In: C = BDOS function number (valid 0..40); DE = info address (single-byte arg also in E);
  82  9C11              ;       caller SP live.
  83  9C11              ;   Out: control transfers (JP (HL)) to the selected handler with HL = caller info-address; on
  84  9C11              ;        out-of-range C (>= 41) it RETs straight to the just-pushed common exit (default 0 result).
  85  9C11              ;   Clobbers: A, BC, DE, HL, SP (switches to the private BDOS stack).
  86  9C11              ;   Algorithm: OBSERVED -- save caller DE into BDOS_PARAM_PTR; copy low byte E into the
  87  9C11              ;              drive/byte-arg
  88  9C11              ;              cell; default BDOS_RETVAL to 0; capture caller SP into BDOS_SAVED_SP and switch SP to
  89  9C11              ;              BDOS_USER_NUM; clear two per-call state cells; push the common BDOS exit ($A974) so
  90  9C11              ;              every handler RETs through it; range-check A(=C) against $29 (41) -- CP $29 / RET NC
  91  9C11              ;              returns when A >= 41. Then move byte-arg E into C, index BDOS_DISPATCH_TBL by 2*A
  92  9C11              ;              (two ADD HL,DE), fetch the handler word into DE, reload the saved info-address into
  93  9C11              ;              HL,
  94  9C11              ;              EX DE,HL, JP (HL). Static-indexed: function N selects table entry N. [RE]
  95  9C11              ; ----------------------------------------------------------------------
  96  9C11              BDOS_DISPATCH:
  97  9C11 EB                   EX DE,HL
  98  9C12 22 43 9F             LD (BDOS_PARAM_PTR),HL
  99  9C15 EB                   EX DE,HL
 100  9C16 7B                   LD A,E
 101  9C17 32 D6 A9             LD (DRV_SELECT_ARG),A
 102  9C1A 21 00 00             LD HL,$0000
 103  9C1D 22 45 9F             LD (BDOS_RETVAL),HL
 104  9C20 39                   ADD HL,SP
 105  9C21 22 0F 9F             LD (BDOS_SAVED_SP),HL
 106  9C24 31 41 9F             LD SP,BDOS_USER_NUM
 107  9C27 AF                   XOR A
 108  9C28 32 E0 A9             LD (DRV_SAVED_FCB_BYTE),A
 109  9C2B 32 DE A9             LD (DRV_RESTORE_FLAG),A
 110  9C2E 21 74 A9             LD HL,FCB_AUTO_DRIVE_RESTORE
 111  9C31 E5                   PUSH HL
 112  9C32 79                   LD A,C
 113  9C33 FE 29                CP $29
 114  9C35 D0                   RET NC
 115  9C36 4B                   LD C,E
 116  9C37 21 47 9C             LD HL,BDOS_DISPATCH_TBL
 117  9C3A 5F                   LD E,A
 118  9C3B 16 00                LD D,$00
 119  9C3D 19                   ADD HL,DE
 120  9C3E 19                   ADD HL,DE
 121  9C3F 5E                   LD E,(HL)
 122  9C40 23                   INC HL
 123  9C41 56                   LD D,(HL)
 124  9C42 2A 43 9F             LD HL,(BDOS_PARAM_PTR)
 125  9C45 EB                   EX DE,HL
 126  9C46 E9                   JP (HL)
 127  9C47              ; ----------------------------------------------------------------------
 128  9C47              ; BDOS_DISPATCH_TBL -- 41-entry BDOS function dispatch table (one handler address per fn 0..40).
 129  9C47              ;   In: indexed by 2*A (the function number) in BDOS_DISPATCH.
 130  9C47              ;   Out: the selected word is fetched and entered via JP (HL).
 131  9C47              ;   Clobbers: n/a (data).
 132  9C47              ;   Algorithm: OBSERVED -- a table of 16-bit handler run addresses, verified function-for-function
 133  9C47              ;              against the 2.20-44K twin (same order). In-image handlers ($9Cxx-$A8xx) render as
 134  9C47              ;              labels; BIOS-vector slots target $FAxx (2.23 BIOS variable page = Apple $0A00) where
 135  9C47              ;              2.20-44K uses $AAxx. Functions 4..11 sit in the DEFB run at $9C4F. Functions 0-36
 136  9C47              ;              ($00-$24) are the standard CP/M 2.2 set; slots 37-40 are SoftCard extensions
 137  9C47              ;              (37 = drive-login mask, 38/39 = RET no-op at $9F04, 40 = Write Random Zero Fill).
 138  9C47              ;              [RE]
 139  9C47              ;   Order (fn: target): 0 SysReset $FA03; 1 C_READ F_CONIN_H; 2 C_WRITE F_CONOUT_H; 3 A_READ
 140  9C47              ;     F_READERIN_H; 4 A_WRITE $FA12; 5 L_WRITE $FA0F; 6 C_RAWIO F_DIRECTIO_H; 7 A_STATIN F_GETIOB_H;
 141  9C47              ;     8 A_STATOUT F_SETIOB_H; 9 C_WRITESTR F_PRINTSTR_H; 10 C_READSTR F_READCONBUF_H; 11 C_STAT
 142  9C47              ;     F_CONSTAT_H; 12-40 = the file/drive ops (handlers above $A0F7, decoded in the rest of the
 143  9C47              ;     file). [RE]
 144  9C47              ; ----------------------------------------------------------------------
 145  9C47              BDOS_DISPATCH_TBL:
 146  9C47 03 FA                DEFW    $FA03
 147  9C49 C8 9E                DEFW    F_CONIN_H
 148  9C4B 90 9D                DEFW    F_CONOUT_H
 149  9C4D CE 9E                DEFW    F_READERIN_H
 150  9C4F 12 FA 0F FA          DEFB    $12,$FA,$0F,$FA,$D4,$9E,$ED,$9E,$F3,$9E,$F8,$9E,$E1,$9D,$FE,$9E
 150  9C53 D4 9E ED 9E
 150  9C57 F3 9E F8 9E
 150  9C5B E1 9D FE 9E
 151  9C5F 7E A8                DEFW    S_BDOSVER_H
 152  9C61 83 A8                DEFW    DRV_ALLRESET_H
 153  9C63 45 A8                DEFW    DRV_SET_H
 154  9C65 9C A8                DEFW    F_OPEN_H
 155  9C67 A5 A8                DEFW    F_CLOSE_H
 156  9C69 AB A8                DEFW    F_SFIRST_H
 157  9C6B C8 A8                DEFW    F_SNEXT_H
 158  9C6D D7 A8                DEFW    F_DELETE_H
 159  9C6F E0 A8                DEFW    F_READ_H
 160  9C71 E6 A8                DEFW    F_WRITE_H
 161  9C73 EC A8                DEFW    F_MAKE_H
 162  9C75 F5 A8                DEFW    F_RENAME_H
 163  9C77 FE A8                DEFW    DRV_LOGINVEC_H
 164  9C79 04 A9                DEFW    DRV_GET_H
 165  9C7B 0A A9                DEFW    F_DMAOFF_H
 166  9C7D 11 A9                DEFW    DRV_ALLOCVEC_H
 167  9C7F 2C A1                DEFW    DRV_SETRO_H
 168  9C81 17 A9                DEFW    DRV_ROVEC_H
 169  9C83 1D A9                DEFW    F_ATTRIB_H
 170  9C85 26 A9                DEFW    DRV_DPB_H
 171  9C87 2D A9                DEFW    F_USERNUM_H
 172  9C89 41 A9                DEFW    F_READRAND_H
 173  9C8B 47 A9                DEFW    F_WRITERAND_H
 174  9C8D 4D A9                DEFW    F_SIZE_H
 175  9C8F 0E A8                DEFW    F_RANDREC_H
 176  9C91 53 A9                DEFW    DRV_RESET_H
 177  9C93 04 9F                DEFW    $9F04
 178  9C95 04 9F                DEFW    $9F04
 179  9C97 9B A9                DEFW    F_WRITEZF_H
 180  9C99 21 CA                DEFW    $CA21
 181  9C9B 9C CD                DEFW    $CD9C
 182  9C9D E5 9C                DEFW    BDOS_ERR_PRINT
 183  9C9F FE 03                DEFW    $03FE
 184  9CA1 CA 00                DEFW    $00CA
 185  9CA3 00 C9                DEFW    $C900
 186  9CA5 21 D5                DEFW    $D521
 187  9CA7 9C C3                DEFW    $C39C
 188  9CA9 B4 9C 21 E1          DEFB    $B4,$9C,$21,$E1,$9C,$C3,$B4,$9C,$21,$DC,$9C,$CD,$E5,$9C,$C3,$00
 188  9CAD 9C C3 B4 9C
 188  9CB1 21 DC 9C CD
 188  9CB5 E5 9C C3 00
 189  9CB9 00                   DEFB    "\0"
 190  9CBA              ; ----------------------------------------------------------------------
 191  9CBA              ; BDOS_ERR_MSG_HEAD -- '$'-terminated head of the BDOS error banner: 'Bdos Err On '.
 192  9CBA              ;   [RE] Printed by BDOS_ERR_PRINT; the drive letter is patched into the byte that follows.
 193  9CBA              ; ----------------------------------------------------------------------
 194  9CBA              BDOS_ERR_MSG_HEAD:
 195  9CBA 42 64 6F 73          DEFB    "Bdos Err On "           ; string
 195  9CBE 20 45 72 72
 195  9CC2 20 4F 6E 20
 196  9CC6              ; ----------------------------------------------------------------------
 197  9CC6              ; BDOS_ERR_MSG_DRIVE -- drive-letter slot plus the four '$'-delimited error reasons.
 198  9CC6              ;   Layout: 1 patched drive-letter byte, then ' : $', 'Bad Sector$', 'Select$', 'File R/O$'.
 199  9CC6              ;   [RE] BDOS_ERR_PRINT overwrites the first byte with 'A'+drive, then prints from here; the
 200  9CC6              ;   selected
 201  9CC6              ;        reason string (at +4 / +15 / +22) is pointed to by HL on entry to the trap.
 202  9CC6              ; ----------------------------------------------------------------------
 203  9CC6              BDOS_ERR_MSG_DRIVE:
 204  9CC6 20 3A 20 24          DEFB    " : $Bad Sector$Select$File R/O$" ; string
 204  9CCA 42 61 64 20
 204  9CCE 53 65 63 74
 204  9CD2 6F 72 24 53
 204  9CD6 65 6C 65 63
 204  9CDA 74 24 46 69
 204  9CDE 6C 65 20 52
 204  9CE2 2F 4F 24
 205  9CE5              ; ----------------------------------------------------------------------
 206  9CE5              ; BDOS_ERR_PRINT -- print the 'Bdos Err On d: <reason>' banner to the console.
 207  9CE5              ;   In: HL = pointer to the trailing reason string ('$'-terminated); BDOS_CUR_DRIVE = drive index.
 208  9CE5              ;   Out: banner echoed via the console-output path; the entry HL is consumed (PUSH/POP).
 209  9CE5              ;   Clobbers: AF, BC, HL.
 210  9CE5              ;   Algorithm: save the reason pointer (PUSH HL); print CR/LF (CON_CRLF); form drive letter
 211  9CE5              ;              'A'+BDOS_CUR_DRIVE and patch it into BDOS_ERR_MSG_DRIVE; print the fixed head via BC;
 212  9CE5              ;              then POP the reason pointer into BC and print it, each through CON_PRINT_STR.
 213  9CE5              ;   [RE] Standard CP/M 2.2 BDOS error reporter.
 214  9CE5              ; ----------------------------------------------------------------------
 215  9CE5              BDOS_ERR_PRINT:
 216  9CE5 E5                   PUSH HL
 217  9CE6 CD C9 9D             CALL CON_CRLF
 218  9CE9                      ; Current drive index (0=A) from BDOS_CUR_DRIVE
 219  9CE9 3A 42 9F             LD A,(BDOS_CUR_DRIVE)
 220  9CEC                      ; Convert drive index to a letter 'A'+n
 221  9CEC C6 41                ADD A,$41
 222  9CEE 32 C6 9C             LD (BDOS_ERR_MSG_DRIVE),A
 223  9CF1                      ; Point BC at the fixed head 'Bdos Err On '
 224  9CF1 01 BA 9C             LD BC,BDOS_ERR_MSG_HEAD
 225  9CF4 CD D3 9D             CALL CON_PRINT_STR
 226  9CF7 C1                   POP BC
 227  9CF8 CD D3 9D             CALL CON_PRINT_STR
 228  9CFB              ; ----------------------------------------------------------------------
 229  9CFB              ; CON_GETC_OR_RAW -- return the 1-char type-ahead if present, else read raw console input.
 230  9CFB              ;   In: CON_PENDING_CHAR = pending look-ahead char (0 if none).
 231  9CFB              ;   Out: A = next console character; CON_PENDING_CHAR cleared if it supplied the byte.
 232  9CFB              ;   Clobbers: AF, HL.
 233  9CFB              ;   Algorithm: if CON_PENDING_CHAR nonzero, consume and return it; otherwise call the BIOS
 234  9CFB              ;              console-input vector ($FA09, the 2.23 BIOS variable page) for a fresh key.
 235  9CFB              ;   [RE] Single-byte console un-get buffer used by the line editor and CONIN.
 236  9CFB              ; ----------------------------------------------------------------------
 237  9CFB              CON_GETC_OR_RAW:
 238  9CFB 21 0E 9F             LD HL,CON_PENDING_CHAR
 239  9CFE 7E                   LD A,(HL)
 240  9CFF 36 00                LD (HL),$00
 241  9D01 B7                   OR A
 242  9D02 C0                   RET NZ
 243  9D03                      ; BIOS CONIN vector (2.23 BIOS variable page $FA00 = Apple low RAM $0A00)
 244  9D03 C3 09 FA             JP $FA09
 245  9D06              ; ----------------------------------------------------------------------
 246  9D06              ; F_CONIN_RAW -- read one console char, echoing it unless it is a control char.
 247  9D06              ;   In: none.  Out: A = character read (7-bit not masked here).  Clobbers: AF, BC, HL.
 248  9D06              ;   Algorithm: fetch a char (CON_GETC_OR_RAW); if it is a handled control (IS_CTRL_CHAR sets carry)
 249  9D06              ;              skip echo; otherwise echo via F_CONOUT_H, preserving the char.
 250  9D06              ;   [RE] Backs BDOS function 1 (Console Input with echo).
 251  9D06              ; ----------------------------------------------------------------------
 252  9D06              F_CONIN_RAW:
 253  9D06 CD FB 9C             CALL CON_GETC_OR_RAW
 254  9D09 CD 14 9D             CALL IS_CTRL_CHAR
 255  9D0C D8                   RET C
 256  9D0D F5                   PUSH AF
 257  9D0E 4F                   LD C,A
 258  9D0F CD 90 9D             CALL F_CONOUT_H
 259  9D12 F1                   POP AF
 260  9D13 C9                   RET
 261  9D14              ; ----------------------------------------------------------------------
 262  9D14              ; IS_CTRL_CHAR -- classify a char as a special/control code for echo suppression.
 263  9D14              ;   In: A = character.
 264  9D14              ;   Out: Z set if A is CR/LF/TAB/BS; CARRY reflects A<' ' from the final CP $20 (carry set => below
 265  9D14              ;        space, i.e. an unhandled control char).
 266  9D14              ;   Clobbers: AF.
 267  9D14              ;   Algorithm: compare A against CR(0D), LF(0A), TAB(09), BS(08) returning Z on a hit; else fall
 268  9D14              ;              through to CP ' ' so carry tells printable-vs-control. [RE]
 269  9D14              ; ----------------------------------------------------------------------
 270  9D14              IS_CTRL_CHAR:
 271  9D14 FE 0D                CP $0D
 272  9D16 C8                   RET Z
 273  9D17 FE 0A                CP $0A
 274  9D19 C8                   RET Z
 275  9D1A FE 09                CP $09
 276  9D1C C8                   RET Z
 277  9D1D FE 08                CP $08
 278  9D1F C8                   RET Z
 279  9D20 FE 20                CP $20
 280  9D22 C9                   RET
 281  9D23              ; ----------------------------------------------------------------------
 282  9D23              ; CON_POLL_STATUS -- console-status poll that also traps Ctrl-S/Ctrl-C while idle.
 283  9D23              ;   In: CON_PENDING_CHAR = type-ahead char (nonzero => a key is already pending).
 284  9D23              ;   Out: A = 1 if a character is ready, 0 if not.
 285  9D23              ;   Clobbers: AF.
 286  9D23              ;   Algorithm: if a char is already buffered, report ready; else ask the BIOS console status vector
 287  9D23              ;              ($FA06). If a key is down, peek it ($FA09): Ctrl-S (13h) stalls (then Ctrl-C
 288  9D23              ;              warm-boots
 289  9D23              ;              via JP 0); any other key is stashed in CON_PENDING_CHAR and reported ready.
 290  9D23              ;   [RE] Backs the BDOS console-status / flow-control behaviour.
 291  9D23              ; ----------------------------------------------------------------------
 292  9D23              CON_POLL_STATUS:
 293  9D23 3A 0E 9F             LD A,(CON_PENDING_CHAR)
 294  9D26 B7                   OR A
 295  9D27 C2 45 9D             JP NZ,CON_STATUS_READY
 296  9D2A                      ; BIOS console-status vector ($FA00 BIOS variable page = Apple $0A00)
 297  9D2A CD 06 FA             CALL $FA06
 298  9D2D E6 01                AND $01
 299  9D2F C8                   RET Z
 300  9D30                      ; Peek the pending key via the BIOS CONIN vector
 301  9D30 CD 09 FA             CALL $FA09
 302  9D33 FE 13                CP $13
 303  9D35 C2 42 9D             JP NZ,CON_POLL_STASH
 304  9D38                      ; After Ctrl-S, read the resume/abort key (Ctrl-C warm-boots)
 305  9D38 CD 09 FA             CALL $FA09
 306  9D3B FE 03                CP $03
 307  9D3D CA 00 00             JP Z,$0000
 308  9D40 AF                   XOR A
 309  9D41 C9                   RET
 310  9D42              ; ----------------------------------------------------------------------
 311  9D42              ; CON_POLL_STASH -- stash the just-read key as type-ahead and report 'ready'.
 312  9D42              ;   In: A = key character to hold.  Out: A = 1 (ready).  Clobbers: none beyond A.
 313  9D42              ;   Algorithm: store A into CON_PENDING_CHAR, then fall into the A:=1 tail (CON_STATUS_READY). [RE]
 314  9D42              ; ----------------------------------------------------------------------
 315  9D42              CON_POLL_STASH:
 316  9D42 32 0E 9F             LD (CON_PENDING_CHAR),A
 317  9D45              ; ----------------------------------------------------------------------
 318  9D45              ; CON_STATUS_READY -- return A=1, the 'character is ready' status result.
 319  9D45              ;   In: none.  Out: A=1.  Clobbers: A.  [RE] Shared tail of CON_POLL_STATUS.
 320  9D45              ; ----------------------------------------------------------------------
 321  9D45              CON_STATUS_READY:
 322  9D45 3E 01                LD A,$01
 323  9D47 C9                   RET
 324  9D48              ; ----------------------------------------------------------------------
 325  9D48              ; CON_PUT_COL -- output one char to the console, tracking column and honouring Ctrl-S.
 326  9D48              ;   In: C = character to print.
 327  9D48              ;   Out: char sent to console (and to the list device if echo flag set); CON_COL updated for
 328  9D48              ;        printables; BS/LF adjust it.
 329  9D48              ;   Clobbers: AF, HL (BC preserved across the BIOS calls).
 330  9D48              ;   Algorithm: unless the redisplay-suppress flag (CON_SAVED_COL) is set, poll for Ctrl-S/Ctrl-C
 331  9D48              ;              then
 332  9D48              ;              send C to the BIOS conout vector ($FA0C) and, if CON_LIST_ECHO is set, to the list
 333  9D48              ;              vector ($FA0F). Then update the column: DEL(7F) leaves it; printable >=' '
 334  9D48              ;              increments;
 335  9D48              ;              BS decrements; LF zeroes it. [RE] Core char output + column bookkeeping.
 336  9D48              ; ----------------------------------------------------------------------
 337  9D48              CON_PUT_COL:
 338  9D48 3A 0A 9F             LD A,(CON_SAVED_COL)
 339  9D4B B7                   OR A
 340  9D4C C2 62 9D             JP NZ,CON_TRACK_COL
 341  9D4F C5                   PUSH BC
 342  9D50 CD 23 9D             CALL CON_POLL_STATUS
 343  9D53 C1                   POP BC
 344  9D54 C5                   PUSH BC
 345  9D55                      ; BIOS console-output vector ($FA00 BIOS variable page)
 346  9D55 CD 0C FA             CALL $FA0C
 347  9D58 C1                   POP BC
 348  9D59 C5                   PUSH BC
 349  9D5A 3A 0D 9F             LD A,(CON_LIST_ECHO)
 350  9D5D B7                   OR A
 351  9D5E                      ; BIOS list-output vector when printer echo (CON_LIST_ECHO) is set
 352  9D5E C4 0F FA             CALL NZ,$FA0F
 353  9D61 C1                   POP BC
 354  9D62              ; ----------------------------------------------------------------------
 355  9D62              ; CON_TRACK_COL -- update the output column counter for the char just sent.
 356  9D62              ;   In: C = the char emitted; CON_COL = current column.
 357  9D62              ;   Out: CON_COL adjusted (DEL no-op, printable +1, BS -1 if nonzero, LF -> 0).
 358  9D62              ;   Clobbers: AF, HL.
 359  9D62              ;   Algorithm: DEL(7F) -> return; >=' ' -> increment; control chars -> if column already 0 return;
 360  9D62              ;              BS(08) -> decrement; LF(0A) -> zero the column. [RE]
 361  9D62              ; ----------------------------------------------------------------------
 362  9D62              CON_TRACK_COL:
 363  9D62 79                   LD A,C
 364  9D63 21 0C 9F             LD HL,CON_COL
 365  9D66 FE 7F                CP $7F
 366  9D68 C8                   RET Z
 367  9D69 34                   INC (HL)
 368  9D6A FE 20                CP $20
 369  9D6C D0                   RET NC
 370  9D6D 35                   DEC (HL)
 371  9D6E 7E                   LD A,(HL)
 372  9D6F B7                   OR A
 373  9D70 C8                   RET Z
 374  9D71 79                   LD A,C
 375  9D72 FE 08                CP $08
 376  9D74 C2 79 9D             JP NZ,CON_TRACK_COL_LF
 377  9D77 35                   DEC (HL)
 378  9D78 C9                   RET
 379  9D79              ; ----------------------------------------------------------------------
 380  9D79              ; CON_TRACK_COL_LF -- handle the line-feed case of column tracking.
 381  9D79              ;   In: A = the control char; HL -> column cell.  Out: column zeroed if A was LF; else unchanged.
 382  9D79              ;   Clobbers: AF.  [RE] LF tail of CON_TRACK_COL.
 383  9D79              ; ----------------------------------------------------------------------
 384  9D79              CON_TRACK_COL_LF:
 385  9D79 FE 0A                CP $0A
 386  9D7B C0                   RET NZ
 387  9D7C 36 00                LD (HL),$00
 388  9D7E C9                   RET
 389  9D7F              ; ----------------------------------------------------------------------
 390  9D7F              ; CON_PUT_VISIBLE -- output a char, expanding non-tab control codes as '^X'.
 391  9D7F              ;   In: C = character.  Out: char(s) sent via CON_PUT_COL; TAB handled by F_CONOUT_H expansion.
 392  9D7F              ;   Clobbers: AF.
 393  9D7F              ;   Algorithm: if the char is a handled control (IS_CTRL_CHAR, carry clear) print it normally
 394  9D7F              ;              through
 395  9D7F              ;              F_CONOUT_H; otherwise emit '^' then the char OR'd with 40h, so e.g. Ctrl-A shows as
 396  9D7F              ;              '^A'.
 397  9D7F              ;   [RE] Visible-control echo used by the line editor's buffer redisplay.
 398  9D7F              ; ----------------------------------------------------------------------
 399  9D7F              CON_PUT_VISIBLE:
 400  9D7F 79                   LD A,C
 401  9D80 CD 14 9D             CALL IS_CTRL_CHAR
 402  9D83 D2 90 9D             JP NC,F_CONOUT_H
 403  9D86 F5                   PUSH AF
 404  9D87 0E 5E                LD C,$5E
 405  9D89 CD 48 9D             CALL CON_PUT_COL
 406  9D8C F1                   POP AF
 407  9D8D F6 40                OR $40
 408  9D8F 4F                   LD C,A
 409  9D90              ; ----------------------------------------------------------------------
 410  9D90              ; F_CONOUT_H -- BDOS console-output handler (function 2) with tab expansion.
 411  9D90              ;   In: C = character to print.  Out: character emitted; TAB expands to spaces to the next 8-column
 412  9D90              ;       stop.
 413  9D90              ;   Clobbers: AF.
 414  9D90              ;   Algorithm: if C != TAB(09) just print it via CON_PUT_COL; if TAB, emit spaces through
 415  9D90              ;              CON_PUT_COL
 416  9D90              ;              until CON_COL is a multiple of 8. [RE] BDOS function 2 (Console Output).
 417  9D90              ; ----------------------------------------------------------------------
 418  9D90              F_CONOUT_H:
 419  9D90 79                   LD A,C
 420  9D91 FE 09                CP $09
 421  9D93 C2 48 9D             JP NZ,CON_PUT_COL
 422  9D96              ; ----------------------------------------------------------------------
 423  9D96              ; CONOUT_TAB_FILL -- emit spaces until the column reaches the next 8-stop (tab expand).
 424  9D96              ;   In: CON_COL = current column.  Out: spaces printed until (column & 7)==0.  Clobbers: AF, C.
 425  9D96              ;   Algorithm: output a space via CON_PUT_COL, re-read the column, loop while low 3 bits are
 426  9D96              ;              nonzero.
 427  9D96              ;   [RE] Tab-expansion loop of F_CONOUT_H.
 428  9D96              ; ----------------------------------------------------------------------
 429  9D96              CONOUT_TAB_FILL:
 430  9D96 0E 20                LD C,$20
 431  9D98 CD 48 9D             CALL CON_PUT_COL
 432  9D9B 3A 0C 9F             LD A,(CON_COL)
 433  9D9E E6 07                AND $07
 434  9DA0 C2 96 9D             JP NZ,CONOUT_TAB_FILL
 435  9DA3 C9                   RET
 436  9DA4              ; ----------------------------------------------------------------------
 437  9DA4              ; CON_BACKSPACE -- erase the last echoed character (BS, space, BS).
 438  9DA4              ;   In: none.  Out: cursor moved left one cell, char blanked on screen.  Clobbers: AF, C.
 439  9DA4              ;   Algorithm: emit BS (via CON_BS_OUT), then space, then BS again through the BIOS conout vector
 440  9DA4              ;              ($FA0C) so the previous glyph is overwritten with a blank. [RE]
 441  9DA4              ; ----------------------------------------------------------------------
 442  9DA4              CON_BACKSPACE:
 443  9DA4 CD AC 9D             CALL CON_BS_OUT
 444  9DA7 0E 20                LD C,$20
 445  9DA9                      ; BIOS conout vector: print the blanking space ($FA00 BIOS variable page)
 446  9DA9 CD 0C FA             CALL $FA0C
 447  9DAC              ; ----------------------------------------------------------------------
 448  9DAC              ; CON_BS_OUT -- send a single backspace (08) to the console.
 449  9DAC              ;   In: none.  Out: BS emitted via the BIOS conout vector ($FA0C).  Clobbers: C.
 450  9DAC              ;   [RE] Tail-call helper; also used as the leading BS of CON_BACKSPACE.
 451  9DAC              ; ----------------------------------------------------------------------
 452  9DAC              CON_BS_OUT:
 453  9DAC 0E 08                LD C,$08
 454  9DAE                      ; BIOS conout vector (tail call), $FA00 BIOS variable page
 455  9DAE C3 0C FA             JP $FA0C
 456  9DB1              ; ----------------------------------------------------------------------
 457  9DB1              ; CON_RETYPE_LINE -- echo '#' + CR/LF and reprint the current edit buffer (Ctrl-R / Ctrl-U).
 458  9DB1              ;   In: CON_COL = total chars in the line; the edit buffer follows BDOS_PARAM_PTR's pointer.
 459  9DB1              ;   Out: a fresh copy of the typed line shown on a new line.  Clobbers: AF, C, HL.
 460  9DB1              ;   Algorithm: print '#', CR/LF (CON_CRLF), then loop re-emitting characters with CON_PUT_COL until
 461  9DB1              ;              the echoed count CON_LINE_START_COL reaches CON_COL. [RE]
 462  9DB1              ; ----------------------------------------------------------------------
 463  9DB1              CON_RETYPE_LINE:
 464  9DB1 0E 23                LD C,$23
 465  9DB3 CD 48 9D             CALL CON_PUT_COL
 466  9DB6 CD C9 9D             CALL CON_CRLF
 467  9DB9              ; ----------------------------------------------------------------------
 468  9DB9              ; CON_RETYPE_LOOP -- reprint buffered characters until the column matches the count.
 469  9DB9              ;   In: CON_LINE_START_COL = chars already re-echoed; CON_COL = target count.
 470  9DB9              ;   Out: remaining buffered chars emitted as spaces (placeholder re-echo).  Clobbers: AF, C, HL.
 471  9DB9              ;   Algorithm: while CON_COL >= the running CON_LINE_START_COL counter is false, emit a space via
 472  9DB9              ;              CON_PUT_COL and loop. [RE] Re-echo loop of CON_RETYPE_LINE.
 473  9DB9              ;   [?] The compared cells are the editor's column vs echoed-count; exact pairing UNKNOWN beyond
 474  9DB9              ;       'advance until equal'.
 475  9DB9              ; ----------------------------------------------------------------------
 476  9DB9              CON_RETYPE_LOOP:
 477  9DB9 3A 0C 9F             LD A,(CON_COL)
 478  9DBC 21 0B 9F             LD HL,CON_LINE_START_COL
 479  9DBF BE                   CP (HL)
 480  9DC0 D0                   RET NC
 481  9DC1 0E 20                LD C,$20
 482  9DC3 CD 48 9D             CALL CON_PUT_COL
 483  9DC6 C3 B9 9D             JP CON_RETYPE_LOOP
 484  9DC9              ; ----------------------------------------------------------------------
 485  9DC9              ; CON_CRLF -- output a carriage-return / line-feed pair to the console.
 486  9DC9              ;   In: none.  Out: CR then LF emitted; column reset by the LF.  Clobbers: AF, C.
 487  9DC9              ;   Algorithm: CON_PUT_COL with CR(0D), then tail-call CON_PUT_COL with LF(0A). [RE]
 488  9DC9              ; ----------------------------------------------------------------------
 489  9DC9              CON_CRLF:
 490  9DC9 0E 0D                LD C,$0D
 491  9DCB CD 48 9D             CALL CON_PUT_COL
 492  9DCE 0E 0A                LD C,$0A
 493  9DD0 C3 48 9D             JP CON_PUT_COL
 494  9DD3              ; ----------------------------------------------------------------------
 495  9DD3              ; CON_PRINT_STR -- print a '$'-terminated string to the console.
 496  9DD3              ;   In: BC = pointer to the string; terminated by '$' (24h).
 497  9DD3              ;   Out: each char emitted via F_CONOUT_H until '$' is reached.  Clobbers: AF, BC, C.
 498  9DD3              ;   Algorithm: load (BC); if '$' return; else advance BC, output the char through F_CONOUT_H
 499  9DD3              ;              (preserving BC), and loop. [RE] Backs BDOS function 9 and the error printer.
 500  9DD3              ; ----------------------------------------------------------------------
 501  9DD3              CON_PRINT_STR:
 502  9DD3 0A                   LD A,(BC)
 503  9DD4 FE 24                CP $24
 504  9DD6 C8                   RET Z
 505  9DD7 03                   INC BC
 506  9DD8 C5                   PUSH BC
 507  9DD9 4F                   LD C,A
 508  9DDA CD 90 9D             CALL F_CONOUT_H
 509  9DDD C1                   POP BC
 510  9DDE C3 D3 9D             JP CON_PRINT_STR
 511  9DE1              ; ----------------------------------------------------------------------
 512  9DE1              ; F_READCONBUF_H -- BDOS buffered console line input (function 10) with editing.
 513  9DE1              ;   In: BDOS_PARAM_PTR -> the read buffer (byte0 = max length, byte1 = returned count, data...).
 514  9DE1              ;   Out: the buffer filled with the edited line; byte1 set to the char count.  Clobbers: AF, BC, DE,
 515  9DE1              ;        HL.
 516  9DE1              ;   Algorithm: seed the echoed-count from the current column; read chars one at a time
 517  9DE1              ;              (CON_GETC_OR_RAW, masked to 7 bits) and dispatch the editing controls: CR/LF
 518  9DE1              ;              terminate;
 519  9DE1              ;              BS/DEL delete; Ctrl-E new line; Ctrl-P printer toggle; Ctrl-X erase line; Ctrl-U
 520  9DE1              ;              abandon
 521  9DE1              ;              (#); Ctrl-R retype; other chars stored. Terminates by writing the count and CR.
 522  9DE1              ;   [RE] Classic CP/M 2.2 line editor (Read Console Buffer).
 523  9DE1              ; ----------------------------------------------------------------------
 524  9DE1              F_READCONBUF_H:
 525  9DE1 3A 0C 9F             LD A,(CON_COL)
 526  9DE4 32 0B 9F             LD (CON_LINE_START_COL),A
 527  9DE7 2A 43 9F             LD HL,(BDOS_PARAM_PTR)
 528  9DEA 4E                   LD C,(HL)
 529  9DEB 23                   INC HL
 530  9DEC E5                   PUSH HL
 531  9DED 06 00                LD B,$00
 532  9DEF              ; ----------------------------------------------------------------------
 533  9DEF              ; READBUF_NEXT -- top of the line-editor read loop: save state and fetch a char.
 534  9DEF              ;   In: B = count so far, HL -> buffer position.
 535  9DEF              ;   Out: falls into READBUF_GETC with BC/HL preserved on the stack.  Clobbers: stack.
 536  9DEF              ;   [RE] Per-keystroke loop head of F_READCONBUF_H.
 537  9DEF              ; ----------------------------------------------------------------------
 538  9DEF              READBUF_NEXT:
 539  9DEF C5                   PUSH BC
 540  9DF0 E5                   PUSH HL
 541  9DF1              ; ----------------------------------------------------------------------
 542  9DF1              ; READBUF_GETC -- read and classify the next edit character.
 543  9DF1              ;   In: stacked BC/HL = saved count and buffer pointer.
 544  9DF1              ;   Out: A = 7-bit char; control codes dispatched to the appropriate editor handler.  Clobbers: AF,
 545  9DF1              ;        BC, HL.
 546  9DF1              ;   Algorithm: CON_GETC_OR_RAW, mask to 7 bits, restore BC/HL, then chain CP/JP tests: CR/LF ->
 547  9DF1              ;              finish;
 548  9DF1              ;              BS -> delete; remaining tests fall through to the DEL/control handlers.
 549  9DF1              ;   [RE] Keystroke dispatcher inside F_READCONBUF_H.
 550  9DF1              ; ----------------------------------------------------------------------
 551  9DF1              READBUF_GETC:
 552  9DF1 CD FB 9C             CALL CON_GETC_OR_RAW
 553  9DF4 E6 7F                AND $7F
 554  9DF6 E1                   POP HL
 555  9DF7 C1                   POP BC
 556  9DF8 FE 0D                CP $0D
 557  9DFA CA C1 9E             JP Z,READBUF_DONE
 558  9DFD FE 0A                CP $0A
 559  9DFF CA C1 9E             JP Z,READBUF_DONE
 560  9E02 FE 08                CP $08
 561  9E04 C2 16 9E             JP NZ,READBUF_DEL
 562  9E07 78                   LD A,B
 563  9E08 B7                   OR A
 564  9E09 CA EF 9D             JP Z,READBUF_NEXT
 565  9E0C 05                   DEC B
 566  9E0D 3A 0C 9F             LD A,(CON_COL)
 567  9E10 32 0A 9F             LD (CON_SAVED_COL),A
 568  9E13 C3 70 9E             JP READBUF_REDISPLAY
 569  9E16              ; ----------------------------------------------------------------------
 570  9E16              ; READBUF_DEL -- handle DEL (7F) as a destructive rubout of the previous char.
 571  9E16              ;   In: A = char (7F), B = count, HL -> buffer position.
 572  9E16              ;   Out: if buffer nonempty, last char fetched for re-echo and pointer/count backed up; empty buffer
 573  9E16              ;        just re-loops.  Clobbers: AF, B, HL.  [RE] DELETE key path of the line editor.
 574  9E16              ; ----------------------------------------------------------------------
 575  9E16              READBUF_DEL:
 576  9E16 FE 7F                CP $7F
 577  9E18 C2 26 9E             JP NZ,READBUF_CTRL_E
 578  9E1B 78                   LD A,B
 579  9E1C B7                   OR A
 580  9E1D CA EF 9D             JP Z,READBUF_NEXT
 581  9E20 7E                   LD A,(HL)
 582  9E21 05                   DEC B
 583  9E22 2B                   DEC HL
 584  9E23 C3 A9 9E             JP READBUF_STORE_ECHO
 585  9E26              ; ----------------------------------------------------------------------
 586  9E26              ; READBUF_CTRL_E -- handle Ctrl-E (05): physical CR/LF without ending the line.
 587  9E26              ;   In: A = char, BC/HL = editor state.  Out: cursor moved to a new line, echoed-count reset;
 588  9E26              ;       editing continues.
 589  9E26              ;   Clobbers: AF.
 590  9E26              ;   Algorithm: on Ctrl-E print CR/LF (CON_CRLF), zero CON_LINE_START_COL, and resume reading;
 591  9E26              ;              otherwise
 592  9E26              ;              fall through to the next control test. [RE]
 593  9E26              ; ----------------------------------------------------------------------
 594  9E26              READBUF_CTRL_E:
 595  9E26 FE 05                CP $05
 596  9E28 C2 37 9E             JP NZ,READBUF_CTRL_P
 597  9E2B C5                   PUSH BC
 598  9E2C E5                   PUSH HL
 599  9E2D CD C9 9D             CALL CON_CRLF
 600  9E30 AF                   XOR A
 601  9E31 32 0B 9F             LD (CON_LINE_START_COL),A
 602  9E34 C3 F1 9D             JP READBUF_GETC
 603  9E37              ; ----------------------------------------------------------------------
 604  9E37              ; READBUF_CTRL_P -- handle Ctrl-P (10): toggle the printer (list-device) echo flag.
 605  9E37              ;   In: A = char.  Out: CON_LIST_ECHO flipped between 0 and 1; editing continues.  Clobbers: AF, HL.
 606  9E37              ;   Algorithm: on Ctrl-P compute 1 - CON_LIST_ECHO to toggle the printer-echo flag, then loop;
 607  9E37              ;              otherwise
 608  9E37              ;              fall through to the Ctrl-X test. [RE]
 609  9E37              ; ----------------------------------------------------------------------
 610  9E37              READBUF_CTRL_P:
 611  9E37 FE 10                CP $10
 612  9E39 C2 48 9E             JP NZ,READBUF_CTRL_X
 613  9E3C E5                   PUSH HL
 614  9E3D 21 0D 9F             LD HL,CON_LIST_ECHO
 615  9E40 3E 01                LD A,$01
 616  9E42 96                   SUB (HL)
 617  9E43 77                   LD (HL),A
 618  9E44 E1                   POP HL
 619  9E45 C3 EF 9D             JP READBUF_NEXT
 620  9E48              ; ----------------------------------------------------------------------
 621  9E48              ; READBUF_CTRL_X -- handle Ctrl-X (18): erase the whole input line.
 622  9E48              ;   In: A = char; CON_COL = column; CON_LINE_START_COL = start column.
 623  9E48              ;   Out: all echoed chars backspaced away and the buffer emptied; editing restarts.  Clobbers: AF,
 624  9E48              ;        HL.
 625  9E48              ;   Algorithm: on Ctrl-X loop CON_BACKSPACE while the column exceeds the line-start, then restart
 626  9E48              ;              the
 627  9E48              ;              read with an empty buffer; else fall to the Ctrl-U test. [RE]
 628  9E48              ; ----------------------------------------------------------------------
 629  9E48              READBUF_CTRL_X:
 630  9E48 FE 18                CP $18
 631  9E4A C2 5F 9E             JP NZ,READBUF_CTRL_U
 632  9E4D E1                   POP HL
 633  9E4E              ; ----------------------------------------------------------------------
 634  9E4E              ; READBUF_ERASE_LOOP -- backspace-erase characters back to the line start.
 635  9E4E              ;   In: CON_LINE_START_COL = start column, CON_COL = current column.
 636  9E4E              ;   Out: console column reduced to the start; chars visually erased.  Clobbers: AF, HL.
 637  9E4E              ;   Algorithm: while current column > start column, decrement it and CON_BACKSPACE. [RE]
 638  9E4E              ; ----------------------------------------------------------------------
 639  9E4E              READBUF_ERASE_LOOP:
 640  9E4E 3A 0B 9F             LD A,(CON_LINE_START_COL)
 641  9E51 21 0C 9F             LD HL,CON_COL
 642  9E54 BE                   CP (HL)
 643  9E55 D2 E1 9D             JP NC,F_READCONBUF_H
 644  9E58 35                   DEC (HL)
 645  9E59 CD A4 9D             CALL CON_BACKSPACE
 646  9E5C C3 4E 9E             JP READBUF_ERASE_LOOP
 647  9E5F              ; ----------------------------------------------------------------------
 648  9E5F              ; READBUF_CTRL_U -- handle Ctrl-U (15): abandon the line, show '#', restart.
 649  9E5F              ;   In: A = char.  Out: '#' printed, fresh line started, buffer reset.  Clobbers: AF, HL.
 650  9E5F              ;   Algorithm: on Ctrl-U mark the abandoned line (CON_RETYPE_LINE prints '#'+CRLF) and restart the
 651  9E5F              ;              read;
 652  9E5F              ;              otherwise fall to the Ctrl-R test. [RE]
 653  9E5F              ; ----------------------------------------------------------------------
 654  9E5F              READBUF_CTRL_U:
 655  9E5F FE 15                CP $15
 656  9E61 C2 6B 9E             JP NZ,READBUF_CTRL_R
 657  9E64 CD B1 9D             CALL CON_RETYPE_LINE
 658  9E67 E1                   POP HL
 659  9E68 C3 E1 9D             JP F_READCONBUF_H
 660  9E6B              ; ----------------------------------------------------------------------
 661  9E6B              ; READBUF_CTRL_R -- handle Ctrl-R (12): retype the current line, else store the char.
 662  9E6B              ;   In: A = char, B = count, HL -> buffer.
 663  9E6B              ;   Out: Ctrl-R reprints the buffer; any other char falls into the store path.  Clobbers: AF.
 664  9E6B              ;   Algorithm: if char != Ctrl-R, jump to the store path (READBUF_STORE); on Ctrl-R fall into the
 665  9E6B              ;              retype-and-redisplay sequence. [RE]
 666  9E6B              ; ----------------------------------------------------------------------
 667  9E6B              READBUF_CTRL_R:
 668  9E6B FE 12                CP $12
 669  9E6D C2 A6 9E             JP NZ,READBUF_STORE
 670  9E70              ; ----------------------------------------------------------------------
 671  9E70              ; READBUF_REDISPLAY -- reprint the buffered line after a retype/delete.
 672  9E70              ;   In: B = char count; buffer on stack (HL).
 673  9E70              ;   Out: '#'/CRLF emitted then each buffered char re-echoed via CON_PUT_VISIBLE.  Clobbers: AF, BC,
 674  9E70              ;        HL.
 675  9E70              ;   Algorithm: CON_RETYPE_LINE for the marker, then walk the buffer re-echoing each stored char with
 676  9E70              ;              CON_PUT_VISIBLE (so controls show as '^X'). [RE] Used by Ctrl-R and after a
 677  9E70              ;              backspace.
 678  9E70              ; ----------------------------------------------------------------------
 679  9E70              READBUF_REDISPLAY:
 680  9E70 C5                   PUSH BC
 681  9E71 CD B1 9D             CALL CON_RETYPE_LINE
 682  9E74 C1                   POP BC
 683  9E75 E1                   POP HL
 684  9E76 E5                   PUSH HL
 685  9E77 C5                   PUSH BC
 686  9E78              ; ----------------------------------------------------------------------
 687  9E78              ; READBUF_REDISPLAY_LOOP -- re-echo each buffered character.
 688  9E78              ;   In: B = remaining count, HL -> buffer position.
 689  9E78              ;   Out: every buffered char emitted via CON_PUT_VISIBLE.  Clobbers: AF, BC, C, HL.
 690  9E78              ;   Algorithm: while B != 0, advance HL, load the char, CON_PUT_VISIBLE it, decrement B; on
 691  9E78              ;              exhaustion
 692  9E78              ;              fall into the post-redisplay column fixup (READBUF_REPOS). [RE]
 693  9E78              ; ----------------------------------------------------------------------
 694  9E78              READBUF_REDISPLAY_LOOP:
 695  9E78 78                   LD A,B
 696  9E79 B7                   OR A
 697  9E7A CA 8A 9E             JP Z,READBUF_REPOS
 698  9E7D 23                   INC HL
 699  9E7E 4E                   LD C,(HL)
 700  9E7F 05                   DEC B
 701  9E80 C5                   PUSH BC
 702  9E81 E5                   PUSH HL
 703  9E82 CD 7F 9D             CALL CON_PUT_VISIBLE
 704  9E85 E1                   POP HL
 705  9E86 C1                   POP BC
 706  9E87 C3 78 9E             JP READBUF_REDISPLAY_LOOP
 707  9E8A              ; ----------------------------------------------------------------------
 708  9E8A              ; READBUF_REPOS -- after redisplay, backspace the cursor to the edit position.
 709  9E8A              ;   In: CON_SAVED_COL = saved column to restore to, CON_COL = current column.
 710  9E8A              ;   Out: cursor moved back so further typing continues at the right spot.  Clobbers: AF, HL.
 711  9E8A              ;   Algorithm: if no saved position (CON_SAVED_COL==0) resume reading; else compute how far past the
 712  9E8A              ;              target the cursor is (CON_SAVED_COL := saved - column) and fall into
 713  9E8A              ;              READBUF_REPOS_LOOP.
 714  9E8A              ;   [RE] Cursor-reposition step after a Ctrl-R / delete redisplay.
 715  9E8A              ;   [?] Any stale auto-name prefix is a skew artifact -- this is console line-editor code, NOT
 716  9E8A              ;       directory traversal.
 717  9E8A              ; ----------------------------------------------------------------------
 718  9E8A              READBUF_REPOS:
 719  9E8A E5                   PUSH HL
 720  9E8B 3A 0A 9F             LD A,(CON_SAVED_COL)
 721  9E8E B7                   OR A
 722  9E8F CA F1 9D             JP Z,READBUF_GETC
 723  9E92 21 0C 9F             LD HL,CON_COL
 724  9E95 96                   SUB (HL)
 725  9E96 32 0A 9F             LD (CON_SAVED_COL),A
 726  9E99              ; ----------------------------------------------------------------------
 727  9E99              ; READBUF_REPOS_LOOP -- backspace the cursor by the computed cell count.
 728  9E99              ;   In: CON_SAVED_COL = number of cells to back up.
 729  9E99              ;   Out: cursor repositioned; loop ends and the editor reads the next char.  Clobbers: AF, HL.
 730  9E99              ;   Algorithm: CON_BACKSPACE, decrement CON_SAVED_COL, repeat until zero, then resume input. [RE]
 731  9E99              ; ----------------------------------------------------------------------
 732  9E99              READBUF_REPOS_LOOP:
 733  9E99 CD A4 9D             CALL CON_BACKSPACE
 734  9E9C 21 0A 9F             LD HL,CON_SAVED_COL
 735  9E9F 35                   DEC (HL)
 736  9EA0 C2 99 9E             JP NZ,READBUF_REPOS_LOOP
 737  9EA3 C3 F1 9D             JP READBUF_GETC
 738  9EA6              ; ----------------------------------------------------------------------
 739  9EA6              ; READBUF_STORE -- store an ordinary character into the input buffer.
 740  9EA6              ;   In: A = char to store, B = count, HL -> next buffer slot.
 741  9EA6              ;   Out: char written, count incremented; falls into the echo/limit check.  Clobbers: AF, B, HL.
 742  9EA6              ;   Algorithm: write the char at ++HL, bump B, then fall into READBUF_STORE_ECHO which echoes it and
 743  9EA6              ;              checks the buffer-full limit.
 744  9EA6              ;   [?] Any stale auto-name is a skew mislabel -- this is the line editor's character-store path,
 745  9EA6              ;   NOT
 746  9EA6              ;       an FCB/directory compare.
 747  9EA6              ; ----------------------------------------------------------------------
 748  9EA6              READBUF_STORE:
 749  9EA6 23                   INC HL
 750  9EA7 77                   LD (HL),A
 751  9EA8 04                   INC B
 752  9EA9              ; ----------------------------------------------------------------------
 753  9EA9              ; READBUF_STORE_ECHO -- echo the stored char and enforce the buffer length limit.
 754  9EA9              ;   In: A = char, B = count, C = buffer max length.
 755  9EA9              ;   Out: char echoed; if count reached the max (or hit a hard limit) the line is terminated,
 756  9EA9              ;        otherwise
 757  9EA9              ;        reading continues.  Clobbers: AF, BC, HL.
 758  9EA9              ;   Algorithm: echo via CON_PUT_VISIBLE; reload the buffer max; if the max byte is 1 (degenerate)
 759  9EA9              ;              terminate immediately; if count == max terminate, else loop. [RE]
 760  9EA9              ;   [?] The CP $03 then CP $01 sequence tests the buffer-descriptor max byte; exact degenerate-case
 761  9EA9              ;       semantics beyond 'terminate when full' are UNKNOWN.
 762  9EA9              ; ----------------------------------------------------------------------
 763  9EA9              READBUF_STORE_ECHO:
 764  9EA9 C5                   PUSH BC
 765  9EAA E5                   PUSH HL
 766  9EAB 4F                   LD C,A
 767  9EAC CD 7F 9D             CALL CON_PUT_VISIBLE
 768  9EAF E1                   POP HL
 769  9EB0 C1                   POP BC
 770  9EB1 7E                   LD A,(HL)
 771  9EB2 FE 03                CP $03
 772  9EB4 78                   LD A,B
 773  9EB5 C2 BD 9E             JP NZ,READBUF_LIMIT
 774  9EB8 FE 01                CP $01
 775  9EBA CA 00 00             JP Z,$0000
 776  9EBD              ; ----------------------------------------------------------------------
 777  9EBD              ; READBUF_LIMIT -- compare the count to the buffer max and continue or finish.
 778  9EBD              ;   In: A = count (B), C = buffer maximum length.
 779  9EBD              ;   Out: if count < max keep reading, else fall into the line-terminate path.  Clobbers: AF.
 780  9EBD              ;   Algorithm: CP C; if count < max (carry) loop back to READBUF_NEXT, else finish. [RE]
 781  9EBD              ; ----------------------------------------------------------------------
 782  9EBD              READBUF_LIMIT:
 783  9EBD B9                   CP C
 784  9EBE DA EF 9D             JP C,READBUF_NEXT
 785  9EC1              ; ----------------------------------------------------------------------
 786  9EC1              ; READBUF_DONE -- finish the input line: store the count and emit a CR.
 787  9EC1              ;   In: stacked HL -> buffer count byte; B = final character count.
 788  9EC1              ;   Out: count written into the buffer; CR echoed; returns to the BDOS caller.  Clobbers: AF, C, HL.
 789  9EC1              ;   Algorithm: pop the buffer pointer, store B as the returned char count, then output CR via
 790  9EC1              ;              CON_PUT_COL
 791  9EC1              ;              (tail call) to close the input line. [RE] Reached on CR/LF/buffer-full.
 792  9EC1              ; ----------------------------------------------------------------------
 793  9EC1              READBUF_DONE:
 794  9EC1 E1                   POP HL
 795  9EC2 70                   LD (HL),B
 796  9EC3 0E 0D                LD C,$0D
 797  9EC5 C3 48 9D             JP CON_PUT_COL
 798  9EC8              ; ----------------------------------------------------------------------
 799  9EC8              ; F_CONIN_H -- BDOS function 1 handler: console input with echo, returned in A.
 800  9EC8              ;   In: none.  Out: BDOS result (BDOS_RETVAL) = char read.  Clobbers: AF, BC, HL.
 801  9EC8              ;   Algorithm: read+echo via F_CONIN_RAW, then store the char as the BDOS return value.
 802  9EC8              ;   [RE] Dispatch-table entry for function 1.
 803  9EC8              ; ----------------------------------------------------------------------
 804  9EC8              F_CONIN_H:
 805  9EC8 CD 06 9D             CALL F_CONIN_RAW
 806  9ECB C3 01 9F             JP BDOS_RET_RESULT
 807  9ECE              ; ----------------------------------------------------------------------
 808  9ECE              ; F_READERIN_H -- BDOS function 3 handler: read from the reader (AUX/RDR) device.
 809  9ECE              ;   In: none.  Out: BDOS result (BDOS_RETVAL) = byte from the BIOS reader vector.  Clobbers: AF.
 810  9ECE              ;   Algorithm: call the BIOS reader-input vector ($FA15), store the byte as the result.
 811  9ECE              ;   [RE] Dispatch entry for function 3 (Reader Input).
 812  9ECE              ; ----------------------------------------------------------------------
 813  9ECE              F_READERIN_H:
 814  9ECE                      ; BIOS reader-input vector ($FA00 BIOS variable page = Apple $0A00)
 815  9ECE CD 15 FA             CALL $FA15
 816  9ED1 C3 01 9F             JP BDOS_RET_RESULT
 817  9ED4              ; ----------------------------------------------------------------------
 818  9ED4              ; F_DIRECTIO_H -- BDOS function 6 handler: direct console I/O.
 819  9ED4              ;   In: C = subfunction (FF = input/status, FE = status only, else = output char).
 820  9ED4              ;   Out: input/status results returned via BDOS_RET_RESULT; output sent to console.  Clobbers: AF.
 821  9ED4              ;   Algorithm: C==FF -> direct input branch; C==FE -> raw BIOS console-status ($FA06); otherwise
 822  9ED4              ;              treat
 823  9ED4              ;              C as a character and send it to the BIOS conout ($FA0C), bypassing the editor and
 824  9ED4              ;              flow
 825  9ED4              ;              control. [RE] Dispatch entry for function 6 (Direct Console I/O).
 826  9ED4              ; ----------------------------------------------------------------------
 827  9ED4              F_DIRECTIO_H:
 828  9ED4 79                   LD A,C
 829  9ED5 3C                   INC A
 830  9ED6 CA E0 9E             JP Z,DIRECTIO_INPUT
 831  9ED9 3C                   INC A
 832  9EDA                      ; FE subfunction -> raw BIOS console-status ($FA00 BIOS variable page)
 833  9EDA CA 06 FA             JP Z,$FA06
 834  9EDD                      ; Else output C directly via BIOS conout ($FA00 BIOS variable page)
 835  9EDD C3 0C FA             JP $FA0C
 836  9EE0              ; ----------------------------------------------------------------------
 837  9EE0              ; DIRECTIO_INPUT -- direct console input subfunction of function 6.
 838  9EE0              ;   In: none.  Out: BDOS result = char if one is ready, else 0; no echo, no flow control.  Clobbers:
 839  9EE0              ;       AF.
 840  9EE0              ;   Algorithm: poll raw BIOS console status ($FA06); if no key, return 0; if a key is ready, read it
 841  9EE0              ;              raw
 842  9EE0              ;              ($FA09) and store as the result. [RE]
 843  9EE0              ;   [?] Any stale auto-name prefix is a skew artifact -- this is direct console input, NOT an
 844  9EE0              ;   FCB/directory routine.
 845  9EE0              ; ----------------------------------------------------------------------
 846  9EE0              DIRECTIO_INPUT:
 847  9EE0                      ; Raw BIOS console-status vector ($FA00 BIOS variable page)
 848  9EE0 CD 06 FA             CALL $FA06
 849  9EE3 B7                   OR A
 850  9EE4 CA 91 A9             JP Z,BDOS_RETURN_RESULT
 851  9EE7                      ; Read the key raw, no echo (BIOS CONIN vector, $FA00 page)
 852  9EE7 CD 09 FA             CALL $FA09
 853  9EEA C3 01 9F             JP BDOS_RET_RESULT
 854  9EED              ; ----------------------------------------------------------------------
 855  9EED              ; F_GETIOB_H -- BDOS function 7 handler: get the I/O byte (IOBYTE).
 856  9EED              ;   In: none.  Out: BDOS result = the IOBYTE at fixed address 0003.  Clobbers: AF.
 857  9EED              ;   Algorithm: load (0003) and return it as the result. [RE] Dispatch entry for function 7.
 858  9EED              ; ----------------------------------------------------------------------
 859  9EED              F_GETIOB_H:
 860  9EED 3A 03 00             LD A,($0003)
 861  9EF0 C3 01 9F             JP BDOS_RET_RESULT
 862  9EF3              ; ----------------------------------------------------------------------
 863  9EF3              ; F_SETIOB_H -- BDOS function 8 handler: set the I/O byte (IOBYTE).
 864  9EF3              ;   In: C = new IOBYTE value.  Out: (0003) = C.  Clobbers: HL.
 865  9EF3              ;   Algorithm: store C into the fixed IOBYTE cell at 0003 and return. [RE] Dispatch entry for
 866  9EF3              ;              function 8.
 867  9EF3              ; ----------------------------------------------------------------------
 868  9EF3              F_SETIOB_H:
 869  9EF3 21 03 00             LD HL,$0003
 870  9EF6 71                   LD (HL),C
 871  9EF7 C9                   RET
 872  9EF8              ; ----------------------------------------------------------------------
 873  9EF8              ; F_PRINTSTR_H -- BDOS function 9 handler: print a '$'-terminated string.
 874  9EF8              ;   In: DE = pointer to the string.  Out: string echoed to the console up to the '$'.  Clobbers: AF,
 875  9EF8              ;       BC.
 876  9EF8              ;   Algorithm: move DE into BC and tail-call CON_PRINT_STR. [RE] Dispatch entry for function 9.
 877  9EF8              ; ----------------------------------------------------------------------
 878  9EF8              F_PRINTSTR_H:
 879  9EF8 EB                   EX DE,HL
 880  9EF9 4D                   LD C,L
 881  9EFA 44                   LD B,H
 882  9EFB C3 D3 9D             JP CON_PRINT_STR
 883  9EFE              ; ----------------------------------------------------------------------
 884  9EFE              ; F_CONSTAT_H -- BDOS function 11 handler: get console status.
 885  9EFE              ;   In: none.  Out: BDOS result = 1 if a console char is ready, else 0.  Clobbers: AF.
 886  9EFE              ;   Algorithm: CON_POLL_STATUS to test readiness (handling Ctrl-S/Ctrl-C), then fall into
 887  9EFE              ;              BDOS_RET_RESULT to store the 0/1 status. [RE] Dispatch entry for function 11.
 888  9EFE              ; ----------------------------------------------------------------------
 889  9EFE              F_CONSTAT_H:
 890  9EFE CD 23 9D             CALL CON_POLL_STATUS
 891  9F01              ; ----------------------------------------------------------------------
 892  9F01              ; BDOS_RET_RESULT -- store A as the BDOS function return value and return.
 893  9F01              ;   In: A = result byte.  Out: BDOS_RETVAL (BDOS return cell) = A.  Clobbers: none beyond the cell.
 894  9F01              ;   Algorithm: write A to the return-value cell; common tail of many handlers. The bare RET at $9F04
 895  9F01              ;              (the next byte) is the dispatch-table target for fns 38/39 (the 2.20 twin names that
 896  9F01              ;              RET
 897  9F01              ;              'BDOS_RET_NOP'). [RE] The BDOS result sink read by BDOS_DISPATCH on exit.
 898  9F01              ; ----------------------------------------------------------------------
 899  9F01              BDOS_RET_RESULT:
 900  9F01 32 45 9F             LD (BDOS_RETVAL),A
 901  9F04 C9                   RET
 902  9F05              ; ----------------------------------------------------------------------
 903  9F05              ; BDOS_RET_ONE -- set the BDOS return value to 1 and exit.
 904  9F05              ;   In: none.  Out: BDOS result (BDOS_RETVAL) = 1.  Clobbers: AF.
 905  9F05              ;   Algorithm: load A=1 and join BDOS_RET_RESULT. [RE] Used by handlers reporting a fixed 1.
 906  9F05              ; ----------------------------------------------------------------------
 907  9F05              BDOS_RET_ONE:
 908  9F05 3E 01                LD A,$01
 909  9F07 C3 01 9F             JP BDOS_RET_RESULT
 910  9F0A              ; ----------------------------------------------------------------------
 911  9F0A              ; CON_SAVED_COL -- saved cursor column for line-editor redisplay/reposition.
 912  9F0A              ;   Also doubles as a 'suppress status-poll/echo' flag inside CON_PUT_COL.
 913  9F0A              ;   [RE] BDOS console state byte; zero when not repositioning.
 914  9F0A              ; ----------------------------------------------------------------------
 915  9F0A              CON_SAVED_COL:
 916  9F0A 00                   DEFB    "\0"
 917  9F0B              ; ----------------------------------------------------------------------
 918  9F0B              ; CON_LINE_START_COL -- column at the start of the current input line (echoed-count base).
 919  9F0B              ;   [RE] Used by the line editor to know how far back Ctrl-X / DEL may erase.
 920  9F0B              ; ----------------------------------------------------------------------
 921  9F0B              CON_LINE_START_COL:
 922  9F0B 00                   DEFB    "\0"
 923  9F0C              ; ----------------------------------------------------------------------
 924  9F0C              ; CON_COL -- current console output column counter.
 925  9F0C              ;   [RE] Incremented per printable char, reset by LF; drives tab expansion and editing.
 926  9F0C              ; ----------------------------------------------------------------------
 927  9F0C              CON_COL:
 928  9F0C 00                   DEFB    "\0"
 929  9F0D              ; ----------------------------------------------------------------------
 930  9F0D              ; CON_LIST_ECHO -- printer (list device) echo flag; nonzero => mirror console output.
 931  9F0D              ;   [RE] Toggled by the line editor's Ctrl-P.
 932  9F0D              ; ----------------------------------------------------------------------
 933  9F0D              CON_LIST_ECHO:
 934  9F0D 00                   DEFB    "\0"
 935  9F0E              ; ----------------------------------------------------------------------
 936  9F0E              ; CON_PENDING_CHAR -- 1-byte console type-ahead / un-get buffer (0 = empty).
 937  9F0E              ;   [RE] Filled by CON_POLL_STATUS, consumed by CON_GETC_OR_RAW.
 938  9F0E              ; ----------------------------------------------------------------------
 939  9F0E              CON_PENDING_CHAR:
 940  9F0E 00                   DEFB    "\0"
 941  9F0F              ; ----------------------------------------------------------------------
 942  9F0F              ; BDOS_SAVED_SP -- caller's stack pointer saved on BDOS entry (then BDOS-local stack slack).
 943  9F0F              ;   [RE] BDOS_DISPATCH saves SP here and switches to the BDOS-local stack; restored on exit. The
 944  9F0F              ;        trailing DEFS reserves the BDOS local stack space below BDOS_USER_NUM.
 945  9F0F              ; ----------------------------------------------------------------------
 946  9F0F              BDOS_SAVED_SP:
 947  9F0F 00 00 00...          DEFS    50, $00                  ; fill
 948  9F41              ; ----------------------------------------------------------------------
 949  9F41              ; BDOS_USER_NUM -- top of the BDOS private stack (SP loaded here on entry).
 950  9F41              ;   [RE] BDOS_DISPATCH does LD SP,BDOS_USER_NUM before dispatching a function.
 951  9F41              ; ----------------------------------------------------------------------
 952  9F41              BDOS_USER_NUM:
 953  9F41 00                   DEFB    "\0"
 954  9F42              ; ----------------------------------------------------------------------
 955  9F42              ; BDOS_CUR_DRIVE -- current selected drive index (0=A) for error reporting and disk ops.
 956  9F42              ;   [RE] Used to form the error-banner drive letter and as the drive arg in random-record / DPB
 957  9F42              ;   setup.
 958  9F42              ; ----------------------------------------------------------------------
 959  9F42              BDOS_CUR_DRIVE:
 960  9F42 00                   DEFB    "\0"
 961  9F43              ; ----------------------------------------------------------------------
 962  9F43              ; BDOS_PARAM_PTR -- saved DE parameter pointer from the BDOS call (FCB / DMA / buffer).
 963  9F43              ;   [RE] BDOS_DISPATCH stashes the incoming DE here; consumers reload it as the operand pointer.
 964  9F43              ;   16-bit cell.
 965  9F43              ; ----------------------------------------------------------------------
 966  9F43              BDOS_PARAM_PTR:
 967  9F43 00 00                DEFB    "\0\0"
 968  9F45              ; ----------------------------------------------------------------------
 969  9F45              ; BDOS_RETVAL -- BDOS function return value (16-bit: low byte = A result, high = B).
 970  9F45              ;   [RE] Cleared on entry; written by BDOS_RET_RESULT; read back by the dispatcher's exit.
 971  9F45              ; ----------------------------------------------------------------------
 972  9F45              BDOS_RETVAL:
 973  9F45 00 00                DEFB    "\0\0"
 974  9F47              ; ----------------------------------------------------------------------
 975  9F47              ; BDOS_ERR_SELECT -- enter the BDOS disk-error handler via the error-vector table.
 976  9F47              ;   In: none (uses the fixed error-vector list at BDOS_ERR_VECTORS).
 977  9F47              ;   Out: transfers to the indexed error routine (does not return normally).  Clobbers: HL, DE.
 978  9F47              ;   Algorithm: point HL at the error-vector table entry (BDOS_ERRVEC_SELECT) and fall into the
 979  9F47              ;              dispatch-by-pointer tail BDOS_VECTOR_JUMP. [RE] One of the BDOS_ERR_VECTORS entry
 980  9F47              ;              points.
 981  9F47              ;   [?] Exact reason-code mapping is encoded by which vector slot the caller chose.
 982  9F47              ; ----------------------------------------------------------------------
 983  9F47              BDOS_ERR_SELECT:
 984  9F47 21 0B 9C             LD HL,BDOS_ERRVEC_SELECT
 985  9F4A              ; ----------------------------------------------------------------------
 986  9F4A              ; BDOS_VECTOR_JUMP -- jump through a 2-byte pointer pointed to by HL.
 987  9F4A              ;   In: HL -> a little-endian routine pointer.  Out: control transferred to (HL); does not return
 988  9F4A              ;       here.
 989  9F4A              ;   Clobbers: DE, HL.
 990  9F4A              ;   Algorithm: load DE from (HL), EX DE,HL, JP (HL) -- an indirect call/jump. [RE] Shared
 991  9F4A              ;              indirect-dispatch
 992  9F4A              ;              tail used by the BDOS error/random-record paths.
 993  9F4A              ; ----------------------------------------------------------------------
 994  9F4A              BDOS_VECTOR_JUMP:
 995  9F4A 5E                   LD E,(HL)
 996  9F4B 23                   INC HL
 997  9F4C 56                   LD D,(HL)
 998  9F4D EB                   EX DE,HL
 999  9F4E E9                   JP (HL)
1000  9F4F              ; ----------------------------------------------------------------------
1001  9F4F              ; BLOCK_COPY_INCC -- copy (C+1) bytes from (DE) to (HL); pre-increment entry.
1002  9F4F              ;   In: C = count-1, DE = source, HL = destination.  Out: bytes copied; DE/HL advanced past the
1003  9F4F              ;       block.
1004  9F4F              ;   Clobbers: AF, C, DE, HL.
1005  9F4F              ;   Algorithm: INC C so the following DEC-C-test loop runs C+1 times, copying one byte per pass.
1006  9F4F              ;   [RE] Small memory-copy helper used by the BDOS DPB / random-record setup.
1007  9F4F              ; ----------------------------------------------------------------------
1008  9F4F              BLOCK_COPY_INCC:
1009  9F4F 0C                   INC C
1010  9F50              ; ----------------------------------------------------------------------
1011  9F50              ; BLOCK_COPY_LOOP -- byte-copy loop body for BLOCK_COPY_INCC.
1012  9F50              ;   In: C = remaining count, DE = source, HL = destination.  Out: copies bytes until C decrements to
1013  9F50              ;       zero.
1014  9F50              ;   Clobbers: AF, C, DE, HL.
1015  9F50              ;   Algorithm: DEC C; if zero return; copy (DE)->(HL); INC DE; INC HL; loop. [RE]
1016  9F50              ; ----------------------------------------------------------------------
1017  9F50              BLOCK_COPY_LOOP:
1018  9F50 0D                   DEC C
1019  9F51 C8                   RET Z
1020  9F52 1A                   LD A,(DE)
1021  9F53 77                   LD (HL),A
1022  9F54 13                   INC DE
1023  9F55 23                   INC HL
1024  9F56 C3 50 9F             JP BLOCK_COPY_LOOP
1025  9F59              BDOS_RANDREC_3:
1026  9F59 3A 42 9F             LD A,(BDOS_CUR_DRIVE)
1027  9F5C 4F                   LD C,A
1028  9F5D CD 1B FA             CALL $FA1B
1029  9F60 7C                   LD A,H
1030  9F61 B5                   OR L
1031  9F62 C8                   RET Z
1032  9F63 5E                   LD E,(HL)
1033  9F64 23                   INC HL
1034  9F65 56                   LD D,(HL)
1035  9F66 23                   INC HL
1036  9F67 22 B3 A9             LD (DPB_WORK_PTR0),HL
1037  9F6A 23                   INC HL
1038  9F6B 23                   INC HL
1039  9F6C 22 B5 A9             LD (DEBLOCK_HSTREC_PTR0),HL
1040  9F6F 23                   INC HL
1041  9F70 23                   INC HL
1042  9F71 22 B7 A9             LD (DEBLOCK_HSTREC_PTR1),HL
1043  9F74 23                   INC HL
1044  9F75 23                   INC HL
1045  9F76 EB                   EX DE,HL
1046  9F77 22 D0 A9             LD (DPB_XLT_PTR),HL
1047  9F7A 21 B9 A9             LD HL,DIRBUF_PTR
1048  9F7D 0E 08                LD C,$08
1049  9F7F CD 4F 9F             CALL BLOCK_COPY_INCC
1050  9F82 2A BB A9             LD HL,(DPB_PTR)
1051  9F85 EB                   EX DE,HL
1052  9F86 21 C1 A9             LD HL,DPB_SPT
1053  9F89 0E 0F                LD C,$0F
1054  9F8B CD 4F 9F             CALL BLOCK_COPY_INCC
1055  9F8E 2A C6 A9             LD HL,(MAX_BLOCK_DSM)
1056  9F91 7C                   LD A,H
1057  9F92 21 DD A9             LD HL,BLOCK_WIDTH_FLAG
1058  9F95 36 FF                LD (HL),$FF
1059  9F97 B7                   OR A
1060  9F98 CA 9D 9F             JP Z,BDOS_RANDREC_3_1
1061  9F9B 36 00                LD (HL),$00
1062  9F9D              BDOS_RANDREC_3_1:
1063  9F9D 3E FF                LD A,$FF
1064  9F9F B7                   OR A
1065  9FA0 C9                   RET
1066  9FA1              DISK_HOME_CLEAR_SCAN:
1067  9FA1 CD 18 FA             CALL $FA18
1068  9FA4 AF                   XOR A
1069  9FA5 2A B5 A9             LD HL,(DEBLOCK_HSTREC_PTR0)
1070  9FA8 77                   LD (HL),A
1071  9FA9 23                   INC HL
1072  9FAA 77                   LD (HL),A
1073  9FAB 2A B7 A9             LD HL,(DEBLOCK_HSTREC_PTR1)
1074  9FAE 77                   LD (HL),A
1075  9FAF 23                   INC HL
1076  9FB0 77                   LD (HL),A
1077  9FB1 C9                   RET
1078  9FB2              DISK_READ_CHECKED:
1079  9FB2 CD 27 FA             CALL $FA27
1080  9FB5 C3 BB 9F             JP DISK_WRITE_CHECKED_1
1081  9FB8              DISK_WRITE_CHECKED:
1082  9FB8 CD 2A FA             CALL $FA2A
1083  9FBB              DISK_WRITE_CHECKED_1:
1084  9FBB B7                   OR A
1085  9FBC C8                   RET Z
1086  9FBD 21 09 9C             LD HL,BDOS_ERR_VECTORS
1087  9FC0 C3 4A 9F             JP BDOS_VECTOR_JUMP
1088  9FC3              REC_DIV4_SETUP:
1089  9FC3 2A EA A9             LD HL,(CUR_RECORD)
1090  9FC6 0E 02                LD C,$02
1091  9FC8 CD EA A0             CALL DRV_INSTALL_RWTS_10
1092  9FCB 22 E5 A9             LD (CUR_BLOCK_NUMBER),HL
1093  9FCE 22 EC A9             LD (REC_CACHE),HL
1094  9FD1              RECORD_TO_TRACK:
1095  9FD1 21 E5 A9             LD HL,CUR_BLOCK_NUMBER
1096  9FD4 4E                   LD C,(HL)
1097  9FD5 23                   INC HL
1098  9FD6 46                   LD B,(HL)
1099  9FD7 2A B7 A9             LD HL,(DEBLOCK_HSTREC_PTR1)
1100  9FDA 5E                   LD E,(HL)
1101  9FDB 23                   INC HL
1102  9FDC 56                   LD D,(HL)
1103  9FDD 2A B5 A9             LD HL,(DEBLOCK_HSTREC_PTR0)
1104  9FE0 7E                   LD A,(HL)
1105  9FE1 23                   INC HL
1106  9FE2 66                   LD H,(HL)
1107  9FE3 6F                   LD L,A
1108  9FE4              RECORD_TO_TRACK_1:
1109  9FE4 79                   LD A,C
1110  9FE5 93                   SUB E
1111  9FE6 78                   LD A,B
1112  9FE7 9A                   SBC A,D
1113  9FE8 D2 FA 9F             JP NC,RECORD_TO_TRACK_2
1114  9FEB E5                   PUSH HL
1115  9FEC 2A C1 A9             LD HL,(DPB_SPT)
1116  9FEF 7B                   LD A,E
1117  9FF0 95                   SUB L
1118  9FF1 5F                   LD E,A
1119  9FF2 7A                   LD A,D
1120  9FF3 9C                   SBC A,H
1121  9FF4 57                   LD D,A
1122  9FF5 E1                   POP HL
1123  9FF6 2B                   DEC HL
1124  9FF7 C3 E4 9F             JP RECORD_TO_TRACK_1
1125  9FFA              RECORD_TO_TRACK_2:
1126  9FFA E5                   PUSH HL
1127  9FFB 2A C1 A9             LD HL,(DPB_SPT)
1128  9FFE 19                   ADD HL,DE
1129  9FFF DA 0F A0             JP C,RECORD_TO_TRACK_3
1130  A002 79                   LD A,C
1131  A003 95                   SUB L
1132  A004 78                   LD A,B
1133  A005 9C                   SBC A,H
1134  A006 DA 0F A0             JP C,RECORD_TO_TRACK_3
1135  A009 EB                   EX DE,HL
1136  A00A E1                   POP HL
1137  A00B 23                   INC HL
1138  A00C C3 FA 9F             JP RECORD_TO_TRACK_2
1139  A00F              RECORD_TO_TRACK_3:
1140  A00F E1                   POP HL
1141  A010 C5                   PUSH BC
1142  A011 D5                   PUSH DE
1143  A012 E5                   PUSH HL
1144  A013 EB                   EX DE,HL
1145  A014 2A CE A9             LD HL,(DPB_OFF)
1146  A017 19                   ADD HL,DE
1147  A018 44                   LD B,H
1148  A019 4D                   LD C,L
1149  A01A CD 1E FA             CALL $FA1E
1150  A01D D1                   POP DE
1151  A01E 2A B5 A9             LD HL,(DEBLOCK_HSTREC_PTR0)
1152  A021 73                   LD (HL),E
1153  A022 23                   INC HL
1154  A023 72                   LD (HL),D
1155  A024 D1                   POP DE
1156  A025 2A B7 A9             LD HL,(DEBLOCK_HSTREC_PTR1)
1157  A028 73                   LD (HL),E
1158  A029 23                   INC HL
1159  A02A 72                   LD (HL),D
1160  A02B C1                   POP BC
1161  A02C 79                   LD A,C
1162  A02D 93                   SUB E
1163  A02E 4F                   LD C,A
1164  A02F 78                   LD A,B
1165  A030 9A                   SBC A,D
1166  A031 47                   LD B,A
1167  A032 2A D0 A9             LD HL,(DPB_XLT_PTR)
1168  A035 EB                   EX DE,HL
1169  A036 CD 30 FA             CALL $FA30
1170  A039 4D                   LD C,L
1171  A03A 44                   LD B,H
1172  A03B C3 21 FA             JP $FA21
1173  A03E              DISK_STORE_SEC_TRK_6:
1174  A03E 21 C3 A9             LD HL,DPB_BSH
1175  A041 4E                   LD C,(HL)
1176  A042 3A E3 A9             LD A,(FCB_CURREC)
1177  A045              DISK_STORE_SEC_TRK_6_1:
1178  A045 B7                   OR A
1179  A046 1F                   RRA
1180  A047 0D                   DEC C
1181  A048 C2 45 A0             JP NZ,DISK_STORE_SEC_TRK_6_1
1182  A04B 47                   LD B,A
1183  A04C 3E 08                LD A,$08
1184  A04E 96                   SUB (HL)
1185  A04F 4F                   LD C,A
1186  A050 3A E2 A9             LD A,(FCB_EXTENT_MASKED)
1187  A053              DISK_STORE_SEC_TRK_6_2:
1188  A053 0D                   DEC C
1189  A054 CA 5C A0             JP Z,DISK_STORE_SEC_TRK_6_3
1190  A057 B7                   OR A
1191  A058 17                   RLA
1192  A059 C3 53 A0             JP DISK_STORE_SEC_TRK_6_2
1193  A05C              DISK_STORE_SEC_TRK_6_3:
1194  A05C 80                   ADD A,B
1195  A05D C9                   RET
1196  A05E              DISK_STORE_SEC_TRK_10:
1197  A05E 2A 43 9F             LD HL,(BDOS_PARAM_PTR)
1198  A061 11 10 00             LD DE,$0010
1199  A064 19                   ADD HL,DE
1200  A065 09                   ADD HL,BC
1201  A066 3A DD A9             LD A,(BLOCK_WIDTH_FLAG)
1202  A069 B7                   OR A
1203  A06A CA 71 A0             JP Z,DISK_STORE_SEC_TRK_10_1
1204  A06D 6E                   LD L,(HL)
1205  A06E 26 00                LD H,$00
1206  A070 C9                   RET
1207  A071              DISK_STORE_SEC_TRK_10_1:
1208  A071 09                   ADD HL,BC
1209  A072 5E                   LD E,(HL)
1210  A073 23                   INC HL
1211  A074 56                   LD D,(HL)
1212  A075 EB                   EX DE,HL
1213  A076 C9                   RET
1214  A077              DISK_STORE_SEC_TRK_14:
1215  A077 CD 3E A0             CALL DISK_STORE_SEC_TRK_6
1216  A07A 4F                   LD C,A
1217  A07B 06 00                LD B,$00
1218  A07D CD 5E A0             CALL DISK_STORE_SEC_TRK_10
1219  A080 22 E5 A9             LD (CUR_BLOCK_NUMBER),HL
1220  A083 C9                   RET
1221  A084              DISK_STORE_SEC_TRK_16:
1222  A084 2A E5 A9             LD HL,(CUR_BLOCK_NUMBER)
1223  A087 7D                   LD A,L
1224  A088 B4                   OR H
1225  A089 C9                   RET
1226  A08A              DISK_STORE_SEC_TRK_17:
1227  A08A 3A C3 A9             LD A,(DPB_BSH)
1228  A08D 2A E5 A9             LD HL,(CUR_BLOCK_NUMBER)
1229  A090              DISK_STORE_SEC_TRK_17_1:
1230  A090 29                   ADD HL,HL
1231  A091 3D                   DEC A
1232  A092 C2 90 A0             JP NZ,DISK_STORE_SEC_TRK_17_1
1233  A095 22 E7 A9             LD (BLOCK_BASE_RECORD),HL
1234  A098 3A C4 A9             LD A,(DPB_BLM)
1235  A09B 4F                   LD C,A
1236  A09C 3A E3 A9             LD A,(FCB_CURREC)
1237  A09F A1                   AND C
1238  A0A0 B5                   OR L
1239  A0A1 6F                   LD L,A
1240  A0A2 22 E5 A9             LD (CUR_BLOCK_NUMBER),HL
1241  A0A5 C9                   RET
1242  A0A6              DRV_INSTALL_RWTS_1:
1243  A0A6 2A 43 9F             LD HL,(BDOS_PARAM_PTR)
1244  A0A9 11 0C 00             LD DE,$000C
1245  A0AC 19                   ADD HL,DE
1246  A0AD C9                   RET
1247  A0AE              DRV_INSTALL_RWTS_2:
1248  A0AE 2A 43 9F             LD HL,(BDOS_PARAM_PTR)
1249  A0B1 11 0F 00             LD DE,$000F
1250  A0B4 19                   ADD HL,DE
1251  A0B5 EB                   EX DE,HL
1252  A0B6 21 11 00             LD HL,$0011
1253  A0B9 19                   ADD HL,DE
1254  A0BA C9                   RET
1255  A0BB              DRV_INSTALL_RWTS_3:
1256  A0BB CD AE A0             CALL DRV_INSTALL_RWTS_2
1257  A0BE 7E                   LD A,(HL)
1258  A0BF 32 E3 A9             LD (FCB_CURREC),A
1259  A0C2 EB                   EX DE,HL
1260  A0C3 7E                   LD A,(HL)
1261  A0C4 32 E1 A9             LD (FCB_RECCOUNT),A
1262  A0C7 CD A6 A0             CALL DRV_INSTALL_RWTS_1
1263  A0CA 3A C5 A9             LD A,(DPB_EXM)
1264  A0CD A6                   AND (HL)
1265  A0CE 32 E2 A9             LD (FCB_EXTENT_MASKED),A
1266  A0D1 C9                   RET
1267  A0D2              DRV_INSTALL_RWTS_6:
1268  A0D2 CD AE A0             CALL DRV_INSTALL_RWTS_2
1269  A0D5 3A D5 A9             LD A,(WRITE_TYPE_FLAG)
1270  A0D8 FE 02                CP $02
1271  A0DA C2 DE A0             JP NZ,DRV_INSTALL_RWTS_6_1
1272  A0DD AF                   XOR A
1273  A0DE              DRV_INSTALL_RWTS_6_1:
1274  A0DE 4F                   LD C,A
1275  A0DF 3A E3 A9             LD A,(FCB_CURREC)
1276  A0E2 81                   ADD A,C
1277  A0E3 77                   LD (HL),A
1278  A0E4 EB                   EX DE,HL
1279  A0E5 3A E1 A9             LD A,(FCB_RECCOUNT)
1280  A0E8 77                   LD (HL),A
1281  A0E9 C9                   RET
1282  A0EA              DRV_INSTALL_RWTS_10:
1283  A0EA 0C                   INC C
1284  A0EB              DRV_INSTALL_RWTS_10_1:
1285  A0EB 0D                   DEC C
1286  A0EC C8                   RET Z
1287  A0ED 7C                   LD A,H
1288  A0EE B7                   OR A
1289  A0EF 1F                   RRA
1290  A0F0 67                   LD H,A
1291  A0F1 7D                   LD A,L
1292  A0F2 1F                   RRA
1293  A0F3 6F                   LD L,A
1294  A0F4 C3 EB A0             JP DRV_INSTALL_RWTS_10_1
1295  A0F7              ; ----------------------------------------------------------------------
1296  A0F7              ; DIR_CHECKSUM -- compute the 128-byte additive checksum of the directory buffer.
1297  A0F7              ;   In: DIRBUF_PTR -> 128-byte directory sector buffer.
1298  A0F7              ;   Out: A = 8-bit sum of the 128 bytes.  Clobbers: A,C,HL.
1299  A0F7              ;   Algorithm: C=$80 count, HL=DIRBUF_PTR, A=0; loop ADD A,(HL)/INC HL/DEC C until C==0.
1300  A0F7              ;   [RE] canonical CP/M directory-checksum routine (detects media swap). [DOC CP/M 2.2 ALG]
1301  A0F7              ; ----------------------------------------------------------------------
1302  A0F7              DIR_CHECKSUM:
1303  A0F7 0E 80                LD C,$80
1304  A0F9 2A B9 A9             LD HL,(DIRBUF_PTR)
1305  A0FC AF                   XOR A
1306  A0FD              ; ----------------------------------------------------------------------
1307  A0FD              ; DIR_CHECKSUM_LOOP -- accumulate the 8-bit additive checksum over the 128-byte directory buffer.
1308  A0FD              ; [RE]
1309  A0FD              ; ----------------------------------------------------------------------
1310  A0FD              DIR_CHECKSUM_LOOP:
1311  A0FD 86                   ADD A,(HL)
1312  A0FE 23                   INC HL
1313  A0FF 0D                   DEC C
1314  A100 C2 FD A0             JP NZ,DIR_CHECKSUM_LOOP
1315  A103 C9                   RET
1316  A104              ; ----------------------------------------------------------------------
1317  A104              ; SHL_HL_C -- logical-shift HL left by C bit positions.
1318  A104              ;   In: HL = value; C = shift count (0 leaves HL unchanged).
1319  A104              ;   Out: HL <<= C.  Clobbers: C,HL (C decremented to 0).
1320  A104              ;   Algorithm: INC C / loop { DEC C; ret if zero; ADD HL,HL }.
1321  A104              ;   [RE] generic unsigned left-shift helper (e.g. building a 1<<n drive-bit mask).
1322  A104              ; ----------------------------------------------------------------------
1323  A104              SHL_HL_C:
1324  A104 0C                   INC C
1325  A105              ; ----------------------------------------------------------------------
1326  A105              ; SHL_HL_C_LOOP -- one ADD HL,HL per remaining shift count in C. [RE]
1327  A105              ; ----------------------------------------------------------------------
1328  A105              SHL_HL_C_LOOP:
1329  A105 0D                   DEC C
1330  A106 C8                   RET Z
1331  A107 29                   ADD HL,HL
1332  A108 C3 05 A1             JP SHL_HL_C_LOOP
1333  A10B              ; ----------------------------------------------------------------------
1334  A10B              ; DRIVE_BIT_OR_INTO_VECTOR -- OR the current drive's single-bit mask into a 16-bit vector.
1335  A10B              ;   In: BC = existing 16-bit vector (preserved); BDOS_CUR_DRIVE = current drive (0-based).
1336  A10B              ;       (HL on entry is IGNORED; it is overwritten with $0001.)
1337  A10B              ;   Out: HL = BC OR (1 << current_drive).  Clobbers: A,HL (BC saved/restored).
1338  A10B              ;   Algorithm: PUSH BC; C=current drive; HL=1; SHL_HL_C to form 1<<drive; POP BC; L=C OR L, H=B OR
1339  A10B              ;              H.
1340  A10B              ;   [RE] sets the current drive's bit in whatever vector the caller passes in BC (R/O and login
1341  A10B              ;   setters). [?]
1342  A10B              ; ----------------------------------------------------------------------
1343  A10B              DRIVE_BIT_OR_INTO_VECTOR:
1344  A10B C5                   PUSH BC
1345  A10C 3A 42 9F             LD A,(BDOS_CUR_DRIVE)
1346  A10F 4F                   LD C,A
1347  A110 21 01 00             LD HL,$0001
1348  A113 CD 04 A1             CALL SHL_HL_C
1349  A116 C1                   POP BC
1350  A117 79                   LD A,C
1351  A118 B5                   OR L
1352  A119 6F                   LD L,A
1353  A11A 78                   LD A,B
1354  A11B B4                   OR H
1355  A11C 67                   LD H,A
1356  A11D C9                   RET
1357  A11E              ; ----------------------------------------------------------------------
1358  A11E              ; DRIVE_BIT_TEST -- test whether the current drive's bit is set in the read-only drive vector.
1359  A11E              ;   In: the 16-bit R/O vector at DRV_LOGIN_VECTOR (cell mislabeled DRV_LOGIN_VECTOR; it is the
1360  A11E              ;       read-only vector
1361  A11E              ;       set by the Write-Protect-Disk handler DRV_SETRO_H); BDOS_CUR_DRIVE = drive.
1362  A11E              ;   Out: A = 1 if the current drive's R/O bit is set, else 0; Z reflects the result.  Clobbers:
1363  A11E              ;        A,C,HL.
1364  A11E              ;   Algorithm: load the vector, shift right by the drive number to bring its bit to bit 0, AND $01.
1365  A11E              ;   [RE] CHECK_DRIVE_READONLY raises the R/O error when this bit is set, proving the vector is the
1366  A11E              ;        read-only vector, not the login vector. [?] cell-name fix deferred.
1367  A11E              ; ----------------------------------------------------------------------
1368  A11E              DRIVE_BIT_TEST:
1369  A11E 2A AD A9             LD HL,(DRV_LOGIN_VECTOR)
1370  A121 3A 42 9F             LD A,(BDOS_CUR_DRIVE)
1371  A124 4F                   LD C,A
1372  A125 CD EA A0             CALL DRV_INSTALL_RWTS_10
1373  A128 7D                   LD A,L
1374  A129 E6 01                AND $01
1375  A12B C9                   RET
1376  A12C              ; ----------------------------------------------------------------------
1377  A12C              ; DRV_SETRO_H -- BDOS function 28 (Write Protect Disk): set the current drive's R/O bit.
1378  A12C              ;   In: the R/O drive vector at DRV_LOGIN_VECTOR; BDOS_CUR_DRIVE = current drive; DPB_REC_PTR (a
1379  A12C              ;       directory
1380  A12C              ;       record-count limit); DPB_WORK_PTR0 -> a 16-bit working cell.
1381  A12C              ;   Out: the R/O vector has the current drive's bit set; the word at [DPB_WORK_PTR0] = DPB_REC_PTR +
1382  A12C              ;        1.
1383  A12C              ;   Clobbers: A,BC,DE,HL.
1384  A12C              ;   Algorithm: load the R/O vector into BC, set the current-drive bit via DRIVE_BIT_OR_INTO_VECTOR,
1385  A12C              ;       store it back; then store (DPB_REC_PTR + 1) into the cell pointed to by DPB_WORK_PTR0.
1386  A12C              ;   [RE] this is the fn-28 entry in the dispatch table, confirming Write-Protect-Disk. [?] reason
1387  A12C              ;   for
1388  A12C              ;        caching DPB_REC_PTR+1 UNKNOWN.
1389  A12C              ; ----------------------------------------------------------------------
1390  A12C              DRV_SETRO_H:
1391  A12C 21 AD A9             LD HL,DRV_LOGIN_VECTOR
1392  A12F 4E                   LD C,(HL)
1393  A130 23                   INC HL
1394  A131 46                   LD B,(HL)
1395  A132 CD 0B A1             CALL DRIVE_BIT_OR_INTO_VECTOR
1396  A135                      ; store the R/O drive vector back with the current drive's bit set
1397  A135 22 AD A9             LD (DRV_LOGIN_VECTOR),HL
1398  A138 2A C8 A9             LD HL,(DPB_REC_PTR)
1399  A13B 23                   INC HL
1400  A13C EB                   EX DE,HL
1401  A13D 2A B3 A9             LD HL,(DPB_WORK_PTR0)
1402  A140 73                   LD (HL),E
1403  A141 23                   INC HL
1404  A142 72                   LD (HL),D
1405  A143 C9                   RET
1406  A144              ; ----------------------------------------------------------------------
1407  A144              ; FCB_RO_FLAG_TEST -- raise the file-R/O error if the matched directory entry is read-only.
1408  A144              ;   In: DIRBUF_PTR / DEBLOCK_BYTE_OFF locate the matched directory entry (via
1409  A144              ;       FCB_BUF_PTR_ADD_OFFSET).
1410  A144              ;   Out: returns normally if writable; otherwise jumps to the BDOS error vector (no return).
1411  A144              ;        Clobbers: A,DE,HL.
1412  A144              ;   Algorithm: point at the entry, advance to byte +9 (the first type byte t1', whose bit 7 is the
1413  A144              ;              R/O
1414  A144              ;       attribute), RLA to shift bit 7 into carry; RET NC if clear, else load the file-R/O error
1415  A144              ;       vector
1416  A144              ;       (BDOS_ERRVEC_FILERO) and dispatch via BDOS_VECTOR_JUMP.
1417  A144              ;   [RE] CP/M file R/O attribute = bit 7 of directory-entry byte 9 (t1'). [DOC CP/M 2.2 FCB]
1418  A144              ; ----------------------------------------------------------------------
1419  A144              FCB_RO_FLAG_TEST:
1420  A144 CD 5E A1             CALL FCB_BUF_PTR_ADD_OFFSET
1421  A147              ; ----------------------------------------------------------------------
1422  A147              ; CHECK_DIRENT_READONLY_INNER -- inner entry of FCB_RO_FLAG_TEST (HL already on the directory
1423  A147              ; entry). [RE]
1424  A147              ; ----------------------------------------------------------------------
1425  A147              CHECK_DIRENT_READONLY_INNER:
1426  A147                      ; advance to directory-entry byte +9 (type byte t1'; bit 7 = R/O attribute)
1427  A147 11 09 00             LD DE,$0009
1428  A14A 19                   ADD HL,DE
1429  A14B 7E                   LD A,(HL)
1430  A14C 17                   RLA
1431  A14D D0                   RET NC
1432  A14E 21 0F 9C             LD HL,BDOS_ERRVEC_FILERO
1433  A151 C3 4A 9F             JP BDOS_VECTOR_JUMP
1434  A154              ; ----------------------------------------------------------------------
1435  A154              ; CHECK_DRIVE_READONLY -- raise the disk-R/O error if the current drive is write-protected.
1436  A154              ;   In: the current drive context (DRIVE_BIT_TEST reads the R/O drive vector).
1437  A154              ;   Out: returns if writable; otherwise jumps to the BDOS error vector (no return).  Clobbers:
1438  A154              ;        A,C,HL.
1439  A154              ;   Algorithm: CALL DRIVE_BIT_TEST; RET Z if clear (writable), else load the disk-R/O error vector
1440  A154              ;       (BDOS_ERRVEC_RODISK) and dispatch via BDOS_VECTOR_JUMP.
1441  A154              ;   [RE] guards writes against a write-protected disk. [?]
1442  A154              ; ----------------------------------------------------------------------
1443  A154              CHECK_DRIVE_READONLY:
1444  A154 CD 1E A1             CALL DRIVE_BIT_TEST
1445  A157 C8                   RET Z
1446  A158 21 0D 9C             LD HL,BDOS_ERRVEC_RODISK
1447  A15B C3 4A 9F             JP BDOS_VECTOR_JUMP
1448  A15E              ; ----------------------------------------------------------------------
1449  A15E              ; FCB_BUF_PTR_ADD_OFFSET -- compute a pointer to the matched directory entry inside the directory
1450  A15E              ; buffer.
1451  A15E              ;   In: DIRBUF_PTR -> directory sector buffer; DEBLOCK_BYTE_OFF = byte offset of the entry.
1452  A15E              ;   Out: HL = DIRBUF_PTR + DEBLOCK_BYTE_OFF.  Clobbers: A,HL.
1453  A15E              ;   Algorithm: load the buffer base, load the 8-bit entry offset, add it to L with carry into H.
1454  A15E              ;   [RE] locates the directory entry just matched by a BDOS directory search. [?]
1455  A15E              ; ----------------------------------------------------------------------
1456  A15E              FCB_BUF_PTR_ADD_OFFSET:
1457  A15E 2A B9 A9             LD HL,(DIRBUF_PTR)
1458  A161 3A E9 A9             LD A,(DEBLOCK_BYTE_OFF)
1459  A164              ; ----------------------------------------------------------------------
1460  A164              ; DIRENT_PTR_ADD -- add the 8-bit directory-entry offset in A to HL (carry into H). [RE]
1461  A164              ; ----------------------------------------------------------------------
1462  A164              DIRENT_PTR_ADD:
1463  A164 85                   ADD A,L
1464  A165 6F                   LD L,A
1465  A166 D0                   RET NC
1466  A167 24                   INC H
1467  A168 C9                   RET
1468  A169              ; ----------------------------------------------------------------------
1469  A169              ; FCB_GET_S2 -- point HL at FCB byte 14 (the S2 / extent-high field) of the current FCB.
1470  A169              ;   In: BDOS_PARAM_PTR (CURFCB_PTR) = current FCB pointer.
1471  A169              ;   Out: HL = [CURFCB_PTR] + $000E (FCB+14, the S2 byte); A = its current value.  Clobbers: A,DE,HL.
1472  A169              ;   Algorithm: HL = base + $0E, read (HL) into A.
1473  A169              ;   [RE] FCB byte 14 = S2 (extent-high / module count) per CP/M 2.2 FCB layout. [DOC CP/M 2.2 FCB]
1474  A169              ; ----------------------------------------------------------------------
1475  A169              FCB_GET_S2:
1476  A169 2A 43 9F             LD HL,(BDOS_PARAM_PTR)
1477  A16C 11 0E 00             LD DE,$000E
1478  A16F 19                   ADD HL,DE
1479  A170 7E                   LD A,(HL)
1480  A171 C9                   RET
1481  A172              ; ----------------------------------------------------------------------
1482  A172              ; CLEAR_FCB_S2 -- zero the S2 (byte 14) field of the current FCB.
1483  A172              ;   In: the current FCB (via FCB_GET_S2).  Out: FCB byte 14 = 0.  Clobbers: A,DE,HL.
1484  A172              ;   Algorithm: get the S2 pointer, store 0.
1485  A172              ;   [RE] resets the extent-high/S2 field. [DOC CP/M 2.2 FCB]
1486  A172              ; ----------------------------------------------------------------------
1487  A172              CLEAR_FCB_S2:
1488  A172 CD 69 A1             CALL FCB_GET_S2
1489  A175 36 00                LD (HL),$00
1490  A177 C9                   RET
1491  A178              ; ----------------------------------------------------------------------
1492  A178              ; MARK_FCB_S2_HIGHBIT -- set bit 7 of the FCB S2 (byte 14) field.
1493  A178              ;   In: the current FCB (via FCB_GET_S2, which also returns A = the current S2 value).
1494  A178              ;   Out: FCB byte 14 |= $80.  Clobbers: A,DE,HL.
1495  A178              ;   Algorithm: get the S2 pointer (A = current S2), OR $80, store back.
1496  A178              ;   [RE] in CP/M 2.2 the high bit of S2 flags the FCB as written / needing a directory update at
1497  A178              ;   close.
1498  A178              ;        [DOC CP/M 2.2 FCB]
1499  A178              ; ----------------------------------------------------------------------
1500  A178              MARK_FCB_S2_HIGHBIT:
1501  A178 CD 69 A1             CALL FCB_GET_S2
1502  A17B F6 80                OR $80
1503  A17D 77                   LD (HL),A
1504  A17E C9                   RET
1505  A17F              ; ----------------------------------------------------------------------
1506  A17F              ; CMP_CURREC_VS_WORKPTR -- compare the current record number against the working record cell.
1507  A17F              ;   In: CUR_RECORD = 16-bit current record; DPB_WORK_PTR0 -> a 16-bit working record value.
1508  A17F              ;   Out: HL = address of the working value's high byte; flags = (CUR_RECORD - working value);
1509  A17F              ;        CARRY SET when CUR_RECORD < the working value.  Clobbers: A,DE,HL.
1510  A17F              ;   Algorithm: DE = CUR_RECORD, HL = (DPB_WORK_PTR0); subtract low byte then high byte, leaving HL
1511  A17F              ;              on
1512  A17F              ;       the high byte; no value is stored.
1513  A17F              ;   [RE] RECPTR_INC_STORE uses this: on NC it bumps and stores CUR_RECORD+1, extending the
1514  A17F              ;   high-water count. [?]
1515  A17F              ; ----------------------------------------------------------------------
1516  A17F              CMP_CURREC_VS_WORKPTR:
1517  A17F 2A EA A9             LD HL,(CUR_RECORD)
1518  A182 EB                   EX DE,HL
1519  A183 2A B3 A9             LD HL,(DPB_WORK_PTR0)
1520  A186 7B                   LD A,E
1521  A187 96                   SUB (HL)
1522  A188 23                   INC HL
1523  A189 7A                   LD A,D
1524  A18A 9E                   SBC A,(HL)
1525  A18B C9                   RET
1526  A18C              ; ----------------------------------------------------------------------
1527  A18C              ; RECPTR_INC_STORE -- if the current record is at/past the stored high-water count, bump it one
1528  A18C              ; past.
1529  A18C              ;   In: CUR_RECORD = record just processed; DPB_WORK_PTR0 -> a 16-bit record-count cell.
1530  A18C              ;   Out: if CUR_RECORD >= cell, cell := CUR_RECORD+1; else unchanged. DE = CUR_RECORD(+1 if
1531  A18C              ;        updated); HL in cell.
1532  A18C              ;   Clobbers: A,DE,HL,flags.
1533  A18C              ;   Algorithm: CMP_CURREC_VS_WORKPTR; RET C (CUR_RECORD < count, leave it); else DE:=CUR_RECORD+1
1534  A18C              ;              and write
1535  A18C              ;       it HIGH byte first (LD (HL),D), DEC HL, then LOW byte (LD (HL),E).
1536  A18C              ;   [RE] classic CP/M 2.2 extent record-count bump; keeps the FCB high-water one past the last
1537  A18C              ;   accessed.
1538  A18C              ; ----------------------------------------------------------------------
1539  A18C              RECPTR_INC_STORE:
1540  A18C CD 7F A1             CALL CMP_CURREC_VS_WORKPTR
1541  A18F D8                   RET C
1542  A190 13                   INC DE
1543  A191 72                   LD (HL),D
1544  A192 2B                   DEC HL
1545  A193 73                   LD (HL),E
1546  A194 C9                   RET
1547  A195              ; ----------------------------------------------------------------------
1548  A195              ; SUB16_DE_HL -- 16-bit subtract HL := DE - HL.
1549  A195              ;   In: DE = minuend, HL = subtrahend.
1550  A195              ;   Out: HL = DE - HL; carry set on borrow (DE < HL unsigned); A holds the high-byte result.
1551  A195              ;   Clobbers: A,HL,flags. DE preserved.
1552  A195              ;   Algorithm: low bytes (E - L) -> L, then high bytes with borrow (D - H) -> H.
1553  A195              ;   [RE] general BDOS 16-bit compare/difference helper used by the record scan and seek logic.
1554  A195              ; ----------------------------------------------------------------------
1555  A195              SUB16_DE_HL:
1556  A195 7B                   LD A,E
1557  A196 95                   SUB L
1558  A197 6F                   LD L,A
1559  A198 7A                   LD A,D
1560  A199 9C                   SBC A,H
1561  A19A 67                   LD H,A
1562  A19B C9                   RET
1563  A19C              ; ----------------------------------------------------------------------
1564  A19C              ; RECORD_SCAN_INIT -- enter the directory-record scan in store mode (write A into the located byte).
1565  A19C              ;   In: see RECORD_SCAN_BODY.  Out: see RECORD_SCAN_BODY.  Clobbers: A,BC,DE,HL,flags.
1566  A19C              ;   Algorithm: set C=$FF so the INC C inside RECORD_SCAN_BODY wraps to 0 (Z) and takes the store
1567  A19C              ;              branch
1568  A19C              ;       (FCB_STORE_A_ORPHAN), then fall through into RECORD_SCAN_BODY.
1569  A19C              ;   [RE] thin mode-selecting entry to the shared directory-record scan.
1570  A19C              ; ----------------------------------------------------------------------
1571  A19C              RECORD_SCAN_INIT:
1572  A19C 0E FF                LD C,$FF
1573  A19E              ; ----------------------------------------------------------------------
1574  A19E              ; RECORD_SCAN_BODY -- scan to the target byte in the cached directory record, then store or compare
1575  A19E              ; A there.
1576  A19E              ;   In: C = mode (INC C wraps to 0 => store mode, else compare); REC_CACHE = record cursor;
1577  A19E              ;       REC_SCAN_PTR =
1578  A19E              ;       scan limit; REC_BYTE_OFFSET = byte offset; A = byte to store/compare; DIRBUF holds the
1579  A19E              ;       loaded record.
1580  A19E              ;   Out: store mode writes A (FCB_STORE_A_ORPHAN). Compare: Z on match; if no match and CUR_RECORD
1581  A19E              ;        is past the
1582  A19E              ;        stored count it flags the drive R/O (DRV_SETRO_H). NC if REC_CACHE-REC_SCAN_PTR did not
1583  A19E              ;        borrow.
1584  A19E              ;   Clobbers: A,BC,DE,HL,flags.
1585  A19E              ;   Algorithm: DE:=REC_CACHE, HL:=REC_SCAN_PTR; SUB16_DE_HL; RET NC if no borrow. Else DIR_CHECKSUM,
1586  A19E              ;              add
1587  A19E              ;       REC_BYTE_OFFSET to REC_CACHE to address the target byte. INC C: if it wrapped to 0, store A;
1588  A19E              ;       else CP (HL),
1589  A19E              ;       RET Z on match; on mismatch CMP_CURREC_VS_WORKPTR; RET NC if within count, else DRV_SETRO_H.
1590  A19E              ;   [RE] heart of the directory record scan/checksum loop in the BDOS deblocking layer.
1591  A19E              ; ----------------------------------------------------------------------
1592  A19E              RECORD_SCAN_BODY:
1593  A19E 2A EC A9             LD HL,(REC_CACHE)
1594  A1A1 EB                   EX DE,HL
1595  A1A2 2A CC A9             LD HL,(REC_SCAN_PTR)
1596  A1A5 CD 95 A1             CALL SUB16_DE_HL
1597  A1A8 D0                   RET NC
1598  A1A9 C5                   PUSH BC
1599  A1AA CD F7 A0             CALL DIR_CHECKSUM
1600  A1AD 2A BD A9             LD HL,(REC_BYTE_OFFSET)
1601  A1B0 EB                   EX DE,HL
1602  A1B1 2A EC A9             LD HL,(REC_CACHE)
1603  A1B4 19                   ADD HL,DE
1604  A1B5 C1                   POP BC
1605  A1B6 0C                   INC C
1606  A1B7 CA C4 A1             JP Z,FCB_STORE_A_ORPHAN
1607  A1BA BE                   CP (HL)
1608  A1BB C8                   RET Z
1609  A1BC CD 7F A1             CALL CMP_CURREC_VS_WORKPTR
1610  A1BF D0                   RET NC
1611  A1C0 CD 2C A1             CALL DRV_SETRO_H
1612  A1C3 C9                   RET
1613  A1C4              ; ----------------------------------------------------------------------
1614  A1C4              ; FCB_STORE_A_ORPHAN -- store the accumulator into the directory byte addressed by HL (scan
1615  A1C4              ; store-mode tail).
1616  A1C4              ;   In: HL -> target directory byte; A = value to store.  Out: (HL) = A.  Clobbers: none (memory
1617  A1C4              ;       only).
1618  A1C4              ;   Algorithm: LD (HL),A; RET.
1619  A1C4              ;   [RE] store-mode terminator branched to from RECORD_SCAN_BODY when INC C wrapped to 0.
1620  A1C4              ; ----------------------------------------------------------------------
1621  A1C4              FCB_STORE_A_ORPHAN:
1622  A1C4 77                   LD (HL),A
1623  A1C5 C9                   RET
1624  A1C6              ; ----------------------------------------------------------------------
1625  A1C6              ; DIR_RECORD_WRITE -- checksum-verify then write the directory buffer to disk as a record, and
1626  A1C6              ; refresh the user buffer.
1627  A1C6              ;   In: directory buffer (DIRBUF) and the BDOS deblock state set up by the caller.
1628  A1C6              ;   Out: the record is written to disk (with the R/O-on-tamper check); user DMA restored; errors
1629  A1C6              ;        raised via
1630  A1C6              ;        DISK_WRITE_CHECKED.  Clobbers: A,BC,DE,HL,flags.
1631  A1C6              ;   Algorithm: RECORD_SCAN_INIT runs the scan in store mode (re-checksums DIRBUF and sets the drive
1632  A1C6              ;              R/O on a
1633  A1C6              ;       tamper mismatch). SET_DMA_TO_DISK_BUF aims the BIOS DMA at DIRBUF; C=1 selects the directory
1634  A1C6              ;       write type;
1635  A1C6              ;       DISK_WRITE_CHECKED issues the BIOS WRITE and raises on error; JP RESTORE_USER_DMA restores
1636  A1C6              ;       the user DMA.
1637  A1C6              ;   [RE] directory-record write path; C=1 is the CP/M deblock directory-write code.
1638  A1C6              ; ----------------------------------------------------------------------
1639  A1C6              DIR_RECORD_WRITE:
1640  A1C6 CD 9C A1             CALL RECORD_SCAN_INIT
1641  A1C9 CD E0 A1             CALL SET_DMA_TO_DISK_BUF
1642  A1CC 0E 01                LD C,$01
1643  A1CE CD B8 9F             CALL DISK_WRITE_CHECKED
1644  A1D1 C3 DA A1             JP RESTORE_USER_DMA
1645  A1D4              ; ----------------------------------------------------------------------
1646  A1D4              ; DIR_RECORD_READ -- read a directory record from disk into the directory buffer, then restore the
1647  A1D4              ; user DMA.
1648  A1D4              ;   In: BDOS deblock state set up by the caller.
1649  A1D4              ;   Out: DIRBUF filled from disk; user DMA restored; errors raised via DISK_READ_CHECKED.  Clobbers:
1650  A1D4              ;        A,BC,DE,HL,flags.
1651  A1D4              ;   Algorithm: SET_DMA_TO_DISK_BUF, DISK_READ_CHECKED (BIOS READ + error check), then fall through
1652  A1D4              ;              into
1653  A1D4              ;       RESTORE_USER_DMA.
1654  A1D4              ;   [RE] directory-record read path; pairs with DIR_RECORD_WRITE.
1655  A1D4              ; ----------------------------------------------------------------------
1656  A1D4              DIR_RECORD_READ:
1657  A1D4 CD E0 A1             CALL SET_DMA_TO_DISK_BUF
1658  A1D7 CD B2 9F             CALL DISK_READ_CHECKED
1659  A1DA              ; ----------------------------------------------------------------------
1660  A1DA              ; RESTORE_USER_DMA -- restore the BIOS DMA address to the user's DMA buffer.
1661  A1DA              ;   In: DMA_ADDR cell holds the user DMA address.
1662  A1DA              ;   Out: BIOS DMA set to (DMA_ADDR) via the BIOS SETDMA vector.  Clobbers: BC,HL,flags.
1663  A1DA              ;   Algorithm: HL := address of the DMA_ADDR cell, then JP SET_DMA_FROM_CELL.
1664  A1DA              ;   [RE] used after directory I/O to put DMA back to the application buffer.
1665  A1DA              ; ----------------------------------------------------------------------
1666  A1DA              RESTORE_USER_DMA:
1667  A1DA 21 B1 A9             LD HL,DMA_ADDR
1668  A1DD C3 E3 A1             JP SET_DMA_FROM_CELL
1669  A1E0              ; ----------------------------------------------------------------------
1670  A1E0              ; SET_DMA_TO_DISK_BUF -- point the BIOS DMA at the directory/disk buffer (DIRBUF).
1671  A1E0              ;   In: DIRBUF_PTR cell holds the directory buffer address.
1672  A1E0              ;   Out: BIOS DMA set to (DIRBUF_PTR) via the BIOS SETDMA vector.  Clobbers: BC,HL,flags.
1673  A1E0              ;   Algorithm: HL := address of the DIRBUF_PTR cell, fall into SET_DMA_FROM_CELL.
1674  A1E0              ;   [RE] companion to RESTORE_USER_DMA; aims I/O at the OS directory buffer.
1675  A1E0              ; ----------------------------------------------------------------------
1676  A1E0              SET_DMA_TO_DISK_BUF:
1677  A1E0 21 B9 A9             LD HL,DIRBUF_PTR
1678  A1E3              ; ----------------------------------------------------------------------
1679  A1E3              ; SET_DMA_FROM_CELL -- load a DMA address from a 16-bit cell and hand it to the BIOS SETDMA vector.
1680  A1E3              ;   In: HL -> a 2-byte little-endian DMA address cell.
1681  A1E3              ;   Out: BIOS DMA set to (HL); tail-jumps into the BIOS SETDMA jump vector.  Clobbers: BC,HL.
1682  A1E3              ;   Algorithm: C := (HL), INC HL, B := (HL); JP $FA24 (BIOS SETDMA entry in the 2.23 BDOS->BIOS
1683  A1E3              ;              jump-vector page).
1684  A1E3              ;   [RE] shared tail of SET_DMA_TO_DISK_BUF and RESTORE_USER_DMA. 2.23 BIOS jump table is at Z-80
1685  A1E3              ;   $FA00
1686  A1E3              ;        (= Apple $0A00 low RAM); the 2.20 twin uses $AA24 here. [DOC
1687  A1E3              ;        feedback_softcard_z80_high_addr_is_low_apple_ram]
1688  A1E3              ; ----------------------------------------------------------------------
1689  A1E3              SET_DMA_FROM_CELL:
1690  A1E3 4E                   LD C,(HL)
1691  A1E4 23                   INC HL
1692  A1E5 46                   LD B,(HL)
1693  A1E6 C3 24 FA             JP $FA24
1694  A1E9              ; ----------------------------------------------------------------------
1695  A1E9              ; DISK_BUF_MOVE -- copy the 128-byte directory buffer into the user DMA buffer.
1696  A1E9              ;   In: DIRBUF_PTR -> source (directory buffer); DMA_ADDR -> destination (user DMA).
1697  A1E9              ;   Out: 128 bytes copied DIRBUF -> user DMA.  Clobbers: A,BC,DE,HL,flags.
1698  A1E9              ;   Algorithm: DE := (DIRBUF_PTR), HL := (DMA_ADDR), C := $80 (128), JP the byte-copy loop.
1699  A1E9              ;   [RE] deblock read-back: surfaces a directory-sector record to the application buffer.
1700  A1E9              ; ----------------------------------------------------------------------
1701  A1E9              DISK_BUF_MOVE:
1702  A1E9 2A B9 A9             LD HL,(DIRBUF_PTR)
1703  A1EC EB                   EX DE,HL
1704  A1ED 2A B1 A9             LD HL,(DMA_ADDR)
1705  A1F0 0E 80                LD C,$80
1706  A1F2 C3 4F 9F             JP BLOCK_COPY_INCC
1707  A1F5              ; ----------------------------------------------------------------------
1708  A1F5              ; CUR_RECORD_BYTES_EQUAL -- test whether the low and high bytes of the 16-bit CUR_RECORD cell are
1709  A1F5              ; equal.
1710  A1F5              ;   In: CUR_RECORD = a 16-bit cell (CUR_RECORD low, CUR_RECORD_HI high).
1711  A1F5              ;   Out: if the two bytes differ, NZ with A = the low byte; if equal, A = low byte + 1.  Clobbers:
1712  A1F5              ;        A,HL,flags.
1713  A1F5              ;   Algorithm: HL -> low byte; A := (HL); INC HL; CP (HL); RET NZ if they differ; else INC A and
1714  A1F5              ;              RET.
1715  A1F5              ;   [RE] deblock helper comparing the two halves of CUR_RECORD; called widely. The exact role of the
1716  A1F5              ;        equal/INC result is UNKNOWN from these bytes alone (callers consume A / the Z flag).
1717  A1F5              ; ----------------------------------------------------------------------
1718  A1F5              CUR_RECORD_BYTES_EQUAL:
1719  A1F5 21 EA A9             LD HL,CUR_RECORD
1720  A1F8 7E                   LD A,(HL)
1721  A1F9 23                   INC HL
1722  A1FA BE                   CP (HL)
1723  A1FB C0                   RET NZ
1724  A1FC 3C                   INC A
1725  A1FD C9                   RET
1726  A1FE              ; ----------------------------------------------------------------------
1727  A1FE              ; INVALIDATE_CUR_RECORD -- mark the cached record pointer invalid (CUR_RECORD := $FFFF).
1728  A1FE              ;   In: none.  Out: CUR_RECORD cell = $FFFF.  Clobbers: HL.
1729  A1FE              ;   Algorithm: HL := $FFFF; store to CUR_RECORD; RET.
1730  A1FE              ;   [RE] forces the next deblock access to reload, since $FFFF can never equal a real record number.
1731  A1FE              ; ----------------------------------------------------------------------
1732  A1FE              INVALIDATE_CUR_RECORD:
1733  A1FE 21 FF FF             LD HL,$FFFF
1734  A201 22 EA A9             LD (CUR_RECORD),HL
1735  A204 C9                   RET
1736  A205              ; ----------------------------------------------------------------------
1737  A205              ; DIR_READ_NEXT -- advance the directory record pointer and read the next directory record.
1738  A205              ;   In: CUR_RECORD = last directory record index processed; DPB_REC_PTR = total directory records on
1739  A205              ;       this drive.
1740  A205              ;   Out: CY/A per DIR_RECORD_DEBLOCK if a record remains; CUR_RECORD invalidated ($FFFF) at end of
1741  A205              ;        directory.
1742  A205              ;   Clobbers: A,DE,HL,flags.
1743  A205              ;   Algorithm: increment CUR_RECORD; if it has not passed DPB_REC_PTR, fall through to
1744  A205              ;              DIR_RECORD_DEBLOCK to
1745  A205              ;       position on the next 32-byte entry; else mark end-of-directory via INVALIDATE_CUR_RECORD.
1746  A205              ;   [RE] canonical CP/M 2.2 read-next-directory-entry sequencer.
1747  A205              ; ----------------------------------------------------------------------
1748  A205              DIR_READ_NEXT:
1749  A205 2A C8 A9             LD HL,(DPB_REC_PTR)
1750  A208 EB                   EX DE,HL
1751  A209 2A EA A9             LD HL,(CUR_RECORD)
1752  A20C                      ; CUR_RECORD += 1 (advance to the next directory record)
1753  A20C 23                   INC HL
1754  A20D 22 EA A9             LD (CUR_RECORD),HL
1755  A210 CD 95 A1             CALL SUB16_DE_HL
1756  A213 D2 19 A2             JP NC,DIR_RECORD_DEBLOCK
1757  A216 C3 FE A1             JP INVALIDATE_CUR_RECORD
1758  A219              ; ----------------------------------------------------------------------
1759  A219              ; DIR_RECORD_DEBLOCK -- position on the current 32-byte directory entry within its 128-byte record,
1760  A219              ; reading from disk on a boundary.
1761  A219              ;   In: CUR_RECORD = current directory record index.
1762  A219              ;   Out: DEBLOCK_BYTE_OFF = byte offset (0/32/64/96) of this entry in the buffer; on a fresh record
1763  A219              ;        the record
1764  A219              ;        has been read into the disk buffer.  Clobbers: A,BC,DE,HL,flags.
1765  A219              ;   Algorithm: offset = (CUR_RECORD & 3) << 5; store it; if non-zero the entry is already buffered
1766  A219              ;              so return;
1767  A219              ;       on a boundary (offset 0) compute the absolute disk record and read it into DIRBUF.
1768  A219              ;   [RE] CP/M packs four 32-byte directory entries per 128-byte record; this is the BDOS deblocking
1769  A219              ;   step.
1770  A219              ; ----------------------------------------------------------------------
1771  A219              DIR_RECORD_DEBLOCK:
1772  A219 3A EA A9             LD A,(CUR_RECORD)
1773  A21C E6 03                AND $03
1774  A21E 06 05                LD B,$05
1775  A220              ; ----------------------------------------------------------------------
1776  A220              ; DIR_DEBLOCK_SHIFT -- (record & 3) << 5 to form the 32-byte entry offset within the 128-byte
1777  A220              ; record. [RE]
1778  A220              ; ----------------------------------------------------------------------
1779  A220              DIR_DEBLOCK_SHIFT:
1780  A220 87                   ADD A,A
1781  A221 05                   DEC B
1782  A222 C2 20 A2             JP NZ,DIR_DEBLOCK_SHIFT
1783  A225 32 E9 A9             LD (DEBLOCK_BYTE_OFF),A
1784  A228 B7                   OR A
1785  A229 C0                   RET NZ
1786  A22A C5                   PUSH BC
1787  A22B CD C3 9F             CALL REC_DIV4_SETUP
1788  A22E CD D4 A1             CALL DIR_RECORD_READ
1789  A231 C1                   POP BC
1790  A232 C3 9E A1             JP RECORD_SCAN_BODY
1791  A235              ; ----------------------------------------------------------------------
1792  A235              ; ALLOC_BIT_GET -- fetch the allocation-vector bit for a given disk block, returning it in carry.
1793  A235              ;   In: BC = block (group) number.
1794  A235              ;   Out: carry/high bit of A = current allocation state; A = the allocation byte rotated so the
1795  A235              ;        wanted bit is
1796  A235              ;        in the MSB; HL = address of that byte in the allocation vector; D = E = bit index.
1797  A235              ;        Clobbers: A,BC,DE,HL,flags.
1798  A235              ;   Algorithm: D=E=(block & 7)+1 = 1-based bit index (rotate count); byte index = block >> 3; add to
1799  A235              ;              ALLOC_VEC_PTR;
1800  A235              ;       load the byte and rotate left by the bit index so the selected bit lands in carry/MSB.
1801  A235              ;   [RE] canonical CP/M 2.2 getmod: read one allocation bit from the bit-vector.
1802  A235              ; ----------------------------------------------------------------------
1803  A235              ALLOC_BIT_GET:
1804  A235 79                   LD A,C
1805  A236 E6 07                AND $07
1806  A238 3C                   INC A
1807  A239 5F                   LD E,A
1808  A23A 57                   LD D,A
1809  A23B 79                   LD A,C
1810  A23C 0F                   RRCA
1811  A23D 0F                   RRCA
1812  A23E 0F                   RRCA
1813  A23F E6 1F                AND $1F
1814  A241 4F                   LD C,A
1815  A242 78                   LD A,B
1816  A243 87                   ADD A,A
1817  A244 87                   ADD A,A
1818  A245 87                   ADD A,A
1819  A246 87                   ADD A,A
1820  A247 87                   ADD A,A
1821  A248 B1                   OR C
1822  A249 4F                   LD C,A
1823  A24A 78                   LD A,B
1824  A24B 0F                   RRCA
1825  A24C 0F                   RRCA
1826  A24D 0F                   RRCA
1827  A24E E6 1F                AND $1F
1828  A250 47                   LD B,A
1829  A251 2A BF A9             LD HL,(ALLOC_VEC_PTR)
1830  A254 09                   ADD HL,BC
1831  A255 7E                   LD A,(HL)
1832  A256              ; ----------------------------------------------------------------------
1833  A256              ; ALLOC_BIT_ROTATE -- rotate the allocation byte left D=bit-index times to land the wanted bit in
1834  A256              ; the MSB. [RE]
1835  A256              ; ----------------------------------------------------------------------
1836  A256              ALLOC_BIT_ROTATE:
1837  A256 07                   RLCA
1838  A257 1D                   DEC E
1839  A258 C2 56 A2             JP NZ,ALLOC_BIT_ROTATE
1840  A25B C9                   RET
1841  A25C              ; ----------------------------------------------------------------------
1842  A25C              ; ALLOC_BIT_WRITE -- write one block's allocation-vector bit to a caller-supplied value.
1843  A25C              ;   In: BC = block (group) number; E = the bit value to store (1 = in use, 0 = free).
1844  A25C              ;   Out: that block's bit in the allocation vector is set to E. Clobbers: A,BC,DE,HL,flags.
1845  A25C              ;   Algorithm: PUSH DE saves the caller's value FIRST, because ALLOC_BIT_GET overwrites both
1846  A25C              ;       D and E with the bit index. ALLOC_BIT_GET returns the byte left-rotated so the target
1847  A25C              ;       bit is the LSB, HL pointing at it, and D = the rotate count. AND $FE clears that bit,
1848  A25C              ;       POP BC recovers the saved pair so C is the caller's value, and OR C writes it in;
1849  A25C              ;       ALLOC_BIT_RESTORE rotates back D times and stores.
1850  A25C              ;   The bit is NOT forced to 1 -- this is the one primitive for both directions, and which
1851  A25C              ;   direction it performs is entirely the caller's C. An earlier annotation here read "OR in 1
1852  A25C              ;   to set the target bit", which made the delete path look like it contradicted its own
1853  A25C              ;   comment. It does not: F_DELETE passes C=0 and frees, ALLOC_VECTOR_BUILD passes C=1. [RE]
1854  A25C              ; ----------------------------------------------------------------------
1855  A25C              ALLOC_BIT_WRITE:
1856  A25C D5                   PUSH DE
1857  A25D CD 35 A2             CALL ALLOC_BIT_GET
1858  A260 E6 FE                AND $FE
1859  A262 C1                   POP BC
1860  A263 B1                   OR C
1861  A264              ; ----------------------------------------------------------------------
1862  A264              ; ALLOC_BIT_RESTORE -- rotate the allocation byte right D times to restore alignment, then store it
1863  A264              ; back. [RE]
1864  A264              ; ----------------------------------------------------------------------
1865  A264              ALLOC_BIT_RESTORE:
1866  A264 0F                   RRCA
1867  A265 15                   DEC D
1868  A266 C2 64 A2             JP NZ,ALLOC_BIT_RESTORE
1869  A269 77                   LD (HL),A
1870  A26A C9                   RET
1871  A26B              ; ----------------------------------------------------------------------
1872  A26B              ; ALLOC_FROM_FCB -- apply a directory entry's block map to the allocation vector.
1873  A26B              ;   In: C = the bit value to write for each block (1 = in use, 0 = free); it is stashed by
1874  A26B              ;       PUSH BC and recirculated through DE each iteration, reaching ALLOC_BIT_WRITE in E.
1875  A26B              ;       In: DEBLOCK_BYTE_OFF positions HL on the current 32-byte directory entry; BLOCK_WIDTH_FLAG
1876  A26B              ;       selects 8-bit
1877  A26B              ;       (non-zero, DSM<256) vs 16-bit (zero) block numbers; entry holds a 16-byte block map at
1878  A26B              ;       offset $10.
1879  A26B              ;   Out: every non-zero, in-range block of this entry has its allocation bit set to the
1880  A26B              ;        CALLER'S value -- C=1 marks them in use (directory rebuild), C=0 frees them
1881  A26B              ;        (F_DELETE). The routine itself is direction-agnostic. Clobbers: A,BC,DE,HL,flags.
1882  A26B              ;   Algorithm: point HL at the block map (entry+$10); iterate 16 (8-bit) or 8 (16-bit) pointers;
1883  A26B              ;              read each block
1884  A26B              ;       number; if non-zero and <= MAX_BLOCK_DSM, mark it allocated via ALLOC_BIT_WRITE.
1885  A26B              ;   [RE] canonical CP/M 2.2 directory-entry allocation-map application used when rebuilding the
1886  A26B              ;   allocation vector.
1887  A26B              ; ----------------------------------------------------------------------
1888  A26B              ALLOC_FROM_FCB:
1889  A26B CD 5E A1             CALL FCB_BUF_PTR_ADD_OFFSET
1890  A26E                      ; point HL at the 16-byte block map at directory-entry offset $10
1891  A26E 11 10 00             LD DE,$0010
1892  A271 19                   ADD HL,DE
1893  A272 C5                   PUSH BC
1894  A273 0E 11                LD C,$11
1895  A275              ; ----------------------------------------------------------------------
1896  A275              ; ALLOC_FROM_FCB_LOOP -- per block-map slot: dispatch 8-bit vs 16-bit block-number handling. [RE]
1897  A275              ; ----------------------------------------------------------------------
1898  A275              ALLOC_FROM_FCB_LOOP:
1899  A275 D1                   POP DE
1900  A276 0D                   DEC C
1901  A277 C8                   RET Z
1902  A278 D5                   PUSH DE
1903  A279 3A DD A9             LD A,(BLOCK_WIDTH_FLAG)
1904  A27C B7                   OR A
1905  A27D CA 88 A2             JP Z,ALLOC_FROM_FCB_WIDE
1906  A280 C5                   PUSH BC
1907  A281 E5                   PUSH HL
1908  A282 4E                   LD C,(HL)
1909  A283 06 00                LD B,$00
1910  A285 C3 8E A2             JP ALLOC_FROM_FCB_CHECK
1911  A288              ; ----------------------------------------------------------------------
1912  A288              ; ALLOC_FROM_FCB_WIDE -- 8-bit block path: load a single block byte into BC. [RE]
1913  A288              ; ----------------------------------------------------------------------
1914  A288              ALLOC_FROM_FCB_WIDE:
1915  A288 0D                   DEC C
1916  A289 C5                   PUSH BC
1917  A28A 4E                   LD C,(HL)
1918  A28B 23                   INC HL
1919  A28C 46                   LD B,(HL)
1920  A28D E5                   PUSH HL
1921  A28E              ; ----------------------------------------------------------------------
1922  A28E              ; ALLOC_FROM_FCB_CHECK -- mark the block used if it is non-zero and within MAX_BLOCK_DSM. [RE]
1923  A28E              ; ----------------------------------------------------------------------
1924  A28E              ALLOC_FROM_FCB_CHECK:
1925  A28E 79                   LD A,C
1926  A28F B0                   OR B
1927  A290 CA 9D A2             JP Z,ALLOC_FROM_FCB_NEXT
1928  A293 2A C6 A9             LD HL,(MAX_BLOCK_DSM)
1929  A296 7D                   LD A,L
1930  A297 91                   SUB C
1931  A298 7C                   LD A,H
1932  A299 98                   SBC A,B
1933  A29A D4 5C A2             CALL NC,ALLOC_BIT_WRITE
1934  A29D              ; ----------------------------------------------------------------------
1935  A29D              ; ALLOC_FROM_FCB_NEXT -- advance to the next block-map slot and loop. [RE]
1936  A29D              ; ----------------------------------------------------------------------
1937  A29D              ALLOC_FROM_FCB_NEXT:
1938  A29D E1                   POP HL
1939  A29E 23                   INC HL
1940  A29F C1                   POP BC
1941  A2A0 C3 75 A2             JP ALLOC_FROM_FCB_LOOP
1942  A2A3              ; ----------------------------------------------------------------------
1943  A2A3              ; ALLOC_VECTOR_BUILD -- rebuild the drive's allocation bit-vector by scanning the entire directory.
1944  A2A3              ;   In: selected drive's DPB fields (MAX_BLOCK_DSM, directory-reserved-blocks word at ALLOC_END_PTR,
1945  A2A3              ;       ALLOC_VEC_PTR).
1946  A2A3              ;   Out: allocation vector fully populated: reserved directory blocks plus every block referenced by
1947  A2A3              ;        a non-deleted
1948  A2A3              ;        directory entry are marked used.  Clobbers: A,BC,DE,HL,flags.
1949  A2A3              ;   Algorithm: zero the allocation vector across its whole length ((DSM+1)/8 bytes); seed the
1950  A2A3              ;              reserved directory
1951  A2A3              ;       blocks; reset the scan workspace to read from the start; for each entry skip deleted ($E5)
1952  A2A3              ;       ones, run a
1953  A2A3              ;       '$' SUBMIT probe against the current user / '$' name byte, and ALLOC_FROM_FCB to
1954  A2A3              ;       mark its blocks;
1955  A2A3              ;       advance until the directory is exhausted.
1956  A2A3              ;   [RE] canonical CP/M 2.2 drive-init allocation-vector builder, invoked on drive selection /
1957  A2A3              ;   reset.
1958  A2A3              ; THE '$' SUBMIT PROBE (resolved 2026-07-31; was marked [?] / UNKNOWN).
1959  A2A3              ;   While scanning the directory, this sets the BDOS return value to $FF if the CURRENT USER
1960  A2A3              ;   has a file whose name begins with '$'. That is DRI's documented CP/M 2.2 behaviour for
1961  A2A3              ;   function 13 (Reset Disk System): it logs in drive A and "returns 0FFh if there is a file
1962  A2A3              ;   present whose name begins with a $, otherwise 0". The CCP uses it to notice $$$.SUB, the
1963  A2A3              ;   SUBMIT continuation file, so a batch resumes after a warm boot. It is STANDARD DRI CODE,
1964  A2A3              ;   not a SoftCard addition: the 2.20 and 2.23 BDOSes carry it identically.
1965  A2A3              ;
1966  A2A3              ;   The reason it read as unknown was the label. BDOS_USER_NUM is the CURRENT USER NUMBER
1967  A2A3              ;   cell, not a stack cell: F_USERNUM_H (fn 32) writes it and FCB_MERGE_USER ORs it into
1968  A2A3              ;   FCB byte 0. DRI overlapped it with the BDOS stack top to save a byte -- BDOS_DISPATCH
1969  A2A3              ;   does LD SP,BDOS_USER_NUM, and because the Z-80 decrements SP BEFORE writing, pushes land
1970  A2A3              ;   at BDOS_USER_NUM-1 and below and never disturb the byte itself.
1971  A2A3              ;
1972  A2A3              ;   So the sequence reads: A = current user; equal to this entry's user byte? then is its
1973  A2A3              ;   first name character '$'? then A (which is 0 from the SUB) becomes $FF and is stored as
1974  A2A3              ;   the function's result. [RE]
1975  A2A3              ; ----------------------------------------------------------------------
1976  A2A3              ALLOC_VECTOR_BUILD:
1977  A2A3 2A C6 A9             LD HL,(MAX_BLOCK_DSM)
1978  A2A6 0E 03                LD C,$03
1979  A2A8 CD EA A0             CALL DRV_INSTALL_RWTS_10
1980  A2AB 23                   INC HL
1981  A2AC 44                   LD B,H
1982  A2AD 4D                   LD C,L
1983  A2AE 2A BF A9             LD HL,(ALLOC_VEC_PTR)
1984  A2B1              ; ----------------------------------------------------------------------
1985  A2B1              ; ALLOC_VECTOR_CLEAR_LOOP -- zero the allocation vector across its full (DSM+1)/8 byte length. [RE]
1986  A2B1              ; ----------------------------------------------------------------------
1987  A2B1              ALLOC_VECTOR_CLEAR_LOOP:
1988  A2B1 36 00                LD (HL),$00
1989  A2B3 23                   INC HL
1990  A2B4 0B                   DEC BC
1991  A2B5 78                   LD A,B
1992  A2B6 B1                   OR C
1993  A2B7 C2 B1 A2             JP NZ,ALLOC_VECTOR_CLEAR_LOOP
1994  A2BA 2A CA A9             LD HL,(ALLOC_END_PTR)
1995  A2BD EB                   EX DE,HL
1996  A2BE 2A BF A9             LD HL,(ALLOC_VEC_PTR)
1997  A2C1 73                   LD (HL),E
1998  A2C2 23                   INC HL
1999  A2C3 72                   LD (HL),D
2000  A2C4 CD A1 9F             CALL DISK_HOME_CLEAR_SCAN
2001  A2C7 2A B3 A9             LD HL,(DPB_WORK_PTR0)
2002  A2CA 36 03                LD (HL),$03
2003  A2CC 23                   INC HL
2004  A2CD 36 00                LD (HL),$00
2005  A2CF CD FE A1             CALL INVALIDATE_CUR_RECORD
2006  A2D2              ; ----------------------------------------------------------------------
2007  A2D2              ; ALLOC_VECTOR_SCAN_LOOP -- read each directory entry, skipping erased ($E5) ones, applying the
2008  A2D2              ; '$' SUBMIT probe (see ALLOC_VECTOR_BUILD's header). [RE]
2009  A2D2              ; ----------------------------------------------------------------------
2010  A2D2              ALLOC_VECTOR_SCAN_LOOP:
2011  A2D2 0E FF                LD C,$FF
2012  A2D4 CD 05 A2             CALL DIR_READ_NEXT
2013  A2D7 CD F5 A1             CALL CUR_RECORD_BYTES_EQUAL
2014  A2DA C8                   RET Z
2015  A2DB CD 5E A1             CALL FCB_BUF_PTR_ADD_OFFSET
2016  A2DE 3E E5                LD A,$E5
2017  A2E0 BE                   CP (HL)
2018  A2E1 CA D2 A2             JP Z,ALLOC_VECTOR_SCAN_LOOP
2019  A2E4                      ; A = the current user number; does this entry belong to that user?
2020  A2E4 3A 41 9F             LD A,(BDOS_USER_NUM)
2021  A2E7 BE                   CP (HL)
2022  A2E8 C2 F6 A2             JP NZ,ALLOC_VECTOR_SCAN_MARK
2023  A2EB 23                   INC HL
2024  A2EC 7E                   LD A,(HL)
2025  A2ED                      ; Does the name begin with '$'? (SUB leaves A=0 when it does.)
2026  A2ED D6 24                SUB $24
2027  A2EF C2 F6 A2             JP NZ,ALLOC_VECTOR_SCAN_MARK
2028  A2F2                      ; A was 0, so this makes it $FF: fn 13's "a '$' file exists" result, which the CCP
2029  A2F2                      ; reads to notice $$$.SUB and resume a SUBMIT batch.
2030  A2F2 3D                   DEC A
2031  A2F3 32 45 9F             LD (BDOS_RETVAL),A
2032  A2F6              ; ----------------------------------------------------------------------
2033  A2F6              ; ALLOC_VECTOR_SCAN_MARK -- mark this entry's blocks used (ALLOC_FROM_FCB) and advance the scan.
2034  A2F6              ; [RE]
2035  A2F6              ; ----------------------------------------------------------------------
2036  A2F6              ALLOC_VECTOR_SCAN_MARK:
2037  A2F6 0E 01                LD C,$01
2038  A2F8 CD 6B A2             CALL ALLOC_FROM_FCB
2039  A2FB CD 8C A1             CALL RECPTR_INC_STORE
2040  A2FE C3 D2 A2             JP ALLOC_VECTOR_SCAN_LOOP
2041  A301              ; ----------------------------------------------------------------------
2042  A301              ; DIR_RETURN_MATCH_FLAG -- return the saved directory-search match status as the BDOS result.
2043  A301              ;   In: DIR_MATCH_FLAG (DIR_MATCH_FLAG) holds the last directory scan result ($FF=no match, else the
2044  A301              ;       0..3 entry index).
2045  A301              ;   Out: A = DIR_MATCH_FLAG; stored to the BDOS result byte (BDOS_RETVAL) via the common
2046  A301              ;        result-store path.  Clobbers: A.
2047  A301              ;   Algorithm: load the cached search-match flag and tail-jump into the common result store.
2048  A301              ;   [RE] common return tail of F_DELETE_HND / F_RENAME_HND / F_ATTRIB_HND.
2049  A301              ; ----------------------------------------------------------------------
2050  A301              DIR_RETURN_MATCH_FLAG:
2051  A301 3A D4 A9             LD A,(DIR_MATCH_FLAG)
2052  A304 C3 01 9F             JP BDOS_RET_RESULT
2053  A307              ; ----------------------------------------------------------------------
2054  A307              ; FCB_EXTENT_COMPARE -- compare two FCB extent bytes under the drive's extent mask.
2055  A307              ;   In: C = one extent byte; A = the other extent byte; EXTENT_MASK (DPB_EXM) = DPB EXM.
2056  A307              ;   Out: A,flags = ((A & ~mask) - (C & ~mask)) & $1F; Z set when the high extent fields match.
2057  A307              ;        Clobbers: A (BC/AF saved+restored).
2058  A307              ;   Algorithm: complement EXM, AND it into both extent bytes (dropping the masked low bits),
2059  A307              ;              subtract, keep five
2060  A307              ;       bits, and test for equality.
2061  A307              ;   [RE]
2062  A307              ; ----------------------------------------------------------------------
2063  A307              FCB_EXTENT_COMPARE:
2064  A307 C5                   PUSH BC
2065  A308 F5                   PUSH AF
2066  A309 3A C5 A9             LD A,(DPB_EXM)
2067  A30C 2F                   CPL
2068  A30D 47                   LD B,A
2069  A30E 79                   LD A,C
2070  A30F A0                   AND B
2071  A310 4F                   LD C,A
2072  A311 F1                   POP AF
2073  A312 A0                   AND B
2074  A313 91                   SUB C
2075  A314                      ; keep five extent bits for the masked extent comparison
2076  A314 E6 1F                AND $1F
2077  A316 C1                   POP BC
2078  A317 C9                   RET
2079  A318              ; ----------------------------------------------------------------------
2080  A318              ; DIR_SEARCH_FIRST -- begin a directory scan for the current FCB, comparing C bytes per entry.
2081  A318              ;   In: C = number of FCB bytes to match ($0C=name+type, $0F=incl. extent); FCB pointer in
2082  A318              ;       CURFCB_PTR (BDOS_PARAM_PTR).
2083  A318              ;   Out: falls through into BDOS_DIR_SCAN_NEXT, which returns the within-record entry index 0..3 or
2084  A318              ;        $FF.
2085  A318              ;   Clobbers: A,B,C,D,E,H,L,flags.
2086  A318              ;   Algorithm: set DIR_MATCH_FLAG=$FF, store the compare length (DIR_CMP_LEN) and search-FCB pointer
2087  A318              ;              (DIR_FCB_PTR), reset
2088  A318              ;       the record counter to -1 (INVALIDATE_CUR_RECORD), rewind/clear the scan state, then run the
2089  A318              ;       first pass.
2090  A318              ;   [RE]
2091  A318              ; ----------------------------------------------------------------------
2092  A318              DIR_SEARCH_FIRST:
2093  A318 3E FF                LD A,$FF
2094  A31A 32 D4 A9             LD (DIR_MATCH_FLAG),A
2095  A31D 21 D8 A9             LD HL,DIR_CMP_LEN
2096  A320 71                   LD (HL),C
2097  A321 2A 43 9F             LD HL,(BDOS_PARAM_PTR)
2098  A324 22 D9 A9             LD (DIR_FCB_PTR),HL
2099  A327 CD FE A1             CALL INVALIDATE_CUR_RECORD
2100  A32A CD A1 9F             CALL DISK_HOME_CLEAR_SCAN
2101  A32D              ; ----------------------------------------------------------------------
2102  A32D              ; BDOS_DIR_SCAN_NEXT -- advance through directory entries until one matches the search FCB.
2103  A32D              ;   In: search-FCB pointer in DIR_FCB_PTR (DIR_FCB_PTR); compare length in DIR_CMP_LEN
2104  A32D              ;       (DIR_CMP_LEN).
2105  A32D              ;   Out: A = matching entry index (0..3) on success (DIR_MATCH_FOUND); not-found via DIR_NO_MATCH
2106  A32D              ;        ($FF result).
2107  A32D              ;   Clobbers: A,B,C,D,E,H,L,flags.
2108  A32D              ;   Algorithm: step to the next directory record (DIR_READ_NEXT); if the counter passed the
2109  A32D              ;              directory limit ->
2110  A32D              ;       not found; otherwise treat erased ($E5) entries specially and bound-check
2111  A32D              ;       (CMP_CURREC_VS_WORKPTR), then
2112  A32D              ;       fall into the per-entry compare; on full match -> DIR_MATCH_FOUND, else loop to the next
2113  A32D              ;       entry/record.
2114  A32D              ;   [RE] standard CP/M 2.2 directory search-next with '?' wildcards.
2115  A32D              ; ----------------------------------------------------------------------
2116  A32D              BDOS_DIR_SCAN_NEXT:
2117  A32D 0E 00                LD C,$00
2118  A32F CD 05 A2             CALL DIR_READ_NEXT
2119  A332 CD F5 A1             CALL CUR_RECORD_BYTES_EQUAL
2120  A335 CA 94 A3             JP Z,DIR_NO_MATCH
2121  A338 2A D9 A9             LD HL,(DIR_FCB_PTR)
2122  A33B EB                   EX DE,HL
2123  A33C 1A                   LD A,(DE)
2124  A33D FE E5                CP $E5
2125  A33F CA 4A A3             JP Z,BDOS_DIR_SCAN_NEXT_CMP
2126  A342 D5                   PUSH DE
2127  A343 CD 7F A1             CALL CMP_CURREC_VS_WORKPTR
2128  A346 D1                   POP DE
2129  A347 D2 94 A3             JP NC,DIR_NO_MATCH
2130  A34A              ; ----------------------------------------------------------------------
2131  A34A              ; BDOS_DIR_SCAN_NEXT_CMP -- set up the per-entry compare loop for BDOS_DIR_SCAN_NEXT.
2132  A34A              ;   In: DE -> directory entry; FCB bytes via FCB_BUF_PTR_ADD_OFFSET; DIR_CMP_LEN (DIR_CMP_LEN) bytes
2133  A34A              ;       to compare.
2134  A34A              ;   Out: B=0 (index), C=compare count; falls into DIR_CMP_BYTE_LOOP.  Clobbers: A,B,C,H,L,flags.
2135  A34A              ;   Algorithm: point HL at the FCB bytes, load the compare length into C, zero the byte index B,
2136  A34A              ;              enter the loop.
2137  A34A              ;   [RE]
2138  A34A              ; ----------------------------------------------------------------------
2139  A34A              BDOS_DIR_SCAN_NEXT_CMP:
2140  A34A CD 5E A1             CALL FCB_BUF_PTR_ADD_OFFSET
2141  A34D 3A D8 A9             LD A,(DIR_CMP_LEN)
2142  A350 4F                   LD C,A
2143  A351 06 00                LD B,$00
2144  A353              ; ----------------------------------------------------------------------
2145  A353              ; DIR_CMP_BYTE_LOOP -- compare one FCB byte against the directory entry, honoring wildcards.
2146  A353              ;   In: C = bytes remaining; B = byte index; DE -> entry byte; HL -> FCB byte.
2147  A353              ;   Out: count exhausted -> DIR_MATCH_FOUND; mismatch -> restart BDOS_DIR_SCAN_NEXT; else step via
2148  A353              ;        DIR_CMP_ADVANCE.
2149  A353              ;   Clobbers: A,flags (DE,HL,B,C advanced by DIR_CMP_ADVANCE).
2150  A353              ;   Algorithm: count==0 ends the entry as a match; entry byte '?' ($3F) is a wildcard; index 13
2151  A353              ;              ($0D, S1) is
2152  A353              ;       skipped; index 12 ($0C) is the extent field (DIR_CMP_EXTENT); otherwise the two bytes must
2153  A353              ;       match in the
2154  A353              ;       low 7 bits.
2155  A353              ;   [RE]
2156  A353              ; ----------------------------------------------------------------------
2157  A353              DIR_CMP_BYTE_LOOP:
2158  A353 79                   LD A,C
2159  A354 B7                   OR A
2160  A355 CA 83 A3             JP Z,DIR_MATCH_FOUND
2161  A358 1A                   LD A,(DE)
2162  A359 FE 3F                CP $3F
2163  A35B CA 7C A3             JP Z,DIR_CMP_ADVANCE
2164  A35E 78                   LD A,B
2165  A35F FE 0D                CP $0D
2166  A361 CA 7C A3             JP Z,DIR_CMP_ADVANCE
2167  A364 FE 0C                CP $0C
2168  A366 1A                   LD A,(DE)
2169  A367 CA 73 A3             JP Z,DIR_CMP_EXTENT
2170  A36A 96                   SUB (HL)
2171  A36B E6 7F                AND $7F
2172  A36D C2 2D A3             JP NZ,BDOS_DIR_SCAN_NEXT
2173  A370 C3 7C A3             JP DIR_CMP_ADVANCE
2174  A373              ; ----------------------------------------------------------------------
2175  A373              ; DIR_CMP_EXTENT -- compare the extent byte during the directory match.
2176  A373              ;   In: HL -> FCB extent byte; A = entry extent byte; B/C preserved across the call.
2177  A373              ;   Out: equal -> DIR_CMP_ADVANCE; unequal -> restart BDOS_DIR_SCAN_NEXT.  Clobbers: A,flags (BC
2178  A373              ;        saved+restored).
2179  A373              ;   Algorithm: load the FCB extent byte into C, FCB_EXTENT_COMPARE on the entry extent (A) and the
2180  A373              ;              FCB extent
2181  A373              ;       under EXM; Z continues, NZ rejects this entry.
2182  A373              ;   [RE]
2183  A373              ; ----------------------------------------------------------------------
2184  A373              DIR_CMP_EXTENT:
2185  A373 C5                   PUSH BC
2186  A374 4E                   LD C,(HL)
2187  A375 CD 07 A3             CALL FCB_EXTENT_COMPARE
2188  A378 C1                   POP BC
2189  A379 C2 2D A3             JP NZ,BDOS_DIR_SCAN_NEXT
2190  A37C              ; ----------------------------------------------------------------------
2191  A37C              ; DIR_CMP_ADVANCE -- step to the next byte of the entry/FCB compare.
2192  A37C              ;   In: DE -> entry byte, HL -> FCB byte, B = index, C = count remaining.
2193  A37C              ;   Out: DE,HL incremented; B incremented; C decremented; loops back to DIR_CMP_BYTE_LOOP.
2194  A37C              ;        Clobbers: B,C,D,E,H,L.
2195  A37C              ;   Algorithm: advance both pointers, bump the index, drop the count, re-enter the byte loop.
2196  A37C              ;   [RE]
2197  A37C              ; ----------------------------------------------------------------------
2198  A37C              DIR_CMP_ADVANCE:
2199  A37C 13                   INC DE
2200  A37D 23                   INC HL
2201  A37E 04                   INC B
2202  A37F 0D                   DEC C
2203  A380 C3 53 A3             JP DIR_CMP_BYTE_LOOP
2204  A383              ; ----------------------------------------------------------------------
2205  A383              ; DIR_MATCH_FOUND -- record a successful directory match and return its index.
2206  A383              ;   In: CUR_RECORD (CUR_RECORD) = current directory record number.
2207  A383              ;   Out: BDOS result byte (BDOS_RETVAL) = record & 3 (entry index 0..3); DIR_MATCH_FLAG cleared to 0
2208  A383              ;        if still negative.
2209  A383              ;   Clobbers: A,H,L,flags.
2210  A383              ;   Algorithm: compute the within-record entry index (record mod 4) into the result byte; if
2211  A383              ;              DIR_MATCH_FLAG still
2212  A383              ;       has its sign bit set (=$FF, not yet matched), zero it to mark 'matched'.
2213  A383              ;   [RE]
2214  A383              ; ----------------------------------------------------------------------
2215  A383              DIR_MATCH_FOUND:
2216  A383 3A EA A9             LD A,(CUR_RECORD)
2217  A386 E6 03                AND $03
2218  A388 32 45 9F             LD (BDOS_RETVAL),A
2219  A38B 21 D4 A9             LD HL,DIR_MATCH_FLAG
2220  A38E 7E                   LD A,(HL)
2221  A38F 17                   RLA
2222  A390 D0                   RET NC
2223  A391 AF                   XOR A
2224  A392 77                   LD (HL),A
2225  A393 C9                   RET
2226  A394              ; ----------------------------------------------------------------------
2227  A394              ; DIR_NO_MATCH -- terminate a directory scan with 'not found'.
2228  A394              ;   In: none.  Out: BDOS result byte (BDOS_RETVAL) = $FF; record counter reset to -1.  Clobbers:
2229  A394              ;       A,H,L,flags.
2230  A394              ;   Algorithm: INVALIDATE_CUR_RECORD, then store $FF as the BDOS result.
2231  A394              ;   [RE]
2232  A394              ; ----------------------------------------------------------------------
2233  A394              DIR_NO_MATCH:
2234  A394 CD FE A1             CALL INVALIDATE_CUR_RECORD
2235  A397 3E FF                LD A,$FF
2236  A399 C3 01 9F             JP BDOS_RET_RESULT
2237  A39C              ; ----------------------------------------------------------------------
2238  A39C              ; F_DELETE_HND -- delete every directory entry matching the FCB (BDOS function 19).
2239  A39C              ;   In: CURFCB_PTR (BDOS_PARAM_PTR) -> FCB (may contain '?' wildcards). Reached from the dispatcher
2240  A39C              ;       fn 19.
2241  A39C              ;   Out: matching directory entries marked erased ($E5) and written back; result via the search
2242  A39C              ;        tail.
2243  A39C              ;   Clobbers: A,B,C,D,E,H,L,flags.
2244  A39C              ;   Algorithm: log in the drive (CHECK_DRIVE_READONLY), DIR_SEARCH_FIRST on 12 FCB bytes
2245  A39C              ;              (name+type), then fall
2246  A39C              ;       into F_DELETE_LOOP to erase each match.
2247  A39C              ;   [RE] CP/M 2.2 F_DELETE.
2248  A39C              ; ----------------------------------------------------------------------
2249  A39C              F_DELETE_HND:
2250  A39C CD 54 A1             CALL CHECK_DRIVE_READONLY
2251  A39F                      ; compare 12 bytes (name+type) when searching for entries to delete
2252  A39F 0E 0C                LD C,$0C
2253  A3A1 CD 18 A3             CALL DIR_SEARCH_FIRST
2254  A3A4              ; ----------------------------------------------------------------------
2255  A3A4              ; F_DELETE_LOOP -- erase-and-write each matching directory entry, then search the next.
2256  A3A4              ;   In: a pending search result from DIR_SEARCH_FIRST / NEXT.  Out: returns when no further matches
2257  A3A4              ;       remain.
2258  A3A4              ;   Clobbers: A,B,C,D,E,H,L,flags.
2259  A3A4              ;   Algorithm: stop when CUR_RECORD_BYTES_EQUAL reports no match; reject if read-only
2260  A3A4              ;              (FCB_RO_FLAG_TEST); point at
2261  A3A4              ;       the matched entry, set its first byte to $E5, clear the entry's allocation map
2262  A3A4              ;       (ALLOC_FROM_FCB), write the
2263  A3A4              ;       directory record (DIR_RECORD_WRITE), search-next, repeat.
2264  A3A4              ;   [RE]
2265  A3A4              ; ----------------------------------------------------------------------
2266  A3A4              F_DELETE_LOOP:
2267  A3A4 CD F5 A1             CALL CUR_RECORD_BYTES_EQUAL
2268  A3A7 C8                   RET Z
2269  A3A8 CD 44 A1             CALL FCB_RO_FLAG_TEST
2270  A3AB CD 5E A1             CALL FCB_BUF_PTR_ADD_OFFSET
2271  A3AE 36 E5                LD (HL),$E5
2272  A3B0 0E 00                LD C,$00
2273  A3B2 CD 6B A2             CALL ALLOC_FROM_FCB
2274  A3B5 CD C6 A1             CALL DIR_RECORD_WRITE
2275  A3B8 CD 2D A3             CALL BDOS_DIR_SCAN_NEXT
2276  A3BB C3 A4 A3             JP F_DELETE_LOOP
2277  A3BE              ; ----------------------------------------------------------------------
2278  A3BE              ; ALLOC_GET_BLOCK -- find/allocate a disk block near a starting block, marking it used.
2279  A3BE              ;   In: BC = starting block number (passed by the write core when extending a file).
2280  A3BE              ;   Out: HL = the block number actually claimed (0 if none free); its allocation-vector bit set.
2281  A3BE              ;        Clobbers: A,B,C,D,E,H,L,flags.
2282  A3BE              ;   Algorithm: copy the start block to DE, scan downward then upward testing each block's allocation
2283  A3BE              ;              bit
2284  A3BE              ;       (ALLOC_BIT_GET), bounded by MAX_BLOCK_DSM; mark the chosen block used (ALLOC_BIT_RESTORE)
2285  A3BE              ;       and return it,
2286  A3BE              ;       or 0 when no block can be allocated.
2287  A3BE              ;   [RE] allocation-vector block search/allocate.
2288  A3BE              ; ----------------------------------------------------------------------
2289  A3BE              ALLOC_GET_BLOCK:
2290  A3BE 50                   LD D,B
2291  A3BF 59                   LD E,C
2292  A3C0              ; ----------------------------------------------------------------------
2293  A3C0              ; ALLOC_SCAN_DOWN -- scan downward for a FREE block in the run.
2294  A3C0              ;   In: BC = block counter; DE = candidate block; allocation vector via ALLOC_BIT_GET.
2295  A3C0              ;   Out: on a free block -> ALLOC_MARK_DONE; otherwise falls into ALLOC_SCAN_UP.  Clobbers:
2296  A3C0              ;        A,B,C,D,E,flags.
2297  A3C0              ;   Algorithm: while BC != 0, decrement, test the block's allocation bit; if CLEAR (free), go
2298  A3C0              ;              claim it; else keep scanning down.
2299  A3C0              ;   In the CP/M allocation vector a SET bit means the block is in use, so the free block this
2300  A3C0              ;   scan is looking for is the one whose bit is clear -- hence the `JP NC` below. [RE]
2301  A3C0              ; ----------------------------------------------------------------------
2302  A3C0              ALLOC_SCAN_DOWN:
2303  A3C0 79                   LD A,C
2304  A3C1 B0                   OR B
2305  A3C2 CA D1 A3             JP Z,ALLOC_SCAN_UP
2306  A3C5 0B                   DEC BC
2307  A3C6 D5                   PUSH DE
2308  A3C7 C5                   PUSH BC
2309  A3C8                      ; test this block's allocation-vector bit (returned in A bit 0)
2310  A3C8 CD 35 A2             CALL ALLOC_BIT_GET
2311  A3CB                      ; rotate that bit into carry: SET = block in use, CLEAR = block free
2312  A3CB 1F                   RRA
2313  A3CC                      ; carry clear -> the block is FREE, so go claim it
2314  A3CC D2 EC A3             JP NC,ALLOC_MARK_DONE
2315  A3CF C1                   POP BC
2316  A3D0 D1                   POP DE
2317  A3D1              ; ----------------------------------------------------------------------
2318  A3D1              ; ALLOC_SCAN_UP -- scan upward (toward MAX_BLOCK_DSM) for a FREE block.
2319  A3D1              ;   In: DE = candidate block; MAX_BLOCK_DSM (MAX_BLOCK_DSM) = highest block number on the drive.
2320  A3D1              ;   Out: at/past the disk limit -> ALLOC_SCAN_FINISH; on a free block -> ALLOC_MARK_DONE.
2321  A3D1              ;        Clobbers: A,B,C,D,E,H,L,flags.
2322  A3D1              ;   Algorithm: compare DE against DSM; if past it, stop; else increment and test the next block's
2323  A3D1              ;              bit (ALLOC_BIT_GET); a CLEAR bit means free, so claim it,
2324  A3D1              ;       otherwise loop back to the downward scan.
2325  A3D1              ;   [RE]
2326  A3D1              ; ----------------------------------------------------------------------
2327  A3D1              ALLOC_SCAN_UP:
2328  A3D1 2A C6 A9             LD HL,(MAX_BLOCK_DSM)
2329  A3D4 7B                   LD A,E
2330  A3D5 95                   SUB L
2331  A3D6 7A                   LD A,D
2332  A3D7 9C                   SBC A,H
2333  A3D8 D2 F4 A3             JP NC,ALLOC_SCAN_FINISH
2334  A3DB 13                   INC DE
2335  A3DC C5                   PUSH BC
2336  A3DD D5                   PUSH DE
2337  A3DE 42                   LD B,D
2338  A3DF 4B                   LD C,E
2339  A3E0                      ; test the next block's allocation bit (returned in A bit 0)
2340  A3E0 CD 35 A2             CALL ALLOC_BIT_GET
2341  A3E3                      ; rotate into carry: SET = in use, CLEAR = free
2342  A3E3 1F                   RRA
2343  A3E4                      ; carry clear -> free block found, go claim it
2344  A3E4 D2 EC A3             JP NC,ALLOC_MARK_DONE
2345  A3E7 D1                   POP DE
2346  A3E8 C1                   POP BC
2347  A3E9 C3 C0 A3             JP ALLOC_SCAN_DOWN
2348  A3EC              ; ----------------------------------------------------------------------
2349  A3EC              ; ALLOC_MARK_DONE -- set the chosen block's allocation bit and return it.
2350  A3EC              ;   In: A = the block's current allocation byte (rotated by the scan); the block number tracked by
2351  A3EC              ;       ALLOC_BIT_RESTORE.  Reached only from a scan that found a FREE block, so the bit about to
2352  A3EC              ;       be written is currently CLEAR.
2353  A3EC              ;   Out: allocation vector updated; HL/DE restored from the stack; returns to ALLOC_GET_BLOCK's
2354  A3EC              ;        caller.  Clobbers: A,H,L,D,E,flags.
2355  A3EC              ;   Algorithm: rotate the (clear) allocation bit back into place, set it with INC A, write it
2356  A3EC              ;              through ALLOC_BIT_RESTORE,
2357  A3EC              ;       restore the saved registers, and return.
2358  A3EC              ;   INC A is what marks the block used, and it works only because bit 0 is known clear on entry:
2359  A3EC              ;   incrementing a value whose low bit is already 0 sets that bit and carries nowhere. [RE]
2360  A3EC              ; ----------------------------------------------------------------------
2361  A3EC              ALLOC_MARK_DONE:
2362  A3EC                      ; rotate the bit back to its position in the allocation byte (carry was clear, so
2363  A3EC                      ; bit 0 comes back clear)
2364  A3EC 17                   RLA
2365  A3ED                      ; bit 0 was clear, so INC A sets it: mark this block USED
2366  A3ED 3C                   INC A
2367  A3EE CD 64 A2             CALL ALLOC_BIT_RESTORE
2368  A3F1 E1                   POP HL
2369  A3F2 D1                   POP DE
2370  A3F3 C9                   RET
2371  A3F4              ; ----------------------------------------------------------------------
2372  A3F4              ; ALLOC_SCAN_FINISH -- end the block scan when the disk limit is reached.
2373  A3F4              ;   In: BC = remaining block counter; DE = candidate block.
2374  A3F4              ;   Out: if blocks remain -> back to ALLOC_SCAN_DOWN; else HL=0 (no block) and return.  Clobbers:
2375  A3F4              ;        A,H,L,flags.
2376  A3F4              ;   Algorithm: if the counter is non-zero, resume the downward scan; otherwise return zero (no
2377  A3F4              ;              allocatable block).
2378  A3F4              ;   [RE]
2379  A3F4              ; ----------------------------------------------------------------------
2380  A3F4              ALLOC_SCAN_FINISH:
2381  A3F4 79                   LD A,C
2382  A3F5 B0                   OR B
2383  A3F6 C2 C0 A3             JP NZ,ALLOC_SCAN_DOWN
2384  A3F9 21 00 00             LD HL,$0000
2385  A3FC C9                   RET
2386  A3FD              ; ----------------------------------------------------------------------
2387  A3FD              ; FCB_WRITE_DIR_ENTRY -- copy the whole 32-byte FCB image into the matched directory entry and write
2388  A3FD              ; it.
2389  A3FD              ;   In: CURFCB_PTR (BDOS_PARAM_PTR) -> FCB; sets C=0 (FCB offset 0), E=$20 (32 bytes).
2390  A3FD              ;   Out: directory record holding this entry written back to disk.  Clobbers: A,B,C,D,E,H,L,flags.
2391  A3FD              ;   Algorithm: set up a full-32-byte copy at FCB offset 0 and fall into FCB_COPY_TO_DIR.
2392  A3FD              ;   [RE]
2393  A3FD              ; ----------------------------------------------------------------------
2394  A3FD              FCB_WRITE_DIR_ENTRY:
2395  A3FD 0E 00                LD C,$00
2396  A3FF 1E 20                LD E,$20
2397  A401              ; ----------------------------------------------------------------------
2398  A401              ; FCB_COPY_TO_DIR -- copy E FCB bytes (from offset C) into the matched directory entry.
2399  A401              ;   In: C = FCB byte offset; E = byte count; CURFCB_PTR (BDOS_PARAM_PTR) -> FCB; current matched dir
2400  A401              ;       entry.
2401  A401              ;   Out: directory buffer updated, then the record written via FCB_FLUSH_DIR.  Clobbers:
2402  A401              ;        A,B,C,D,E,H,L,flags.
2403  A401              ;   Algorithm: form a source pointer at FCB+C, point HL at the directory entry slot
2404  A401              ;              (FCB_BUF_PTR_ADD_OFFSET),
2405  A401              ;       block-copy E bytes, then fall into FCB_FLUSH_DIR to commit the record.
2406  A401              ;   [RE]
2407  A401              ; ----------------------------------------------------------------------
2408  A401              FCB_COPY_TO_DIR:
2409  A401 D5                   PUSH DE
2410  A402 06 00                LD B,$00
2411  A404 2A 43 9F             LD HL,(BDOS_PARAM_PTR)
2412  A407 09                   ADD HL,BC
2413  A408 EB                   EX DE,HL
2414  A409 CD 5E A1             CALL FCB_BUF_PTR_ADD_OFFSET
2415  A40C C1                   POP BC
2416  A40D CD 4F 9F             CALL BLOCK_COPY_INCC
2417  A410              ; ----------------------------------------------------------------------
2418  A410              ; FCB_FLUSH_DIR -- position to the directory record and write it back.
2419  A410              ;   In: current directory record state from the preceding match.  Out: the directory record written
2420  A410              ;       to disk.
2421  A410              ;   Clobbers: A,B,C,D,E,H,L,flags.
2422  A410              ;   Algorithm: run the directory record-position helper (DIR_RECORD_DEBLOCK setup) then tail-jump to
2423  A410              ;              DIR_RECORD_WRITE.
2424  A410              ;   [RE]
2425  A410              ; ----------------------------------------------------------------------
2426  A410              FCB_FLUSH_DIR:
2427  A410 CD C3 9F             CALL REC_DIV4_SETUP
2428  A413 C3 C6 A1             JP DIR_RECORD_WRITE
2429  A416              ; ----------------------------------------------------------------------
2430  A416              ; F_RENAME_HND -- rename a file: replace matching directory entries with the new name (BDOS fn 23).
2431  A416              ;   In: CURFCB_PTR (BDOS_PARAM_PTR) -> FCB whose bytes 0..15 are the old name and bytes 16..31 the
2432  A416              ;       new name. Dispatcher fn 23.
2433  A416              ;   Out: every matching directory entry rewritten with the new name; read-only entries rejected.
2434  A416              ;        Clobbers: A,B,C,D,E,H,L,flags.
2435  A416              ;   Algorithm: log in the drive, DIR_SEARCH_FIRST on 12 bytes of the old name, copy the FCB drive
2436  A416              ;              byte (offset 0)
2437  A416              ;       into the new-name half (offset 16) so both target the same drive, then run F_RENAME_LOOP
2438  A416              ;       over each match.
2439  A416              ;   [RE] CP/M 2.2 F_RENAME.
2440  A416              ; ----------------------------------------------------------------------
2441  A416              F_RENAME_HND:
2442  A416 CD 54 A1             CALL CHECK_DRIVE_READONLY
2443  A419 0E 0C                LD C,$0C
2444  A41B CD 18 A3             CALL DIR_SEARCH_FIRST
2445  A41E 2A 43 9F             LD HL,(BDOS_PARAM_PTR)
2446  A421 7E                   LD A,(HL)
2447  A422 11 10 00             LD DE,$0010
2448  A425 19                   ADD HL,DE
2449  A426 77                   LD (HL),A
2450  A427              ; ----------------------------------------------------------------------
2451  A427              ; F_RENAME_LOOP -- rewrite each matched entry with the new name and write it back.
2452  A427              ;   In: a pending search result.  Out: returns when no more matches.  Clobbers: A,B,C,D,E,H,L,flags.
2453  A427              ;   Algorithm: stop on no-match; reject read-only files; copy 12 bytes from FCB offset 16 (new
2454  A427              ;              name+type) into the
2455  A427              ;       entry at offset 0 (FCB_COPY_TO_DIR); write the directory record; search-next; repeat.
2456  A427              ;   [RE]
2457  A427              ; ----------------------------------------------------------------------
2458  A427              F_RENAME_LOOP:
2459  A427 CD F5 A1             CALL CUR_RECORD_BYTES_EQUAL
2460  A42A C8                   RET Z
2461  A42B CD 44 A1             CALL FCB_RO_FLAG_TEST
2462  A42E 0E 10                LD C,$10
2463  A430 1E 0C                LD E,$0C
2464  A432 CD 01 A4             CALL FCB_COPY_TO_DIR
2465  A435 CD 2D A3             CALL BDOS_DIR_SCAN_NEXT
2466  A438 C3 27 A4             JP F_RENAME_LOOP
2467  A43B              ; ----------------------------------------------------------------------
2468  A43B              ; F_ATTRIB_HND -- set file attributes from the FCB into matching directory entries (BDOS fn 30).
2469  A43B              ;   In: CURFCB_PTR (BDOS_PARAM_PTR) -> FCB carrying the attribute high bits in the name/type bytes.
2470  A43B              ;       Dispatcher fn 30.
2471  A43B              ;   Out: every matching directory entry's first 12 bytes rewritten with the FCB's attribute bits.
2472  A43B              ;        Clobbers: A,B,C,D,E,H,L,flags.
2473  A43B              ;   Algorithm: DIR_SEARCH_FIRST on 12 bytes, then F_ATTRIB_LOOP to copy the 12 name/type bytes (with
2474  A43B              ;              attribute high
2475  A43B              ;       bits) from FCB offset 0 into each matched entry and write the record.
2476  A43B              ;   [RE] CP/M 2.2 F_ATTRIB.
2477  A43B              ; ----------------------------------------------------------------------
2478  A43B              F_ATTRIB_HND:
2479  A43B 0E 0C                LD C,$0C
2480  A43D CD 18 A3             CALL DIR_SEARCH_FIRST
2481  A440              ; ----------------------------------------------------------------------
2482  A440              ; F_ATTRIB_LOOP -- write the FCB's attribute bytes into each matched entry.
2483  A440              ;   In: a pending search result.  Out: returns when no more matches.  Clobbers: A,B,C,D,E,H,L,flags.
2484  A440              ;   Algorithm: stop on no-match; copy 12 bytes from FCB offset 0 (name/type with attribute bits)
2485  A440              ;              into the entry
2486  A440              ;       (FCB_COPY_TO_DIR); flush the directory record; search-next; repeat.
2487  A440              ;   [RE]
2488  A440              ; ----------------------------------------------------------------------
2489  A440              F_ATTRIB_LOOP:
2490  A440 CD F5 A1             CALL CUR_RECORD_BYTES_EQUAL
2491  A443 C8                   RET Z
2492  A444 0E 00                LD C,$00
2493  A446 1E 0C                LD E,$0C
2494  A448 CD 01 A4             CALL FCB_COPY_TO_DIR
2495  A44B CD 2D A3             CALL BDOS_DIR_SCAN_NEXT
2496  A44E C3 40 A4             JP F_ATTRIB_LOOP
2497  A451              ; ----------------------------------------------------------------------
2498  A451              ; FCB_OPEN_SEARCH -- search-first for the FCB's extent and merge the directory entry into the FCB.
2499  A451              ;   In: CURFCB_PTR (BDOS_PARAM_PTR) -> FCB. Core of F_OPEN (dispatcher fn 15) and the random-record
2500  A451              ;       extent-positioning path.
2501  A451              ;   Out: on match, the matched entry is merged into the FCB (record-count fields filled,
2502  A451              ;        FILE_SIZE_FROM_EXTENT);
2503  A451              ;        on no match returns Z with no merge.  Clobbers: A,B,C,D,E,H,L,flags.
2504  A451              ;   Algorithm: DIR_SEARCH_FIRST on 15 bytes (name+type+extent); if not found return Z; otherwise
2505  A451              ;              fall through into
2506  A451              ;       FILE_SIZE_FROM_EXTENT to copy the entry into the FCB and set the record count.
2507  A451              ;   [RE] CP/M 2.2 F_OPEN core / extent locate-and-merge.
2508  A451              ; ----------------------------------------------------------------------
2509  A451              FCB_OPEN_SEARCH:
2510  A451                      ; compare 15 bytes (name+type+extent) for the open/extent search
2511  A451 0E 0F                LD C,$0F
2512  A453 CD 18 A3             CALL DIR_SEARCH_FIRST
2513  A456 CD F5 A1             CALL CUR_RECORD_BYTES_EQUAL
2514  A459 C8                   RET Z
2515  A45A              ; ----------------------------------------------------------------------
2516  A45A              ; FILE_SIZE_FROM_EXTENT -- merge a matched directory entry into the FCB and update its record count.
2517  A45A              ;   In: HL -> matched directory entry; CURFCB_PTR (BDOS_PARAM_PTR) -> the user FCB.
2518  A45A              ;   Out: the 32-byte entry copied into the FCB image; the FCB's record-count byte (offset 15)
2519  A45A              ;        updated per this extent.
2520  A45A              ;   Clobbers: A,B,C,D,E,H,L,flags.
2521  A45A              ;   Algorithm: save the entry's first byte, copy the 32 directory bytes into the FCB image, set the
2522  A45A              ;              S2 'written'
2523  A45A              ;       flag (MARK_FCB_S2_HIGHBIT), then read offset 12 = EX (extent number) into C and offset 15 =
2524  A45A              ;       RC (record
2525  A45A              ;       count) into B, and choose the new offset-15 value ($00 if this extent is below the current
2526  A45A              ;       one, RC if equal,
2527  A45A              ;       $80 if above) and store it.  Used by both F_OPEN (FCB_OPEN_SEARCH) and F_SIZE.
2528  A45A              ;   [RE]
2529  A45A              ; ----------------------------------------------------------------------
2530  A45A              FILE_SIZE_FROM_EXTENT:
2531  A45A CD A6 A0             CALL DRV_INSTALL_RWTS_1
2532  A45D 7E                   LD A,(HL)
2533  A45E F5                   PUSH AF
2534  A45F E5                   PUSH HL
2535  A460 CD 5E A1             CALL FCB_BUF_PTR_ADD_OFFSET
2536  A463 EB                   EX DE,HL
2537  A464 2A 43 9F             LD HL,(BDOS_PARAM_PTR)
2538  A467 0E 20                LD C,$20
2539  A469 D5                   PUSH DE
2540  A46A CD 4F 9F             CALL BLOCK_COPY_INCC
2541  A46D CD 78 A1             CALL MARK_FCB_S2_HIGHBIT
2542  A470 D1                   POP DE
2543  A471 21 0C 00             LD HL,$000C
2544  A474 19                   ADD HL,DE
2545  A475 4E                   LD C,(HL)
2546  A476 21 0F 00             LD HL,$000F
2547  A479 19                   ADD HL,DE
2548  A47A 46                   LD B,(HL)
2549  A47B E1                   POP HL
2550  A47C F1                   POP AF
2551  A47D 77                   LD (HL),A
2552  A47E 79                   LD A,C
2553  A47F BE                   CP (HL)
2554  A480 78                   LD A,B
2555  A481 CA 8B A4             JP Z,FILE_SIZE_STORE
2556  A484 3E 00                LD A,$00
2557  A486 DA 8B A4             JP C,FILE_SIZE_STORE
2558  A489 3E 80                LD A,$80
2559  A48B              ; ----------------------------------------------------------------------
2560  A48B              ; FILE_SIZE_STORE -- write the computed record value into the FCB record-count field.
2561  A48B              ;   In: A = computed value ($00/$80/extent RC); CURFCB_PTR (BDOS_PARAM_PTR) -> FCB.  Out: FCB offset
2562  A48B              ;       15 (RC) = A.  Clobbers: D,E,H,L.
2563  A48B              ;   Algorithm: index the FCB to offset 15 and store the record-count byte.
2564  A48B              ;   [RE]
2565  A48B              ; ----------------------------------------------------------------------
2566  A48B              FILE_SIZE_STORE:
2567  A48B 2A 43 9F             LD HL,(BDOS_PARAM_PTR)
2568  A48E 11 0F 00             LD DE,$000F
2569  A491 19                   ADD HL,DE
2570  A492 77                   LD (HL),A
2571  A493 C9                   RET
2572  A494              ; ----------------------------------------------------------------------
2573  A494              ; FCB_WORD_FILL_IF_ZERO -- copy a 16-bit word from (DE) to (HL) only when (HL) is currently zero.
2574  A494              ;   In: HL -> destination word; DE -> source word.
2575  A494              ;   Out: if the destination word was 0, it is overwritten with the source word; DE,HL preserved.
2576  A494              ;        Clobbers: A,flags.
2577  A494              ;   Algorithm: OR the two destination bytes; if non-zero return unchanged; otherwise copy both
2578  A494              ;              source bytes across,
2579  A494              ;       restoring DE/HL to their entry values.
2580  A494              ;   [RE] allocation-word merge helper used during F_CLOSE_HND.
2581  A494              ; ----------------------------------------------------------------------
2582  A494              FCB_WORD_FILL_IF_ZERO:
2583  A494 7E                   LD A,(HL)
2584  A495 23                   INC HL
2585  A496 B6                   OR (HL)
2586  A497 2B                   DEC HL
2587  A498 C0                   RET NZ
2588  A499 1A                   LD A,(DE)
2589  A49A 77                   LD (HL),A
2590  A49B 13                   INC DE
2591  A49C 23                   INC HL
2592  A49D 1A                   LD A,(DE)
2593  A49E 77                   LD (HL),A
2594  A49F 1B                   DEC DE
2595  A4A0 2B                   DEC HL
2596  A4A1 C9                   RET
2597  A4A2              ; ----------------------------------------------------------------------
2598  A4A2              ; F_CLOSE_HND -- close a file: merge the in-memory FCB into its directory entry (BDOS fn 16).
2599  A4A2              ;   In: CURFCB_PTR (BDOS_PARAM_PTR) -> FCB. Dispatcher fn 16; also used internally to flush an
2600  A4A2              ;       extent.
2601  A4A2              ;   Out: directory entry updated with this FCB's allocation map / record count; result byte set.
2602  A4A2              ;        Clobbers: A,B,C,D,E,H,L,flags.
2603  A4A2              ;   Algorithm: zero the result byte and record state, verify the drive is selected (DRIVE_BIT_TEST)
2604  A4A2              ;              and the FCB S2
2605  A4A2              ;       high bit is clear; DIR_SEARCH_FIRST on the extent (15 bytes); if found, merge the FCB's
2606  A4A2              ;       16-byte allocation
2607  A4A2              ;       map into the entry (filling zero words via FCB_WORD_FILL_IF_ZERO, keeping the larger record
2608  A4A2              ;       count) then flush.
2609  A4A2              ;   [RE] CP/M 2.2 F_CLOSE.
2610  A4A2              ; ----------------------------------------------------------------------
2611  A4A2              F_CLOSE_HND:
2612  A4A2 AF                   XOR A
2613  A4A3 32 45 9F             LD (BDOS_RETVAL),A
2614  A4A6 32 EA A9             LD (CUR_RECORD),A
2615  A4A9 32 EB A9             LD (CUR_RECORD_HI),A
2616  A4AC CD 1E A1             CALL DRIVE_BIT_TEST
2617  A4AF C0                   RET NZ
2618  A4B0 CD 69 A1             CALL FCB_GET_S2
2619  A4B3 E6 80                AND $80
2620  A4B5 C0                   RET NZ
2621  A4B6 0E 0F                LD C,$0F
2622  A4B8 CD 18 A3             CALL DIR_SEARCH_FIRST
2623  A4BB CD F5 A1             CALL CUR_RECORD_BYTES_EQUAL
2624  A4BE C8                   RET Z
2625  A4BF 01 10 00             LD BC,$0010
2626  A4C2 CD 5E A1             CALL FCB_BUF_PTR_ADD_OFFSET
2627  A4C5 09                   ADD HL,BC
2628  A4C6 EB                   EX DE,HL
2629  A4C7 2A 43 9F             LD HL,(BDOS_PARAM_PTR)
2630  A4CA 09                   ADD HL,BC
2631  A4CB 0E 10                LD C,$10
2632  A4CD              ; ----------------------------------------------------------------------
2633  A4CD              ; FCB_MERGE_MAP_LOOP -- merge the FCB allocation map slot-by-slot into the directory entry.
2634  A4CD              ;   In: HL -> entry allocation slot; DE -> FCB allocation slot; C = slots remaining (16).
2635  A4CD              ;   Out: merged allocation map; jumps to FCB_MERGE_DIFF on an 8-bit conflict, else continues.
2636  A4CD              ;        Clobbers: A,B,C,D,E,H,L,flags.
2637  A4CD              ;   Algorithm: per slot, if BLOCK_WIDTH_FLAG selects 16-bit block numbers go word-wise
2638  A4CD              ;              (FCB_MERGE_WORD); else handle
2639  A4CD              ;       an 8-bit block: when the entry slot is zero take the FCB's block, then fall into the byte
2640  A4CD              ;       reconciliation.
2641  A4CD              ;   [RE]
2642  A4CD              ; ----------------------------------------------------------------------
2643  A4CD              FCB_MERGE_MAP_LOOP:
2644  A4CD 3A DD A9             LD A,(BLOCK_WIDTH_FLAG)
2645  A4D0 B7                   OR A
2646  A4D1 CA E8 A4             JP Z,FCB_MERGE_WORD
2647  A4D4 7E                   LD A,(HL)
2648  A4D5 B7                   OR A
2649  A4D6 1A                   LD A,(DE)
2650  A4D7 C2 DB A4             JP NZ,FCB_MERGE_BYTE_CHECK
2651  A4DA 77                   LD (HL),A
2652  A4DB              ; ----------------------------------------------------------------------
2653  A4DB              ; FCB_MERGE_BYTE_CHECK -- reconcile one 8-bit allocation slot between FCB and entry.
2654  A4DB              ;   In: A = FCB block byte; HL -> entry block byte; DE -> FCB block byte.
2655  A4DB              ;   Out: FCB block non-zero -> FCB_MERGE_DIFF (compare); else copy entry block into the FCB, then
2656  A4DB              ;        compare.  Clobbers: A,flags.
2657  A4DB              ;   Algorithm: if the FCB block byte is non-zero, jump to the compare; otherwise mirror the entry
2658  A4DB              ;              block byte into
2659  A4DB              ;       the FCB so both agree, then fall into the compare.
2660  A4DB              ;   [RE]
2661  A4DB              ; ----------------------------------------------------------------------
2662  A4DB              FCB_MERGE_BYTE_CHECK:
2663  A4DB B7                   OR A
2664  A4DC C2 E1 A4             JP NZ,FCB_MERGE_DIFF
2665  A4DF 7E                   LD A,(HL)
2666  A4E0 12                   LD (DE),A
2667  A4E1              ; ----------------------------------------------------------------------
2668  A4E1              ; FCB_MERGE_DIFF -- detect a block-map disagreement between FCB and directory entry.
2669  A4E1              ;   In: A = FCB block byte; HL -> entry block byte.
2670  A4E1              ;   Out: if they differ, FCB_DEC_RESULT flags the conflict; else continue (FCB_MERGE_NEXT).
2671  A4E1              ;        Clobbers: A,flags.
2672  A4E1              ;   Algorithm: compare the FCB block byte with the entry's; unequal records an error via
2673  A4E1              ;              FCB_DEC_RESULT, otherwise
2674  A4E1              ;       advance to the next slot.
2675  A4E1              ;   [RE]
2676  A4E1              ; ----------------------------------------------------------------------
2677  A4E1              FCB_MERGE_DIFF:
2678  A4E1 BE                   CP (HL)
2679  A4E2 C2 1F A5             JP NZ,FCB_DEC_RESULT
2680  A4E5 C3 FD A4             JP FCB_MERGE_NEXT
2681  A4E8              ; ----------------------------------------------------------------------
2682  A4E8              ; FCB_MERGE_WORD -- merge/compare a 16-bit allocation word for double-byte-block drives.
2683  A4E8              ;   In: HL -> entry word; DE -> FCB word.
2684  A4E8              ;   Out: zero words filled across both directions; on a true word mismatch -> FCB_DEC_RESULT.
2685  A4E8              ;        Clobbers: A,D,E,H,L,flags.
2686  A4E8              ;   Algorithm: fill the entry word from the FCB if it was zero, fill the FCB word from the entry if
2687  A4E8              ;              it was zero
2688  A4E8              ;       (FCB_WORD_FILL_IF_ZERO both ways, EX DE,HL between), then compare the two 16-bit values
2689  A4E8              ;       byte-by-byte and
2690  A4E8              ;       flag a conflict on inequality.
2691  A4E8              ;   [RE]
2692  A4E8              ; ----------------------------------------------------------------------
2693  A4E8              FCB_MERGE_WORD:
2694  A4E8 CD 94 A4             CALL FCB_WORD_FILL_IF_ZERO
2695  A4EB EB                   EX DE,HL
2696  A4EC CD 94 A4             CALL FCB_WORD_FILL_IF_ZERO
2697  A4EF EB                   EX DE,HL
2698  A4F0 1A                   LD A,(DE)
2699  A4F1 BE                   CP (HL)
2700  A4F2 C2 1F A5             JP NZ,FCB_DEC_RESULT
2701  A4F5 13                   INC DE
2702  A4F6 23                   INC HL
2703  A4F7 1A                   LD A,(DE)
2704  A4F8 BE                   CP (HL)
2705  A4F9 C2 1F A5             JP NZ,FCB_DEC_RESULT
2706  A4FC 0D                   DEC C
2707  A4FD              ; ----------------------------------------------------------------------
2708  A4FD              ; FCB_MERGE_NEXT -- step to the next allocation slot, then finalize the record count.
2709  A4FD              ;   In: DE,HL -> current FCB/entry block bytes; C = slot count remaining.
2710  A4FD              ;   Out: loops to FCB_MERGE_MAP_LOOP until C reaches 0, then reconciles the record-count field and
2711  A4FD              ;        continues to FCB_MERGE_FINISH.
2712  A4FD              ;   Clobbers: A,B,C,D,E,H,L,flags.
2713  A4FD              ;   Algorithm: advance both pointers, decrement the count; while slots remain re-enter the merge
2714  A4FD              ;              loop; when done
2715  A4FD              ;       back up by 20 bytes ($FFEC) to the record-count field and keep the larger of the FCB/entry
2716  A4FD              ;       counts (and the
2717  A4FD              ;       matching S2/extent bytes), then fall into FCB_MERGE_FINISH.
2718  A4FD              ;   [RE]
2719  A4FD              ; ----------------------------------------------------------------------
2720  A4FD              FCB_MERGE_NEXT:
2721  A4FD 13                   INC DE
2722  A4FE 23                   INC HL
2723  A4FF 0D                   DEC C
2724  A500 C2 CD A4             JP NZ,FCB_MERGE_MAP_LOOP
2725  A503 01 EC FF             LD BC,$FFEC
2726  A506 09                   ADD HL,BC
2727  A507 EB                   EX DE,HL
2728  A508 09                   ADD HL,BC
2729  A509 1A                   LD A,(DE)
2730  A50A BE                   CP (HL)
2731  A50B DA 17 A5             JP C,FCB_MERGE_FINISH
2732  A50E 77                   LD (HL),A
2733  A50F 01 03 00             LD BC,$0003
2734  A512 09                   ADD HL,BC
2735  A513 EB                   EX DE,HL
2736  A514 09                   ADD HL,BC
2737  A515 7E                   LD A,(HL)
2738  A516 12                   LD (DE),A
2739  A517              ; ----------------------------------------------------------------------
2740  A517              ; FCB_MERGE_FINISH -- mark the merged entry dirty and flush the directory record.
2741  A517              ;   In: merged directory entry in the buffer.  Out: dir-changed flag (DIR_DIRTY_FLAG) = $FF;
2742  A517              ;       directory record written via FCB_FLUSH_DIR.
2743  A517              ;   Clobbers: A,H,L,flags.
2744  A517              ;   Algorithm: set the 'directory changed' flag and tail-jump to FCB_FLUSH_DIR to commit the record
2745  A517              ;              to disk.
2746  A517              ;   [RE]
2747  A517              ; ----------------------------------------------------------------------
2748  A517              FCB_MERGE_FINISH:
2749  A517 3E FF                LD A,$FF
2750  A519 32 D2 A9             LD (DIR_DIRTY_FLAG),A
2751  A51C C3 10 A4             JP FCB_FLUSH_DIR
2752  A51F              ; ----------------------------------------------------------------------
2753  A51F              ; FCB_DEC_RESULT -- record a directory-merge conflict by decrementing the result byte.
2754  A51F              ;   In: none (operates on the BDOS result byte BDOS_RETVAL).  Out: result byte decremented (toward
2755  A51F              ;       the $FF error code).
2756  A51F              ;   Clobbers: H,L,flags.
2757  A51F              ;   Algorithm: point at the result byte and decrement it in place to signal the close/merge
2758  A51F              ;              mismatch.
2759  A51F              ;   [RE]
2760  A51F              ; ----------------------------------------------------------------------
2761  A51F              FCB_DEC_RESULT:
2762  A51F 21 45 9F             LD HL,BDOS_RETVAL
2763  A522 35                   DEC (HL)
2764  A523 C9                   RET
2765  A524              ; ----------------------------------------------------------------------
2766  A524              ; DIR_MAKE_ENTRY -- find a free directory slot and create a new (empty) entry for the FCB.
2767  A524              ;   In: CURFCB_PTR (BDOS_PARAM_PTR) -> FCB. Core of F_MAKE (dispatcher fn 22).
2768  A524              ;   Out: a free directory slot located and initialized for this file; returns Z if no slot is free.
2769  A524              ;        Clobbers: A,B,C,D,E,H,L,flags.
2770  A524              ;   Algorithm: log in the drive, temporarily redirect the FCB pointer to a scratch FCB
2771  A524              ;              (EMPTY_DIR_FCB) and DIR_SEARCH_FIRST
2772  A524              ;       in mode 1 for an empty ($E5) slot, restore the FCB pointer; on success zero 17 bytes of the
2773  A524              ;       entry's
2774  A524              ;       record/allocation area (from offset 15), clear the S1 byte (offset 13), advance the record
2775  A524              ;       pointer
2776  A524              ;       (RECPTR_INC_STORE), write the new entry (FCB_WRITE_DIR_ENTRY), and set the FCB S2 'written'
2777  A524              ;       flag.
2778  A524              ;   [RE] make-directory-entry helper.
2779  A524              ; ----------------------------------------------------------------------
2780  A524              DIR_MAKE_ENTRY:
2781  A524 CD 54 A1             CALL CHECK_DRIVE_READONLY
2782  A527 2A 43 9F             LD HL,(BDOS_PARAM_PTR)
2783  A52A E5                   PUSH HL
2784  A52B 21 AC A9             LD HL,EMPTY_DIR_FCB
2785  A52E 22 43 9F             LD (BDOS_PARAM_PTR),HL
2786  A531 0E 01                LD C,$01
2787  A533 CD 18 A3             CALL DIR_SEARCH_FIRST
2788  A536 CD F5 A1             CALL CUR_RECORD_BYTES_EQUAL
2789  A539 E1                   POP HL
2790  A53A 22 43 9F             LD (BDOS_PARAM_PTR),HL
2791  A53D C8                   RET Z
2792  A53E EB                   EX DE,HL
2793  A53F 21 0F 00             LD HL,$000F
2794  A542 19                   ADD HL,DE
2795  A543 0E 11                LD C,$11
2796  A545 AF                   XOR A
2797  A546              ; ----------------------------------------------------------------------
2798  A546              ; DIR_ZERO_ALLOC -- store-zero / INC HL / DEC C loop clearing the new entry's record/allocation
2799  A546              ; bytes. [RE]
2800  A546              ; ----------------------------------------------------------------------
2801  A546              DIR_ZERO_ALLOC:
2802  A546 77                   LD (HL),A
2803  A547 23                   INC HL
2804  A548 0D                   DEC C
2805  A549 C2 46 A5             JP NZ,DIR_ZERO_ALLOC
2806  A54C 21 0D 00             LD HL,$000D
2807  A54F 19                   ADD HL,DE
2808  A550 77                   LD (HL),A
2809  A551 CD 8C A1             CALL RECPTR_INC_STORE
2810  A554 CD FD A3             CALL FCB_WRITE_DIR_ENTRY
2811  A557 C3 78 A1             JP MARK_FCB_S2_HIGHBIT
2812  A55A              ; ----------------------------------------------------------------------
2813  A55A              ; FCB_ADVANCE_RECORD -- advance the FCB to the next record/extent for sequential write.
2814  A55A              ;   In: CURFCB_PTR ($9F43) -> open FCB.
2815  A55A              ;   Out: FCB current-record / extent fields stepped; new extent opened or created as needed.
2816  A55A              ;   Clobbers: A,B,C,D,E,H,L,flags
2817  A55A              ;   Algorithm: clear the dir-changed flag, flush the current extent (F_CLOSE_HND via F_CLOSE_HND),
2818  A55A              ;              bump the
2819  A55A              ;              FCB current-record byte (offset 12) and wrap it mod 32; on wrap go open the next
2820  A55A              ;              extent (FCB_NEXT_EXTENT); otherwise check the extent mask (EXM at $A9C5) and the
2821  A55A              ;              dir-changed flag to decide between re-opening the current extent or merging the
2822  A55A              ;              just-flushed one.
2823  A55A              ;   [RE] sequential-write record/extent advance
2824  A55A              ; ----------------------------------------------------------------------
2825  A55A              FCB_ADVANCE_RECORD:
2826  A55A AF                   XOR A
2827  A55B                      ; clear the directory-changed flag
2828  A55B 32 D2 A9             LD (DIR_DIRTY_FLAG),A
2829  A55E                      ; close/flush the current extent first
2830  A55E CD A2 A4             CALL F_CLOSE_HND
2831  A561 CD F5 A1             CALL CUR_RECORD_BYTES_EQUAL
2832  A564 C8                   RET Z
2833  A565 2A 43 9F             LD HL,(BDOS_PARAM_PTR)
2834  A568                      ; FCB offset 12 = current-record byte
2835  A568 01 0C 00             LD BC,$000C
2836  A56B 09                   ADD HL,BC
2837  A56C 7E                   LD A,(HL)
2838  A56D 3C                   INC A
2839  A56E                      ; wrap the current record mod 32 (128 records/extent)
2840  A56E E6 1F                AND $1F
2841  A570 77                   LD (HL),A
2842  A571                      ; record wrapped -> move to the next extent
2843  A571 CA 83 A5             JP Z,FCB_NEXT_EXTENT
2844  A574 47                   LD B,A
2845  A575                      ; load the extent mask (EXM)
2846  A575 3A C5 A9             LD A,(DPB_EXM)
2847  A578 A0                   AND B
2848  A579 21 D2 A9             LD HL,DIR_DIRTY_FLAG
2849  A57C A6                   AND (HL)
2850  A57D CA 8E A5             JP Z,FCB_OPEN_NEXT_EXTENT
2851  A580 C3 AC A5             JP FCB_MERGE_FOUND_EXTENT
2852  A583              ; ----------------------------------------------------------------------
2853  A583              ; FCB_NEXT_EXTENT -- step the FCB to the next extent when the record count wraps.
2854  A583              ;   In: HL -> FCB current-record byte; FCB extent fields follow.
2855  A583              ;   Out: extent byte (offset 14) incremented; low-nibble rollover branches to finish.
2856  A583              ;   Clobbers: A,B,C,H,L,flags
2857  A583              ;   Algorithm: advance HL by 2 to the extent byte (offset 14), increment it; if its low nibble is
2858  A583              ;              now zero a module of extents has rolled over and control goes to DISK_FINISH_OK;
2859  A583              ;              otherwise fall into the open-next-extent path.
2860  A583              ;   [RE]
2861  A583              ; ----------------------------------------------------------------------
2862  A583              FCB_NEXT_EXTENT:
2863  A583                      ; step from record byte (12) to the extent byte (14)
2864  A583 01 02 00             LD BC,$0002
2865  A586 09                   ADD HL,BC
2866  A587                      ; advance to the next extent
2867  A587 34                   INC (HL)
2868  A588 7E                   LD A,(HL)
2869  A589                      ; low nibble = extent within the current entry group
2870  A589 E6 0F                AND $0F
2871  A58B                      ; extent group rolled over -> finish
2872  A58B CA B6 A5             JP Z,DISK_FINISH_OK
2873  A58E              ; ----------------------------------------------------------------------
2874  A58E              ; FCB_OPEN_NEXT_EXTENT -- search the directory for the FCB's next extent, creating it if absent.
2875  A58E              ;   In: CURFCB_PTR ($9F43) -> FCB positioned at the next extent; the read/write direction flag in
2876  A58E              ;       $A9D3.
2877  A58E              ;   Out: the extent opened (merged into the FCB) or a new entry created; result set.
2878  A58E              ;   Clobbers: A,B,C,D,E,H,L,flags
2879  A58E              ;   Algorithm: search-first on 15 bytes for the extent; if found go merge it
2880  A58E              ;              (FCB_MERGE_FOUND_EXTENT); else, when the direction flag is not $FF (i.e. a write),
2881  A58E              ;              make a new directory entry (DIR_MAKE_ENTRY); on a read (or no free slot) take the
2882  A58E              ;              disk-finish/error path.
2883  A58E              ;   [RE]
2884  A58E              ; ----------------------------------------------------------------------
2885  A58E              FCB_OPEN_NEXT_EXTENT:
2886  A58E                      ; search on 15 bytes (name+type+extent)
2887  A58E 0E 0F                LD C,$0F
2888  A590                      ; search-first for the next extent
2889  A590 CD 18 A3             CALL DIR_SEARCH_FIRST
2890  A593 CD F5 A1             CALL CUR_RECORD_BYTES_EQUAL
2891  A596                      ; extent exists -> merge it into the FCB
2892  A596 C2 AC A5             JP NZ,FCB_MERGE_FOUND_EXTENT
2893  A599 3A D3 A9             LD A,(RW_DIRECTION_FLAG)
2894  A59C 3C                   INC A
2895  A59D CA B6 A5             JP Z,DISK_FINISH_OK
2896  A5A0                      ; no extent -> make a new directory entry
2897  A5A0 CD 24 A5             CALL DIR_MAKE_ENTRY
2898  A5A3 CD F5 A1             CALL CUR_RECORD_BYTES_EQUAL
2899  A5A6 CA B6 A5             JP Z,DISK_FINISH_OK
2900  A5A9 C3 AF A5             JP FCB_FINISH_NEW_EXTENT
2901  A5AC              ; ----------------------------------------------------------------------
2902  A5AC              ; FCB_MERGE_FOUND_EXTENT -- merge a located directory extent back into the FCB.
2903  A5AC              ;   In: a successful search result for the extent; CURFCB_PTR ($9F43) -> FCB.
2904  A5AC              ;   Out: FCB's record/size fields updated from the entry; then falls into FCB_FINISH_NEW_EXTENT
2905  A5AC              ;        (refresh fields, return 0).
2906  A5AC              ;   Clobbers: A,B,C,D,E,H,L,flags
2907  A5AC              ;   Algorithm: merge the matched extent into the FCB (FILE_SIZE_FROM_EXTENT), then fall through into
2908  A5AC              ;              FCB_FINISH_NEW_EXTENT which refreshes the working fields and returns success.
2909  A5AC              ;   [RE]
2910  A5AC              ; ----------------------------------------------------------------------
2911  A5AC              FCB_MERGE_FOUND_EXTENT:
2912  A5AC                      ; FCB_FINISH_NEW_EXTENT
2913  A5AC                      ; merge the matched extent and set the FCB record count, then fall into
2914  A5AC CD 5A A4             CALL FILE_SIZE_FROM_EXTENT
2915  A5AF              ; ----------------------------------------------------------------------
2916  A5AF              ; FCB_FINISH_NEW_EXTENT -- finish opening a newly created extent and return OK.
2917  A5AF              ;   In: a new directory entry just made for the FCB.
2918  A5AF              ;   Out: FCB working fields refreshed; BDOS result = 0.
2919  A5AF              ;   Clobbers: A,B,C,D,E,H,L,flags
2920  A5AF              ;   Algorithm: refresh the FCB drive/extent fields (DRV_INSTALL_RWTS_3) and return success (0).
2921  A5AF              ;   [RE]
2922  A5AF              ; ----------------------------------------------------------------------
2923  A5AF              FCB_FINISH_NEW_EXTENT:
2924  A5AF                      ; refresh the FCB drive/extent working fields
2925  A5AF CD BB A0             CALL DRV_INSTALL_RWTS_3
2926  A5B2 AF                   XOR A
2927  A5B3                      ; return success (0)
2928  A5B3 C3 01 9F             JP BDOS_RET_RESULT
2929  A5B6              ; ----------------------------------------------------------------------
2930  A5B6              ; DISK_FINISH_OK -- finalize the BDOS result and set the FCB written flag.
2931  A5B6              ;   In: directory/record operation just completed.
2932  A5B6              ;   Out: BDOS result finalized (BDOS_RET_ONE); FCB S2 'written' bit set.
2933  A5B6              ;   Clobbers: A,H,L,flags
2934  A5B6              ;   Algorithm: run the common result-finalizer (BDOS_RET_ONE) then tail-jump to MARK_FCB_S2_HIGHBIT
2935  A5B6              ;              to set the FCB S2 high bit (mark written) and return.
2936  A5B6              ;   [RE]
2937  A5B6              ; ----------------------------------------------------------------------
2938  A5B6              DISK_FINISH_OK:
2939  A5B6                      ; finalize the BDOS result for the operation
2940  A5B6 CD 05 9F             CALL BDOS_RET_ONE
2941  A5B9                      ; set the FCB S2 'written' flag and return
2942  A5B9 C3 78 A1             JP MARK_FCB_S2_HIGHBIT
2943  A5BC              ; ----------------------------------------------------------------------
2944  A5BC              ; FILE_READ_SEQ -- sequential read of one record into the DMA buffer (BDOS fn 20).
2945  A5BC              ;   In: CURFCB_PTR ($9F43) -> open FCB. Reached from F_READ_H (dispatch fn 20).
2946  A5BC              ;   Out: requested record read; BDOS result reflects success/EOF.
2947  A5BC              ;   Clobbers: A,B,C,D,E,H,L,flags
2948  A5BC              ;   Algorithm: set the sequential/random mode flag $A9D5=1 (1 = sequential; the random-read path
2949  A5BC              ;              BDOS_SEEK_NOREAD sets it 0) then fall into the shared read core (FILE_READ_RECORD).
2950  A5BC              ;   [RE] CP/M 2.2 sequential read entry
2951  A5BC              ; ----------------------------------------------------------------------
2952  A5BC              FILE_READ_SEQ:
2953  A5BC                      ; mode = 1 (sequential read)
2954  A5BC 3E 01                LD A,$01
2955  A5BE                      ; store the sequential/random mode flag (1=sequential)
2956  A5BE 32 D5 A9             LD (WRITE_TYPE_FLAG),A
2957  A5C1              ; ----------------------------------------------------------------------
2958  A5C1              ; FILE_READ_RECORD -- read the FCB's current record into the DMA buffer (shared read core).
2959  A5C1              ;   In: CURFCB_PTR ($9F43) -> open FCB; record/extent fields set. Shared by sequential
2960  A5C1              ;       (FILE_READ_SEQ) and random read.
2961  A5C1              ;   Out: the record's sector read and de-blocked to the DMA address; result = 0/error.
2962  A5C1              ;   Clobbers: A,B,C,D,E,H,L,flags
2963  A5C1              ;   Algorithm: set the direction flag $A9D3=$FF (read), refresh the FCB working fields, compare the
2964  A5C1              ;              current record ($A9E3) against the extent's record count ($A9E1); if at the $80
2965  A5C1              ;              boundary advance to the next extent (FCB_ADVANCE_RECORD), else translate the record
2966  A5C1              ;              to a physical sector and read it.
2967  A5C1              ;   [RE] CP/M 2.2 read core
2968  A5C1              ; ----------------------------------------------------------------------
2969  A5C1              FILE_READ_RECORD:
2970  A5C1                      ; direction = read
2971  A5C1 3E FF                LD A,$FF
2972  A5C3                      ; store the read/write direction flag ($FF=read)
2973  A5C3 32 D3 A9             LD (RW_DIRECTION_FLAG),A
2974  A5C6                      ; refresh the FCB drive/extent working fields
2975  A5C6 CD BB A0             CALL DRV_INSTALL_RWTS_3
2976  A5C9 3A E3 A9             LD A,(FCB_CURREC)
2977  A5CC 21 E1 A9             LD HL,FCB_RECCOUNT
2978  A5CF BE                   CP (HL)
2979  A5D0 DA E6 A5             JP C,FILE_READ_DO_SECTOR
2980  A5D3                      ; record at the $80 boundary = extent boundary / EOF
2981  A5D3 FE 80                CP $80
2982  A5D5 C2 FB A5             JP NZ,FILE_READ_ERROR
2983  A5D8 CD 5A A5             CALL FCB_ADVANCE_RECORD
2984  A5DB AF                   XOR A
2985  A5DC 32 E3 A9             LD (FCB_CURREC),A
2986  A5DF 3A 45 9F             LD A,(BDOS_RETVAL)
2987  A5E2 B7                   OR A
2988  A5E3 C2 FB A5             JP NZ,FILE_READ_ERROR
2989  A5E6              ; ----------------------------------------------------------------------
2990  A5E6              ; FILE_READ_DO_SECTOR -- translate the record to a sector and read it into the DMA buffer.
2991  A5E6              ;   In: FCB working fields set; record within the current extent.
2992  A5E6              ;   Out: the physical sector read and de-blocked into the DMA address.
2993  A5E6              ;   Clobbers: A,B,C,D,E,H,L,flags
2994  A5E6              ;   Algorithm: compute block/sector/track from the record (DISK_STORE_SEC_TRK_14/16/17); if no block
2995  A5E6              ;              is allocated take the read-error path; otherwise read the sector through the
2996  A5E6              ;              deblocking buffer and return via the BIOS read tail (DRV_INSTALL_RWTS_6).
2997  A5E6              ;   [RE]
2998  A5E6              ; ----------------------------------------------------------------------
2999  A5E6              FILE_READ_DO_SECTOR:
3000  A5E6                      ; compute the block number for this record
3001  A5E6 CD 77 A0             CALL DISK_STORE_SEC_TRK_14
3002  A5E9 CD 84 A0             CALL DISK_STORE_SEC_TRK_16
3003  A5EC                      ; no allocated block -> read error / unwritten
3004  A5EC CA FB A5             JP Z,FILE_READ_ERROR
3005  A5EF                      ; compute the physical sector/track
3006  A5EF CD 8A A0             CALL DISK_STORE_SEC_TRK_17
3007  A5F2 CD D1 9F             CALL RECORD_TO_TRACK
3008  A5F5 CD B2 9F             CALL DISK_READ_CHECKED
3009  A5F8                      ; perform the BIOS sector read and return
3010  A5F8 C3 D2 A0             JP DRV_INSTALL_RWTS_6
3011  A5FB              ; ----------------------------------------------------------------------
3012  A5FB              ; FILE_READ_ERROR -- return a read error / unwritten-record result.
3013  A5FB              ;   In: none.
3014  A5FB              ;   Out: BDOS result set to the error code via BDOS_RET_ONE.
3015  A5FB              ;   Clobbers: A,flags
3016  A5FB              ;   Algorithm: tail-jump to the common error-result setter.
3017  A5FB              ;   [RE]
3018  A5FB              ; ----------------------------------------------------------------------
3019  A5FB              FILE_READ_ERROR:
3020  A5FB                      ; return the BDOS read error code
3021  A5FB C3 05 9F             JP BDOS_RET_ONE
3022  A5FE              ; ----------------------------------------------------------------------
3023  A5FE              ; FILE_WRITE_SEQ -- sequential write of one record from the DMA buffer (BDOS fn 21).
3024  A5FE              ;   In: CURFCB_PTR ($9F43) -> FCB; DMA buffer holds the record. Reached from F_WRITE_H (dispatch fn
3025  A5FE              ;       21).
3026  A5FE              ;   Out: enters the write core; record written, blocks allocated as needed; result set.
3027  A5FE              ;   Clobbers: A,B,C,D,E,H,L,flags
3028  A5FE              ;   Algorithm: set the sequential/random mode flag $A9D5=1 (1 = sequential) then fall into the
3029  A5FE              ;              shared write core (at $A603, which clears the direction flag, logs in, allocates a
3030  A5FE              ;              block when the record is new, translates to a sector, and writes).
3031  A5FE              ;   [RE] CP/M 2.2 sequential write entry
3032  A5FE              ; ----------------------------------------------------------------------
3033  A5FE              FILE_WRITE_SEQ:
3034  A5FE                      ; mode = 1 (sequential write)
3035  A5FE 3E 01                LD A,$01
3036  A600                      ; store the sequential/random mode flag (1=sequential)
3037  A600 32 D5 A9             LD (WRITE_TYPE_FLAG),A
3038  A603              ; ----------------------------------------------------------------------
3039  A603              ; BDOS_WRITE -- BDOS WRITE primitive (CP/M 2.2 fn 21 F_WRITE / fn 34 F_WRITERAND / fn 40 F_WRITEZF
3040  A603              ; target). Write the current record of the open file, allocating and deblocking disk blocks as
3041  A603              ; needed.
3042  A603              ;   In: CURFCB (BDOS_PARAM_PTR) -> active FCB; the BDOS work cells for current-record (FCB_CURREC) /
3043  A603              ;       record-count (FCB_RECCOUNT) have been primed from the FCB by DRV_INSTALL_RWTS_3; DMA holds
3044  A603              ;       the
3045  A603              ;       caller's record; WRITE_TYPE_FLAG = write type (1 = sequential, 2 = random); BDOS_RETVAL =
3046  A603              ;       seek
3047  A603              ;       create/extend mode flag.
3048  A603              ;   Out: A = BDOS return code (0 = OK, 2 = disk full); status returned through BDOS_RET_RESULT; FCB
3049  A603              ;        allocation map / record count updated; host sector written. (OBSERVED: only the disk-full=2
3050  A603              ;        path is taken here; other error codes come from sub-routines.)
3051  A603              ;   Clobbers: A, BC, DE, HL, flags.
3052  A603              ;   Algorithm: clear the directory-update flag (RW_DIRECTION_FLAG); fetch the current record index
3053  A603              ;              and reject
3054  A603              ;              it if >= 128 (extent full). Compute the FCB allocation-map SLOT for this record and
3055  A603              ;              read the block number already stored there: if it is non-zero the block is already
3056  A603              ;              allocated, so branch straight to the write phase. If it is zero, recompute the slot
3057  A603              ;              index, fetch the block stored in the PREVIOUS slot as an allocation hint, then call
3058  A603              ;              the disk-map allocator (ALLOC_GET_BLOCK) to grab a fresh block. Store the (new or
3059  A603              ;              existing) block number into the FCB allocation slot, then perform the physical write
3060  A603              ;              and update the extent record count. Mirrors the standard CP/M 2.2 BDOS write routine.
3061  A603              ;              [RE]
3062  A603              ; ----------------------------------------------------------------------
3063  A603              BDOS_WRITE:
3064  A603                      ; Clear the directory-update-needed flag (RW_DIRECTION_FLAG) before starting this write.
3065  A603 3E 00                LD A,$00
3066  A605 32 D3 A9             LD (RW_DIRECTION_FLAG),A
3067  A608                      ; Drive read-only / select check (raises a BDOS error overlay if the drive is not writable).
3068  A608 CD 54 A1             CALL CHECK_DRIVE_READONLY
3069  A60B                      ; HL = pointer to the active FCB (CURFCB).
3070  A60B 2A 43 9F             LD HL,(BDOS_PARAM_PTR)
3071  A60E CD 47 A1             CALL CHECK_DIRENT_READONLY_INNER
3072  A611 CD BB A0             CALL DRV_INSTALL_RWTS_3
3073  A614                      ; Load the current record number within the extent (primed from the FCB).
3074  A614 3A E3 A9             LD A,(FCB_CURREC)
3075  A617                      ; Record index 128 means the extent is full -> cannot write, report error.
3076  A617 FE 80                CP $80
3077  A619                      ; Extent full / index out of range: bail to the BDOS error path.
3078  A619 D2 05 9F             JP NC,BDOS_RET_ONE
3079  A61C CD 77 A0             CALL DISK_STORE_SEC_TRK_14
3080  A61F CD 84 A0             CALL DISK_STORE_SEC_TRK_16
3081  A622                      ; allocated.
3082  A622                      ; C = 0: existing-block write mode (no zero-fill); used only if the block is already
3083  A622 0E 00                LD C,$00
3084  A624                      ; phase.
3085  A624                      ; Block already allocated (slot held a non-zero block) -> skip allocation, go to the write
3086  A624 C2 6E A6             JP NZ,BDOS_WRITE_PHASE
3087  A627                      ; disk block).
3088  A627                      ; Recompute the FCB allocation-map slot index for the current record (A = slot index, NOT a
3089  A627 CD 3E A0             CALL DISK_STORE_SEC_TRK_6
3090  A62A                      ; Save the allocation-slot index for use when storing the new block number.
3091  A62A 32 D7 A9             LD (ALLOC_SLOT_INDEX),A
3092  A62D 01 00 00             LD BC,$0000
3093  A630 B7                   OR A
3094  A631                      ; Slot index 0 (first slot) -> skip the previous-slot fetch; go allocate a fresh block.
3095  A631 CA 3B A6             JP Z,BDOS_WRITE_ALLOCBLK
3096  A634 4F                   LD C,A
3097  A635 0B                   DEC BC
3098  A636                      ; -> HL.
3099  A636                      ; Fetch the block stored in the PREVIOUS slot (BC = slot-1) as the allocation starting hint
3100  A636 CD 5E A0             CALL DISK_STORE_SEC_TRK_10
3101  A639 44                   LD B,H
3102  A63A 4D                   LD C,L
3103  A63B              ; ----------------------------------------------------------------------
3104  A63B              ; BDOS_WRITE_ALLOCBLK -- allocate a fresh data block from the disk allocation vector, or return
3105  A63B              ; 'disk full'.
3106  A63B              ;   In: BC = allocation hint (block from the previous slot, or 0); CURFCB context valid.
3107  A63B              ;   Out: on success HL = newly allocated block number and control falls into BDOS_WRITE_STOREBLK; on
3108  A63B              ;        no free block, returns A=2 (disk full) via BDOS_RET_RESULT.
3109  A63B              ;   Clobbers: A, BC, DE, HL, flags.
3110  A63B              ;   Algorithm: call the disk-map allocator ALLOC_GET_BLOCK, which scans the drive allocation bitmap
3111  A63B              ;              (up to MAX_BLOCK_DSM), marks a free block in use and returns HL = its block number
3112  A63B              ;              (HL = 0 when the disk is full). If HL is zero, set A=2 and return the disk-full
3113  A63B              ;              status; otherwise fall through to record the new block in the FCB. [RE]
3114  A63B              ; ----------------------------------------------------------------------
3115  A63B              BDOS_WRITE_ALLOCBLK:
3116  A63B                      ; full).
3117  A63B                      ; Allocate a fresh block from the drive allocation bitmap; HL = new block number (0 = disk
3118  A63B CD BE A3             CALL ALLOC_GET_BLOCK
3119  A63E 7D                   LD A,L
3120  A63F                      ; Test HL for zero (no free block was found).
3121  A63F B4                   OR H
3122  A640                      ; Non-zero block: proceed to record it in the FCB.
3123  A640 C2 48 A6             JP NZ,BDOS_WRITE_STOREBLK
3124  A643                      ; A = 2: disk-full return code.
3125  A643 3E 02                LD A,$02
3126  A645                      ; Return disk-full status to the caller.
3127  A645 C3 01 9F             JP BDOS_RET_RESULT
3128  A648              ; ----------------------------------------------------------------------
3129  A648              ; BDOS_WRITE_STOREBLK -- store the (new or existing) block number into the FCB allocation slot for
3130  A648              ; the current record.
3131  A648              ;   In: HL = block number; CURFCB (BDOS_PARAM_PTR) = active FCB; ALLOC_SLOT_INDEX = allocation-slot
3132  A648              ;       index
3133  A648              ;       within the extent; BLOCK_WIDTH_FLAG selects 1-byte vs 2-byte block entries.
3134  A648              ;   Out: FCB allocation map updated with the block number at the computed slot.
3135  A648              ;   Clobbers: A, BC, DE, HL, flags.
3136  A648              ;   Algorithm: save the block number to CUR_BLOCK_NUMBER (for the write phase) into DE; point HL at
3137  A648              ;              the FCB
3138  A648              ;              allocation map (FCB+16); read the slot index. If BLOCK_WIDTH_FLAG selects 8-bit
3139  A648              ;              blocks, add the slot index to HL (via DIRENT_PTR_ADD) and store one byte; otherwise
3140  A648              ;              jump to the 16-bit store path. [RE]
3141  A648              ; ----------------------------------------------------------------------
3142  A648              BDOS_WRITE_STOREBLK:
3143  A648                      ; Save the block number for the write phase (host record/sector base).
3144  A648 22 E5 A9             LD (CUR_BLOCK_NUMBER),HL
3145  A64B EB                   EX DE,HL
3146  A64C 2A 43 9F             LD HL,(BDOS_PARAM_PTR)
3147  A64F                      ; Offset 16 = start of the allocation/disk-map area inside the FCB.
3148  A64F 01 10 00             LD BC,$0010
3149  A652 09                   ADD HL,BC
3150  A653                      ; Test whether the drive uses 8-bit (small disk) or 16-bit block numbers.
3151  A653 3A DD A9             LD A,(BLOCK_WIDTH_FLAG)
3152  A656 B7                   OR A
3153  A657                      ; A = allocation-slot index within the FCB extent.
3154  A657 3A D7 A9             LD A,(ALLOC_SLOT_INDEX)
3155  A65A                      ; 16-bit-block-number drive: store the block number as a 2-byte entry.
3156  A65A CA 64 A6             JP Z,BDOS_WRITE_STOREBLK16
3157  A65D                      ; Add the slot index to HL = address of the single-byte slot inside the FCB map.
3158  A65D CD 64 A1             CALL DIRENT_PTR_ADD
3159  A660                      ; Store the low byte (8-bit block number) into the FCB slot.
3160  A660 73                   LD (HL),E
3161  A661 C3 6C A6             JP BDOS_WRITE_NEWBLK
3162  A664              ; ----------------------------------------------------------------------
3163  A664              ; BDOS_WRITE_STOREBLK16 -- store a 16-bit block number into the FCB allocation map (large-disk
3164  A664              ; format).
3165  A664              ;   In: HL = FCB allocation-map base (FCB+16); A = slot index; DE = block number.
3166  A664              ;   Out: the 2-byte block number written at FCB+16 + slot*2 (low byte then high byte).
3167  A664              ;   Clobbers: A, BC, HL, flags.
3168  A664              ;   Algorithm: extend the slot index to BC, add it to HL twice (slot*2 byte offset), then store DE
3169  A664              ;              low/high. Falls through to the write phase. [RE]
3170  A664              ; ----------------------------------------------------------------------
3171  A664              BDOS_WRITE_STOREBLK16:
3172  A664                      ; BC = slot index.
3173  A664 4F                   LD C,A
3174  A665 06 00                LD B,$00
3175  A667                      ; Add slot index twice (this is the first add) => byte offset = slot*2 for 16-bit entries.
3176  A667 09                   ADD HL,BC
3177  A668 09                   ADD HL,BC
3178  A669                      ; Store block-number low byte.
3179  A669 73                   LD (HL),E
3180  A66A 23                   INC HL
3181  A66B                      ; Store block-number high byte.
3182  A66B 72                   LD (HL),D
3183  A66C              ; ----------------------------------------------------------------------
3184  A66C              ; BDOS_WRITE_NEWBLK -- mark this write as 'new block, must zero-fill' before the write phase.
3185  A66C              ;   In: control reaches here after a freshly allocated block was recorded in the FCB.
3186  A66C              ;   Out: C = 2, signalling the write phase to zero-fill the unwritten records of the new block.
3187  A66C              ;   Clobbers: C.
3188  A66C              ;   Algorithm: set C=2 (new-block write mode) and fall into the write phase. [RE]
3189  A66C              ; ----------------------------------------------------------------------
3190  A66C              BDOS_WRITE_NEWBLK:
3191  A66C                      ; C = 2: new-block write mode (the block was just allocated, zero-fill it).
3192  A66C 0E 02                LD C,$02
3193  A66E              ; ----------------------------------------------------------------------
3194  A66E              ; BDOS_WRITE_PHASE -- perform the physical write of the current record, honoring the
3195  A66E              ; deblocking/new-block mode.
3196  A66E              ;   In: C = write mode (0 = existing block, 2 = new block); CURFCB context valid; DMA holds the
3197  A66E              ;       caller's record; BDOS_RETVAL = seek create/extend mode flag (00 / FF); WRITE_TYPE_FLAG =
3198  A66E              ;       BDOS write
3199  A66E              ;       type (1 = sequential, 2 = random).
3200  A66E              ;   Out: host sector updated on disk; control merges into the post-write record-count update;
3201  A66E              ;        returns early if the create/extend flag is set.
3202  A66E              ;   Clobbers: A, BC, DE, HL, flags.
3203  A66E              ;   Algorithm: load BDOS_RETVAL; if it is non-zero (a create/extend was flagged) return so the
3204  A66E              ;              caller can handle it. Otherwise save the mode, compute the host record/sector
3205  A66E              ;              (DISK_STORE_SEC_TRK_17), and branch on write type: random data writes (type 2) go
3206  A66E              ;              directly; sequential writes of a fresh block (mode 2) first zero-fill the
3207  A66E              ;              directory/work buffer and write its records up to the host-sector boundary.
3208  A66E              ;              (OBSERVED: BDOS_RETVAL is the same cell the seek code sets to its phase value;
3209  A66E              ;              calling it a 'host-buffer' flag is not supported -- it is the seek/create mode cell.)
3210  A66E              ;              [RE]
3211  A66E              ; ----------------------------------------------------------------------
3212  A66E              BDOS_WRITE_PHASE:
3213  A66E                      ; pending).
3214  A66E                      ; Load the seek create/extend mode flag (BDOS_RETVAL; 00 = normal, FF = create/extend
3215  A66E 3A 45 9F             LD A,(BDOS_RETVAL)
3216  A671 B7                   OR A
3217  A672                      ; Create/extend flagged (BDOS_RETVAL != 0) -> return to the caller without writing here.
3218  A672 C0                   RET NZ
3219  A673                      ; Preserve the write-mode byte (C) across the sector computation.
3220  A673 C5                   PUSH BC
3221  A674                      ; Compute the host physical record index/sector for the current logical record.
3222  A674 CD 8A A0             CALL DISK_STORE_SEC_TRK_17
3223  A677                      ; Load the BDOS write type (1 = sequential, 2 = random).
3224  A677 3A D5 A9             LD A,(WRITE_TYPE_FLAG)
3225  A67A 3D                   DEC A
3226  A67B 3D                   DEC A
3227  A67C                      ; Write type != 2 (sequential) -> may need the new-block zero-fill path.
3228  A67C C2 BB A6             JP NZ,BDOS_WRITE_DOWRITE
3229  A67F C1                   POP BC
3230  A680 C5                   PUSH BC
3231  A681                      ; A = write mode (was the block freshly allocated?).
3232  A681 79                   LD A,C
3233  A682 3D                   DEC A
3234  A683 3D                   DEC A
3235  A684                      ; Existing block (mode != 2): write directly, no zero-fill.
3236  A684 C2 BB A6             JP NZ,BDOS_WRITE_DOWRITE
3237  A687 E5                   PUSH HL
3238  A688                      ; HL = directory/work buffer to be zero-filled before the new-block write.
3239  A688 2A B9 A9             LD HL,(DIRBUF_PTR)
3240  A68B                      ; D = 0: byte counter for the 128-byte fill loop.
3241  A68B 57                   LD D,A
3242  A68C              ; ----------------------------------------------------------------------
3243  A68C              ; BDOS_WRITE_ZEROFILL -- zero-fill one 128-byte record buffer for a freshly allocated block.
3244  A68C              ;   In: HL = buffer start; A = 0 (fill value); D = 0 (loop counter).
3245  A68C              ;   Out: 128 bytes from HL cleared to 0; HL advanced past the buffer.
3246  A68C              ;   Clobbers: A(=0), D, HL, flags.
3247  A68C              ;   Algorithm: store 0, advance HL, INC D and loop while the sign flag stays clear (D < 128), i.e.
3248  A68C              ;              128 iterations (0..127). Clears the work buffer before writing fresh records into a
3249  A68C              ;              new block. [RE]
3250  A68C              ; ----------------------------------------------------------------------
3251  A68C              BDOS_WRITE_ZEROFILL:
3252  A68C                      ; Store 0 into the buffer byte.
3253  A68C 77                   LD (HL),A
3254  A68D 23                   INC HL
3255  A68E                      ; Advance the 0..127 fill counter.
3256  A68E 14                   INC D
3257  A68F                      ; Loop while D < 128 (sign clear): fill all 128 record bytes.
3258  A68F F2 8C A6             JP P,BDOS_WRITE_ZEROFILL
3259  A692                      ; Point the DMA at the deblocking/host buffer for the fill writes.
3260  A692 CD E0 A1             CALL SET_DMA_TO_DISK_BUF
3261  A695                      ; HL = base host record index for this block's fill.
3262  A695 2A E7 A9             LD HL,(BLOCK_BASE_RECORD)
3263  A698 0E 02                LD C,$02
3264  A69A              ; ----------------------------------------------------------------------
3265  A69A              ; BDOS_WRITE_FILLLOOP -- write the zero-filled records of a new block up to the host-sector
3266  A69A              ; boundary.
3267  A69A              ;   In: HL = current host record index; C = 2 (mode); deblock DMA already pointed at the fill
3268  A69A              ;       buffer.
3269  A69A              ;   Out: the records spanning the host sector written; loops until the record index crosses the
3270  A69A              ;        host-sector mask boundary.
3271  A69A              ;   Clobbers: A, BC, HL, flags.
3272  A69A              ;   Algorithm: save the record index (CUR_BLOCK_NUMBER), translate/seek the host sector
3273  A69A              ;              (RECORD_TO_TRACK),
3274  A69A              ;              write it (DISK_WRITE_CHECKED), reload the index and mask it with the
3275  A69A              ;              records-per-host-sector mask (DPB_BLM); INC the index and loop until the masked value
3276  A69A              ;              differs (host-sector boundary reached). Then restore the saved record index and
3277  A69A              ;              finalize via RESTORE_USER_DMA. [RE]
3278  A69A              ; ----------------------------------------------------------------------
3279  A69A              BDOS_WRITE_FILLLOOP:
3280  A69A                      ; Save the working host-record index.
3281  A69A 22 E5 A9             LD (CUR_BLOCK_NUMBER),HL
3282  A69D C5                   PUSH BC
3283  A69E                      ; Translate/seek the host track+sector for this record.
3284  A69E CD D1 9F             CALL RECORD_TO_TRACK
3285  A6A1 C1                   POP BC
3286  A6A2                      ; Write the (zeroed) record to the host sector via the BIOS R/W call.
3287  A6A2 CD B8 9F             CALL DISK_WRITE_CHECKED
3288  A6A5 2A E5 A9             LD HL,(CUR_BLOCK_NUMBER)
3289  A6A8 0E 00                LD C,$00
3290  A6AA                      ; Load the records-per-host-sector mask.
3291  A6AA 3A C4 A9             LD A,(DPB_BLM)
3292  A6AD 47                   LD B,A
3293  A6AE                      ; Mask the record index to its position within the host sector.
3294  A6AE A5                   AND L
3295  A6AF                      ; Compare against the host-sector base value (still inside this host sector?).
3296  A6AF B8                   CP B
3297  A6B0 23                   INC HL
3298  A6B1                      ; Loop while still within the same host sector (fill all its records).
3299  A6B1 C2 9A A6             JP NZ,BDOS_WRITE_FILLLOOP
3300  A6B4 E1                   POP HL
3301  A6B5 22 E5 A9             LD (CUR_BLOCK_NUMBER),HL
3302  A6B8                      ; Restore the caller DMA and finalize the new-block fill.
3303  A6B8 CD DA A1             CALL RESTORE_USER_DMA
3304  A6BB              ; ----------------------------------------------------------------------
3305  A6BB              ; BDOS_WRITE_DOWRITE -- write the caller's current record to its host sector and bump the extent
3306  A6BB              ; record count.
3307  A6BB              ;   In: stack holds the mode byte; CURFCB context valid; DMA = caller record.
3308  A6BB              ;   Out: record written; FCB current-record-count cell (FCB_RECCOUNT) advanced when this record
3309  A6BB              ;        extends
3310  A6BB              ;        the extent; C=2 if the count grew; falls into the S2/extent-overflow update.
3311  A6BB              ;   Clobbers: A, BC, DE, HL, flags.
3312  A6BB              ;   Algorithm: translate/seek (RECORD_TO_TRACK) and write (DISK_WRITE_CHECKED) the record; compare
3313  A6BB              ;              the just-written record index (FCB_CURREC) against the extent's stored record count
3314  A6BB              ;              (FCB_RECCOUNT); if it is a new high-water record, store and increment the count and
3315  A6BB              ;              set C=2
3316  A6BB              ;              (extent grew). [RE]
3317  A6BB              ; ----------------------------------------------------------------------
3318  A6BB              BDOS_WRITE_DOWRITE:
3319  A6BB                      ; Translate/seek the host track+sector for the current record.
3320  A6BB CD D1 9F             CALL RECORD_TO_TRACK
3321  A6BE C1                   POP BC
3322  A6BF C5                   PUSH BC
3323  A6C0                      ; Write the caller's record to the host sector via the BIOS R/W call.
3324  A6C0 CD B8 9F             CALL DISK_WRITE_CHECKED
3325  A6C3 C1                   POP BC
3326  A6C4                      ; A = the record index just written within the extent.
3327  A6C4 3A E3 A9             LD A,(FCB_CURREC)
3328  A6C7                      ; HL -> the extent's current record-count cell (FCB_RECCOUNT).
3329  A6C7 21 E1 A9             LD HL,FCB_RECCOUNT
3330  A6CA                      ; Is the written record beyond the current record count?
3331  A6CA BE                   CP (HL)
3332  A6CB                      ; Record is within the existing count -> no count update needed.
3333  A6CB DA D2 A6             JP C,BDOS_WRITE_S2UPDATE
3334  A6CE                      ; Extent grew: store the new record index as the count...
3335  A6CE 77                   LD (HL),A
3336  A6CF                      ; ...and bump it (count = index + 1).
3337  A6CF 34                   INC (HL)
3338  A6D0                      ; C = 2: signal the extent record count was extended.
3339  A6D0 0E 02                LD C,$02
3340  A6D2              ; ----------------------------------------------------------------------
3341  A6D2              ; BDOS_WRITE_S2UPDATE -- refresh the FCB S2 byte and, at end-of-extent, advance the FCB to the next
3342  A6D2              ; extent.
3343  A6D2              ;   In: A = current record/extent state; CURFCB context valid; WRITE_TYPE_FLAG = write type.
3344  A6D2              ;   Out: FCB S2 byte stored with its high bit cleared; on extent rollover (record index 0x7F with
3345  A6D2              ;        sequential write) the record count is written back and the FCB moves to the next extent;
3346  A6D2              ;        otherwise takes the common return.
3347  A6D2              ;   Clobbers: A, BC, HL, flags.
3348  A6D2              ;   Algorithm: (two leading NOPs are padding). Fetch the FCB S2 byte (FCB_GET_S2), clear its high
3349  A6D2              ;              bit and store it back. If the just-written record was the last in the extent (0x7F)
3350  A6D2              ;              AND this is a sequential write (WRITE_TYPE_FLAG == 1), copy the working record count
3351  A6D2              ;              back into
3352  A6D2              ;              the FCB (DRV_INSTALL_RWTS_6) and advance to the next extent (FCB_ADVANCE_RECORD); if
3353  A6D2              ;              no host buffer write is pending, reset the current-record cell; else take the common
3354  A6D2              ;              return. (OBSERVED: the LD HL,$A6DF (S2-check site) at entry is immediately
3355  A6D2              ;              overwritten by FCB_GET_S2
3356  A6D2              ;              -- it loads no value that is used.) [RE]
3357  A6D2              ; VERSION DELTA: in 2.23 the two leading bytes are DEC C / DEC C (C: $02 -> $00), not the 2.20 NOP /
3358  A6D2              ; NOP padding; see the spec flag for $A6D2.
3359  A6D2              ; ----------------------------------------------------------------------
3360  A6D2              BDOS_WRITE_S2UPDATE:
3361  A6D2 0D                   DEC C
3362  A6D3 0D                   DEC C
3363  A6D4                      ; Vestigial load of the local S2-check site ($A6DF) -- HL is immediately overwritten by
3364  A6D4                      ; FCB_GET_S2 below; value unused. (2.20 loads CCP_ENTRY=$9400 here; 2.23 loads $A6DF.)
3365  A6D4 21 DF A6             LD HL,BDOS_WRITE_S2CHECK
3366  A6D7 F5                   PUSH AF
3367  A6D8                      ; HL -> the FCB S2 (extent-module) byte; A = its value.
3368  A6D8 CD 69 A1             CALL FCB_GET_S2
3369  A6DB                      ; Clear the high (modified/in-use) bit of the S2 byte.
3370  A6DB E6 7F                AND $7F
3371  A6DD                      ; Store the updated S2 byte back into the FCB.
3372  A6DD 77                   LD (HL),A
3373  A6DE F1                   POP AF
3374  A6DF              ; ----------------------------------------------------------------------
3375  A6DF              ; BDOS_WRITE_S2CHECK -- extent-end test inside the S2 update: was the just-written record the
3376  A6DF              ; last of the extent (index $7F)?
3377  A6DF              ;   In: A = the just-written record index; WRITE_TYPE_FLAG = write type.
3378  A6DF              ;   Out: if not at $7F, or not a sequential write, take the common write return (BDOS_WRITE_RET);
3379  A6DF              ;        otherwise roll the FCB forward to the next extent.
3380  A6DF              ;   Clobbers: A, HL, flags.
3381  A6DF              ;   Algorithm: CP $7F; on no-match return. Else load WRITE_TYPE_FLAG; only type 1 (sequential)
3382  A6DF              ;              rolls the extent (copy the record count back, FCB_ADVANCE_RECORD, reset the
3383  A6DF              ;              current-record cell). [RE]
3384  A6DF              ;   NOTE: in 2.23 this site is also the target of the vestigial LD HL,$A6DF in
3385  A6DF              ;   BDOS_WRITE_S2UPDATE (HL is overwritten by FCB_GET_S2; the value is unused).
3386  A6DF              ; ----------------------------------------------------------------------
3387  A6DF              BDOS_WRITE_S2CHECK:
3388  A6DF FE 7F                CP $7F
3389  A6E1 C2 00 A7             JP NZ,BDOS_WRITE_RET
3390  A6E4 3A D5 A9             LD A,(WRITE_TYPE_FLAG)
3391  A6E7 FE 01                CP $01
3392  A6E9 C2 00 A7             JP NZ,BDOS_WRITE_RET
3393  A6EC CD D2 A0             CALL DRV_INSTALL_RWTS_6
3394  A6EF CD 5A A5             CALL FCB_ADVANCE_RECORD
3395  A6F2 21 45 9F             LD HL,BDOS_RETVAL
3396  A6F5 7E                   LD A,(HL)
3397  A6F6 B7                   OR A
3398  A6F7 C2 FE A6             JP NZ,BDOS_WRITE_RESETREC
3399  A6FA 3D                   DEC A
3400  A6FB 32 E3 A9             LD (FCB_CURREC),A
3401  A6FE              ; ----------------------------------------------------------------------
3402  A6FE              ; BDOS_WRITE_RESETREC -- clear the seek/create-mode flag cell after an extent rollover.
3403  A6FE              ;   In: HL -> the BDOS_RETVAL flag cell.
3404  A6FE              ;   Out: that flag cell cleared to 0.
3405  A6FE              ;   Clobbers: (memory only).
3406  A6FE              ;   Algorithm: store 0 through HL to reset the BDOS_RETVAL flag, then fall into the common return.
3407  A6FE              ;              [RE]
3408  A6FE              ; ----------------------------------------------------------------------
3409  A6FE              BDOS_WRITE_RESETREC:
3410  A6FE                      ; Clear the BDOS_RETVAL seek/create-mode flag for the new extent.
3411  A6FE 36 00                LD (HL),$00
3412  A700              ; ----------------------------------------------------------------------
3413  A700              ; BDOS_WRITE_RET -- common exit of the WRITE primitive.
3414  A700              ;   In: write completed (or no further action needed).
3415  A700              ;   Out: tail-jumps to DRV_INSTALL_RWTS_6, which copies the working record/count back into the FCB
3416  A700              ;        and returns to the BDOS dispatcher.
3417  A700              ;   Clobbers: per the tail routine.
3418  A700              ;   Algorithm: tail-jump to the record-count writeback routine. [RE]
3419  A700              ; ----------------------------------------------------------------------
3420  A700              BDOS_WRITE_RET:
3421  A700                      ; Copy the working record/count back into the FCB and return via the shared tail.
3422  A700 C3 D2 A0             JP DRV_INSTALL_RWTS_6
3423  A703              ; ----------------------------------------------------------------------
3424  A703              ; BDOS_SEEK_NOREAD -- SEEK entry that clears the write-type cell, then computes/positions the target
3425  A703              ; extent.
3426  A703              ;   In: CURFCB (BDOS_PARAM_PTR) valid.
3427  A703              ;   Out: as for BDOS_SEEK_COMPUTE below.
3428  A703              ;   Clobbers: A, BC, DE, HL, flags.
3429  A703              ;   Algorithm: clear the write-type cell (WRITE_TYPE_FLAG = 0), then fall straight into
3430  A703              ;              BDOS_SEEK_COMPUTE.
3431  A703              ;              (OBSERVED: this entry is used by the random read/write callers
3432  A703              ;              FCB_EXTENT_TO_TRKSEC_8/9 after they set C; BDOS_SEEK_NOREAD itself does not consume C
3433  A703              ;              -- it is merely preserved on the stack across the seek and used by the caller
3434  A703              ;              afterward.) [RE]
3435  A703              ; ----------------------------------------------------------------------
3436  A703              BDOS_SEEK_NOREAD:
3437  A703 AF                   XOR A
3438  A704                      ; Write type = 0 (cleared before the seek).
3439  A704 32 D5 A9             LD (WRITE_TYPE_FLAG),A
3440  A707              ; ----------------------------------------------------------------------
3441  A707              ; BDOS_SEEK_COMPUTE -- compute the target extent/record from the FCB random-record field (R0/R1/R2)
3442  A707              ; and seek the directory to it.
3443  A707              ;   In: CURFCB (BDOS_PARAM_PTR) -> FCB whose random-record bytes (FCB+33..35 = R0/R1/R2) hold the
3444  A707              ;       desired record; BDOS_RETVAL = create/extend mode flag.
3445  A707              ;   Out: B = target S2 (module), C = target extent-within-entry; if the FCB is already positioned
3446  A707              ;        there, returns OK (A=0) via BDOS_RET_RESULT; else repositions the directory; on R2 != 0
3447  A707              ;        returns record-out-of-range. (OBSERVED: BC is also just preserved on the stack for the
3448  A707              ;        calling read/write routine.)
3449  A707              ;   Clobbers: A, BC, DE, HL, flags.
3450  A707              ;   Algorithm: read R0 and combine with R1 into the 16-bit record number. record-within-extent = R0
3451  A707              ;              & 0x7F; extent = ((R1 << 1) | R0.bit7) & 0x1F (C); S2/module = R1 >> 4 (B). If R2
3452  A707              ;              (high random byte) is non-zero the record is out of range -> abort with phase code 6.
3453  A707              ;              Otherwise compare target extent (C vs FCB+12) and S2 (B vs FCB+14): if both already
3454  A707              ;              match, fall through with no positioning; else reposition the directory to the target
3455  A707              ;              extent. Mirrors the standard CP/M 2.2 BDOS random seek. [RE]
3456  A707              ; ----------------------------------------------------------------------
3457  A707              BDOS_SEEK_COMPUTE:
3458  A707 C5                   PUSH BC
3459  A708                      ; HL = pointer to the active FCB (CURFCB).
3460  A708 2A 43 9F             LD HL,(BDOS_PARAM_PTR)
3461  A70B EB                   EX DE,HL
3462  A70C                      ; Offset 33 (0x21) = FCB random-record field R0; HL = FCB+33 after ADD HL,DE.
3463  A70C 21 21 00             LD HL,$0021
3464  A70F 19                   ADD HL,DE
3465  A710 7E                   LD A,(HL)
3466  A711                      ; Record-within-extent = R0 bits 0..6 (0..127).
3467  A711 E6 7F                AND $7F
3468  A713 F5                   PUSH AF
3469  A714 7E                   LD A,(HL)
3470  A715                      ; Rotate R0 bit7 into carry (combined with R1 below for the extent number).
3471  A715 17                   RLA
3472  A716 23                   INC HL
3473  A717 7E                   LD A,(HL)
3474  A718                      ; Rotate R1 left, picking up R0.bit7 from carry: forms (R1 << 1) | R0.bit7.
3475  A718 17                   RLA
3476  A719                      ; Low 5 bits = extent number within the directory entry.
3477  A719 E6 1F                AND $1F
3478  A71B                      ; C = target extent (low part).
3479  A71B 4F                   LD C,A
3480  A71C 7E                   LD A,(HL)
3481  A71D 1F                   RRA
3482  A71E 1F                   RRA
3483  A71F 1F                   RRA
3484  A720 1F                   RRA
3485  A721                      ; Keep R1's high nibble = S2 / extent-module count.
3486  A721 E6 0F                AND $0F
3487  A723                      ; B = target S2 (extent module) value (R1 >> 4).
3488  A723 47                   LD B,A
3489  A724 F1                   POP AF
3490  A725 23                   INC HL
3491  A726 6E                   LD L,(HL)
3492  A727 2C                   INC L
3493  A728 2D                   DEC L
3494  A729                      ; Preset L = seek phase code 6 (the random-record overflow result).
3495  A729 2E 06                LD L,$06
3496  A72B                      ; R2 (high random-record byte) non-zero -> record number out of range, abort the seek.
3497  A72B C2 8B A7             JP NZ,RANDREC_POS_RET
3498  A72E 21 20 00             LD HL,$0020
3499  A731 19                   ADD HL,DE
3500  A732 77                   LD (HL),A
3501  A733                      ; Offset 12 = FCB extent (EX) byte.
3502  A733 21 0C 00             LD HL,$000C
3503  A736 19                   ADD HL,DE
3504  A737 79                   LD A,C
3505  A738                      ; Compare target extent (C) against the FCB's current extent.
3506  A738 96                   SUB (HL)
3507  A739                      ; Extent differs -> must reposition the directory to the new extent.
3508  A739 C2 47 A7             JP NZ,BDOS_SEEK_REPOSITION
3509  A73C                      ; Offset 14 = FCB S2 (module) byte.
3510  A73C 21 0E 00             LD HL,$000E
3511  A73F 19                   ADD HL,DE
3512  A740 78                   LD A,B
3513  A741                      ; Compare target S2 (B) against the FCB's current S2.
3514  A741 96                   SUB (HL)
3515  A742 E6 7F                AND $7F
3516  A744                      ; Extent and S2 both already current -> nothing to seek, return OK.
3517  A744 CA 7F A7             JP Z,BDOS_SEEK_DONE
3518  A747              ; ----------------------------------------------------------------------
3519  A747              ; BDOS_SEEK_REPOSITION -- close the current extent and open/seek the directory to the requested
3520  A747              ; extent.
3521  A747              ;   In: B = target S2, C = target extent; DE -> FCB; BDOS_RETVAL = create/extend mode flag (0xFF =
3522  A747              ;       create on miss).
3523  A747              ;   Out: FCB extent (EX, +12) and S2 (+14) set to the target; directory positioned at the matching
3524  A747              ;        extent; a phase code is left in L (stored into BDOS_RETVAL at the seek tail); on success
3525  A747              ;        falls into BDOS_SEEK_DONE.
3526  A747              ;   Clobbers: A, BC, DE, HL, flags.
3527  A747              ;   Algorithm: close/flush the currently open extent (F_CLOSE_HND clears the host-buffer/seek
3528  A747              ;              cache).
3529  A747              ;              Set phase=3; if BDOS_RETVAL == 0xFF (create mode; INC A gives 0 / Z) take the
3530  A747              ;              extent-allocate path. Otherwise store the new EX (+12) and S2 (+14) into the FCB and
3531  A747              ;              open the matching directory entry (FCB_OPEN_SEARCH). Re-test BDOS_RETVAL (phase 4):
3532  A747              ;              on create, probe the next extent; read the directory record (DIR_MAKE_ENTRY); re-test
3533  A747              ;              (phase 5); then drop into BDOS_SEEK_DONE. [RE]
3534  A747              ; ----------------------------------------------------------------------
3535  A747              BDOS_SEEK_REPOSITION:
3536  A747 C5                   PUSH BC
3537  A748 D5                   PUSH DE
3538  A749                      ; repositioning.
3539  A749                      ; Close the currently open extent (clears the host-buffer/seek cache cells) before
3540  A749 CD A2 A4             CALL F_CLOSE_HND
3541  A74C D1                   POP DE
3542  A74D C1                   POP BC
3543  A74E                      ; Seek phase code 3 (extent-allocate path).
3544  A74E 2E 03                LD L,$03
3545  A750                      ; Load the create/extend mode flag.
3546  A750 3A 45 9F             LD A,(BDOS_RETVAL)
3547  A753                      ; Test for the 0xFF 'create/allocate on miss' value (INC -> 0 / sets Z).
3548  A753 3C                   INC A
3549  A754                      ; Create/allocate mode -> take the extent-allocate path.
3550  A754 CA 84 A7             JP Z,FCB_EXTENT_TO_TRKSEC_7
3551  A757                      ; Offset 12 = FCB extent (EX) byte.
3552  A757 21 0C 00             LD HL,$000C
3553  A75A 19                   ADD HL,DE
3554  A75B                      ; Store the new target extent into the FCB.
3555  A75B 71                   LD (HL),C
3556  A75C                      ; Offset 14 = FCB S2 byte.
3557  A75C 21 0E 00             LD HL,$000E
3558  A75F 19                   ADD HL,DE
3559  A760                      ; Store the new target S2 (module) into the FCB.
3560  A760 70                   LD (HL),B
3561  A761                      ; Search/open the directory entry for the new extent.
3562  A761 CD 51 A4             CALL FCB_OPEN_SEARCH
3563  A764 3A 45 9F             LD A,(BDOS_RETVAL)
3564  A767 3C                   INC A
3565  A768 C2 7F A7             JP NZ,BDOS_SEEK_DONE
3566  A76B C1                   POP BC
3567  A76C C5                   PUSH BC
3568  A76D                      ; Seek phase code 4.
3569  A76D 2E 04                LD L,$04
3570  A76F                      ; Bump the extent for the next-extent create probe.
3571  A76F 0C                   INC C
3572  A770                      ; Create path: allocate/init the new extent.
3573  A770 CA 84 A7             JP Z,FCB_EXTENT_TO_TRKSEC_7
3574  A773                      ; Read the directory record for the new extent into the scratch buffer.
3575  A773 CD 24 A5             CALL DIR_MAKE_ENTRY
3576  A776                      ; Seek phase code 5.
3577  A776 2E 05                LD L,$05
3578  A778 3A 45 9F             LD A,(BDOS_RETVAL)
3579  A77B 3C                   INC A
3580  A77C                      ; Create path: finalize the new extent.
3581  A77C CA 84 A7             JP Z,FCB_EXTENT_TO_TRKSEC_7
3582  A77F              ; ----------------------------------------------------------------------
3583  A77F              ; BDOS_SEEK_DONE -- successful SEEK exit: restore registers and return OK.
3584  A77F              ;   In: target extent/record now current in the FCB.
3585  A77F              ;   Out: A = 0 (seek OK) returned via BDOS_RET_RESULT; the BC saved at SEEK entry restored.
3586  A77F              ;   Clobbers: A, BC.
3587  A77F              ;   Algorithm: pop the saved BC, set A=0 and return the success status through the BDOS result tail.
3588  A77F              ;              [RE]
3589  A77F              ; ----------------------------------------------------------------------
3590  A77F              BDOS_SEEK_DONE:
3591  A77F                      ; Restore the caller's BC saved at SEEK entry.
3592  A77F C1                   POP BC
3593  A780                      ; A = 0: seek successful.
3594  A780 AF                   XOR A
3595  A781                      ; Return the seek result (0 = OK) to the caller.
3596  A781 C3 01 9F             JP BDOS_RET_RESULT
3597  A784              ; ----------------------------------------------------------------------
3598  A784              ; RANDREC_POS_FAIL -- error tail of the random-record positioning code (BDOS_SEEK_COMPUTE): mark the
3599  A784              ; extent invalid and report.
3600  A784              ;   In: L = error/return code to publish (set by the caller, e.g. 6 = 'random record out of range',
3601  A784              ;       3, 4, 5); one BC frame still pushed by BDOS_SEEK_COMPUTE; BDOS_PARAM_PTR = current FCB
3602  A784              ;       pointer.
3603  A784              ;   Out: FCB S2 byte (offset $0E) forced to $C0; BDOS_RETVAL result cell loaded with L; tail-jumps
3604  A784              ;        via RANDREC_POS_RET to MARK_FCB_S2_HIGHBIT, which then ORs $80 into S2 and returns.
3605  A784              ;   Clobbers: A, HL, BC (popped).
3606  A784              ;   Algorithm: PUSH HL; fetch &FCB.S2 via FCB_GET_S2 and store $C0 into it; POP HL; fall through
3607  A784              ;              into RANDREC_POS_RET, which POPs the BC frame, copies L into the result cell, and JPs
3608  A784              ;              MARK_FCB_S2_HIGHBIT.
3609  A784              ;   [RE] Reached from several points in BDOS_SEEK_COMPUTE when the random record cannot be
3610  A784              ;   positioned (out of range, or a read-mode request that would have to extend the file). Setting S2
3611  A784              ;   to $C0 marks the extent so the file is treated as unwritten/at-EOF; the published L code is the
3612  A784              ;   BDOS error returned to the caller.
3613  A784              ; ----------------------------------------------------------------------
3614  A784              FCB_EXTENT_TO_TRKSEC_7:
3615  A784 E5                   PUSH HL
3616  A785                      ; HL := &FCB.S2 (offset $0E of the current FCB)
3617  A785 CD 69 A1             CALL FCB_GET_S2
3618  A788                      ; S2 := $C0: high bit set (extent marked invalid/unwritten) + zero the module count [RE]
3619  A788 36 C0                LD (HL),$C0
3620  A78A E1                   POP HL
3621  A78B              ; ----------------------------------------------------------------------
3622  A78B              ; RANDREC_POS_RET -- common exit for BDOS_SEEK_COMPUTE: discard the saved BC frame, publish the L
3623  A78B              ; result code, finalize via MARK_FCB_S2_HIGHBIT.
3624  A78B              ;   In: L = result/return code; one BC frame still pushed on the stack from BDOS_SEEK_COMPUTE's
3625  A78B              ;       entry PUSH BC.
3626  A78B              ;   Out: BDOS_RETVAL result cell = L; control transfers to MARK_FCB_S2_HIGHBIT (sets FCB S2 high
3627  A78B              ;        bit, returns to the BDOS dispatcher).
3628  A78B              ;   Clobbers: A, BC (popped).
3629  A78B              ;   Algorithm: POP BC to discard the saved register pair; A := L; store A into the BDOS_RETVAL
3630  A78B              ;              result cell; JP MARK_FCB_S2_HIGHBIT.
3631  A78B              ;   [RE] Entered by fall-through from RANDREC_POS_FAIL and directly (JP NZ from $A72B) when the
3632  A78B              ;   addressed extent differs from the open one. MARK_FCB_S2_HIGHBIT ORs $80 into the FCB S2 byte
3633  A78B              ;   before returning.
3634  A78B              ; ----------------------------------------------------------------------
3635  A78B              RANDREC_POS_RET:
3636  A78B                      ; discard the BC frame pushed on entry to BDOS_SEEK_COMPUTE
3637  A78B C1                   POP BC
3638  A78C 7D                   LD A,L
3639  A78D                      ; publish the return/error code in the BDOS result cell
3640  A78D 32 45 9F             LD (BDOS_RETVAL),A
3641  A790                      ; set FCB S2 high bit, then return to caller
3642  A790 C3 78 A1             JP MARK_FCB_S2_HIGHBIT
3643  A793              ; ----------------------------------------------------------------------
3644  A793              ; F_READRAND_BODY -- BDOS function 33 (Read Random) worker: position the FCB from its random record,
3645  A793              ; then read that record.
3646  A793              ;   In: BDOS_PARAM_PTR = current FCB pointer (random-record field r0/r1/r2 set by the caller);
3647  A793              ;       reached from F_READRAND_H after FCB_AUTO_DRIVE_SELECT.
3648  A793              ;   Out: read result stored in the BDOS result cell (BDOS_RETVAL) by the called read routine; Z from
3649  A793              ;        positioning governs whether the read runs.
3650  A793              ;   Clobbers: A, BC, DE, HL.
3651  A793              ;   Algorithm: C := $FF (read mode = do NOT extend the file); CALL BDOS_SEEK_NOREAD
3652  A793              ;              (BDOS_SEEK_COMPUTE) to convert the random record into extent + current-record fields;
3653  A793              ;              if positioning succeeded (Z), CALL FILE_READ_RECORD to read the addressed record;
3654  A793              ;              RET.
3655  A793              ;   [RE][DOC CP/M 2.2 BDOS fn 33] C=$FF is consumed inside BDOS_SEEK_COMPUTE: when positioning would
3656  A793              ;   require extending the file, INC C on $FF sets Z and diverts to the error tail, so a read past
3657  A793              ;   EOF fails instead of allocating. The conditional CALL Z performs the sector read only when
3658  A793              ;   positioning succeeded (Z).
3659  A793              ; ----------------------------------------------------------------------
3660  A793              FCB_EXTENT_TO_TRKSEC_8:
3661  A793                      ; path)
3662  A793                      ; C := $FF: read mode -- positioning must NOT extend/allocate (INC C->Z triggers the fail
3663  A793 0E FF                LD C,$FF
3664  A795                      ; BDOS_SEEK_COMPUTE: convert random record (r0/r1/r2) into extent + cr; Z on success
3665  A795 CD 03 A7             CALL BDOS_SEEK_NOREAD
3666  A798                      ; if positioned OK, read the addressed record
3667  A798 CC C1 A5             CALL Z,FILE_READ_RECORD
3668  A79B C9                   RET
3669  A79C              ; ----------------------------------------------------------------------
3670  A79C              ; F_WRITERAND_BODY -- BDOS function 34 (Write Random) worker: position the FCB from its random
3671  A79C              ; record, then write that record.
3672  A79C              ;   In: BDOS_PARAM_PTR = current FCB pointer (random-record field set by the caller); reached from
3673  A79C              ;       F_WRITERAND_H after FCB_AUTO_DRIVE_SELECT.
3674  A79C              ;   Out: write result stored in the BDOS result cell (BDOS_RETVAL) by the called write routine; Z
3675  A79C              ;        from positioning governs whether the write runs.
3676  A79C              ;   Clobbers: A, BC, DE, HL.
3677  A79C              ;   Algorithm: C := $00 (write mode = allocate/extend as needed); CALL BDOS_SEEK_NOREAD
3678  A79C              ;              (BDOS_SEEK_COMPUTE) to set extent + current-record from the random record; if
3679  A79C              ;              positioning succeeded (Z), CALL BDOS_WRITE to write the record; RET.
3680  A79C              ;   [RE][DOC CP/M 2.2 BDOS fn 34] C=$00 is consumed inside BDOS_SEEK_COMPUTE: INC C on $00 yields
3681  A79C              ;   $01 (NZ), so the extend path is taken rather than the error tail, allowing a new extent/block to
3682  A79C              ;   be allocated. The conditional CALL Z writes the record only when positioning succeeded (Z).
3683  A79C              ; ----------------------------------------------------------------------
3684  A79C              FCB_EXTENT_TO_TRKSEC_9:
3685  A79C                      ; C := $00: write mode -- positioning may allocate/extend the file (INC C->$01 NZ, no fail)
3686  A79C 0E 00                LD C,$00
3687  A79E                      ; BDOS_SEEK_COMPUTE: convert random record into extent + cr; Z on success
3688  A79E CD 03 A7             CALL BDOS_SEEK_NOREAD
3689  A7A1                      ; if positioned OK, write the addressed record
3690  A7A1 CC 03 A6             CALL Z,BDOS_WRITE
3691  A7A4 C9                   RET
3692  A7A5              ; ----------------------------------------------------------------------
3693  A7A5              ; FCB_RECNUM_FROM_FIELDS -- compute the 24-bit absolute record number from an FCB's record byte plus
3694  A7A5              ; its extent (ex) and S2 fields.
3695  A7A5              ;   In: HL = base pointer to the FCB (or directory entry); DE = byte offset within it of the low
3696  A7A5              ;       record byte to read (e.g. $20 = cr for Set Random Record, $0F for the per-extent record
3697  A7A5              ;       count in Compute File Size).
3698  A7A5              ;   Out: C = low byte, B = mid byte, A = high byte of the record number; A AND $01 leaves Z/NZ on
3699  A7A5              ;        the result's low bit for callers; HL, DE clobbered.
3700  A7A5              ;   Clobbers: A, BC, HL, DE, flags.
3701  A7A5              ;   Algorithm: EX DE,HL so HL=offset, DE=FCB base; ADD HL,DE -> &FCB+offset; C := that byte, B := 0.
3702  A7A5              ;              Read the extent byte (offset $0C): RRCA then AND $80 puts its bit0 into bit7, add to
3703  A7A5              ;              C (carry into B) -- the *128 contribution; RRCA/AND $0F of the same extent byte adds
3704  A7A5              ;              the extent's high nibble into B. Read S2 (offset $0E): shift left 4 (ADD A,A x4), add
3705  A7A5              ;              into B to form the high bits; final AND $01 sets Z/NZ on the low bit of the
3706  A7A5              ;              accumulated value.
3707  A7A5              ;   [RE] Builds the linear absolute record index (record + ex*128 + S2*...) that CP/M 2.2 uses to
3708  A7A5              ;   map directory extents onto a flat record space; shared by Set Random Record (fn 36) and Compute
3709  A7A5              ;   File Size (fn 35).
3710  A7A5              ; ----------------------------------------------------------------------
3711  A7A5              FCB_ALLOC_PREP:
3712  A7A5                      ; HL := caller offset; DE := FCB base pointer
3713  A7A5 EB                   EX DE,HL
3714  A7A6                      ; HL := &FCB + offset (the low record byte)
3715  A7A6 19                   ADD HL,DE
3716  A7A7                      ; C := low record bits from that byte
3717  A7A7 4E                   LD C,(HL)
3718  A7A8 06 00                LD B,$00
3719  A7AA                      ; offset $0C = FCB extent (ex) byte
3720  A7AA 21 0C 00             LD HL,$000C
3721  A7AD 19                   ADD HL,DE
3722  A7AE 7E                   LD A,(HL)
3723  A7AF 0F                   RRCA
3724  A7B0                      ; extent bit0 -> record bit7 (the ex*128 contribution)
3725  A7B0 E6 80                AND $80
3726  A7B2 81                   ADD A,C
3727  A7B3 4F                   LD C,A
3728  A7B4 3E 00                LD A,$00
3729  A7B6 88                   ADC A,B
3730  A7B7 47                   LD B,A
3731  A7B8 7E                   LD A,(HL)
3732  A7B9 0F                   RRCA
3733  A7BA E6 0F                AND $0F
3734  A7BC 80                   ADD A,B
3735  A7BD 47                   LD B,A
3736  A7BE                      ; offset $0E = FCB S2 byte (extent-high / module)
3737  A7BE 21 0E 00             LD HL,$000E
3738  A7C1 19                   ADD HL,DE
3739  A7C2 7E                   LD A,(HL)
3740  A7C3                      ; first of four ADD A,A: shift S2 left to form the high record bits
3741  A7C3 87                   ADD A,A
3742  A7C4 87                   ADD A,A
3743  A7C5 87                   ADD A,A
3744  A7C6 87                   ADD A,A
3745  A7C7 F5                   PUSH AF
3746  A7C8 80                   ADD A,B
3747  A7C9 47                   LD B,A
3748  A7CA F5                   PUSH AF
3749  A7CB E1                   POP HL
3750  A7CC 7D                   LD A,L
3751  A7CD E1                   POP HL
3752  A7CE B5                   OR L
3753  A7CF                      ; set Z/NZ on the low bit of the result for callers
3754  A7CF E6 01                AND $01
3755  A7D1 C9                   RET
3756  A7D2              ; ----------------------------------------------------------------------
3757  A7D2              ; F_COMPSIZE_BODY -- BDOS function 35 (Compute File Size) worker: scan the directory and write the
3758  A7D2              ; max record number into r0/r1/r2.
3759  A7D2              ;   In: BDOS_PARAM_PTR = current FCB pointer; reached from F_SIZE_H after FCB_AUTO_DRIVE_SELECT.
3760  A7D2              ;   Out: FCB random-record bytes r0/r1/r2 (offsets $21-$23) set to the file's record count (one past
3761  A7D2              ;        the highest record across all matching directory extents).
3762  A7D2              ;   Clobbers: A, BC, DE, HL.
3763  A7D2              ;   Algorithm: C := $0C and CALL DIR_SEARCH_FIRST to begin a directory search masked over the first
3764  A7D2              ;              12 FCB bytes (drive+name+type; the extent byte is NOT matched). Point HL at FCB+$21
3765  A7D2              ;              and zero the three random-record bytes (D is 0 from LD DE,$0021). Then loop over
3766  A7D2              ;              every matching directory entry (falls into COMPSIZE_SCAN_LOOP): for each, compute its
3767  A7D2              ;              record number via FCB_RECNUM_FROM_FIELDS at offset $0F and keep the running maximum
3768  A7D2              ;              in r0/r1/r2; when the search exhausts, the largest record number remains stored.
3769  A7D2              ;   [RE][DOC CP/M 2.2 BDOS fn 35] Result is a record count (next free record), one past the highest
3770  A7D2              ;   used record; the loop mirrors the canonical 'scan directory, max(extent record number)'
3771  A7D2              ;   algorithm.
3772  A7D2              ; ----------------------------------------------------------------------
3773  A7D2              FCB_ALLOC_BLOCK_NUM_2:
3774  A7D2                      ; mask = first $0C (12) FCB bytes: drive+name+type (extent NOT compared) when scanning
3775  A7D2 0E 0C                LD C,$0C
3776  A7D4                      ; begin a masked directory search over those 12 bytes
3777  A7D4 CD 18 A3             CALL DIR_SEARCH_FIRST
3778  A7D7 2A 43 9F             LD HL,(BDOS_PARAM_PTR)
3779  A7DA                      ; offset $21 = FCB random-record field r0 (D=0 used to zero the bytes)
3780  A7DA 11 21 00             LD DE,$0021
3781  A7DD 19                   ADD HL,DE
3782  A7DE E5                   PUSH HL
3783  A7DF                      ; r0 := 0 (zero the 3-byte running maximum)
3784  A7DF 72                   LD (HL),D
3785  A7E0 23                   INC HL
3786  A7E1                      ; r1 := 0
3787  A7E1 72                   LD (HL),D
3788  A7E2 23                   INC HL
3789  A7E3                      ; r2 := 0
3790  A7E3 72                   LD (HL),D
3791  A7E4              ; ----------------------------------------------------------------------
3792  A7E4              ; COMPSIZE_SCAN_LOOP -- per-directory-entry step of Compute File Size: fold each extent's record
3793  A7E4              ; number into the running max.
3794  A7E4              ;   In: stack top = pointer to the FCB random-record max (r0/r1/r2); a masked directory search is in
3795  A7E4              ;       progress.
3796  A7E4              ;   Out: on directory exhaustion, exits via COMPSIZE_DONE (pop, return); otherwise updates the
3797  A7E4              ;        3-byte max in place and continues.
3798  A7E4              ;   Clobbers: A, BC, DE, HL.
3799  A7E4              ;   Algorithm: CALL CUR_RECORD_BYTES_EQUAL to test whether the search is exhausted; if so (Z) JP
3800  A7E4              ;              COMPSIZE_DONE. Else CALL FCB_BUF_PTR_ADD_OFFSET to point at this entry in the
3801  A7E4              ;              directory buffer, then FCB_ALLOC_PREP at offset $0F to get the candidate record
3802  A7E4              ;              number in C(lo)/B(mid)/A(hi). Reload &r0 (POP/PUSH HL), 24-bit subtract candidate -
3803  A7E4              ;              stored (SUB / SBC / SBC over r0,r1,r2); if candidate < stored (carry), JP
3804  A7E4              ;              COMPSIZE_NEXT keeping the stored max; otherwise overwrite r2,r1,r0 with the
3805  A7E4              ;              candidate; fall into COMPSIZE_NEXT.
3806  A7E4              ;   [RE] Implements a running max over directory extents; the 24-bit subtract decides whether this
3807  A7E4              ;   extent extends the file further than any seen so far.
3808  A7E4              ; ----------------------------------------------------------------------
3809  A7E4              COMPSIZE_SCAN_LOOP:
3810  A7E4                      ; test whether the directory search is exhausted; Z = no more entries
3811  A7E4 CD F5 A1             CALL CUR_RECORD_BYTES_EQUAL
3812  A7E7                      ; search exhausted -> finish (pop saved ptr and return)
3813  A7E7 CA 0C A8             JP Z,COMPSIZE_DONE
3814  A7EA                      ; HL := directory buffer + this entry's byte offset
3815  A7EA CD 5E A1             CALL FCB_BUF_PTR_ADD_OFFSET
3816  A7ED                      ; offset $0F = the entry's record-count byte for FCB_RECNUM_FROM_FIELDS
3817  A7ED 11 0F 00             LD DE,$000F
3818  A7F0                      ; candidate record number -> C(lo)/B(mid)/A(hi)
3819  A7F0 CD A5 A7             CALL FCB_ALLOC_PREP
3820  A7F3 E1                   POP HL
3821  A7F4 E5                   PUSH HL
3822  A7F5 5F                   LD E,A
3823  A7F6                      ; begin 24-bit compare: candidate - stored max over r0/r1/r2
3824  A7F6 79                   LD A,C
3825  A7F7 96                   SUB (HL)
3826  A7F8 23                   INC HL
3827  A7F9 78                   LD A,B
3828  A7FA 9E                   SBC A,(HL)
3829  A7FB 23                   INC HL
3830  A7FC 7B                   LD A,E
3831  A7FD 9E                   SBC A,(HL)
3832  A7FE                      ; candidate < stored max -> keep stored max, skip the store
3833  A7FE DA 06 A8             JP C,COMPSIZE_NEXT
3834  A801                      ; candidate >= max: store new high byte (r2)
3835  A801 73                   LD (HL),E
3836  A802 2B                   DEC HL
3837  A803                      ; store new mid byte (r1)
3838  A803 70                   LD (HL),B
3839  A804 2B                   DEC HL
3840  A805                      ; store new low byte (r0)
3841  A805 71                   LD (HL),C
3842  A806              ; ----------------------------------------------------------------------
3843  A806              ; COMPSIZE_NEXT -- Compute File Size loop continuation: advance the directory search and re-enter
3844  A806              ; the scan loop.
3845  A806              ;   In: directory search state live; stack top = pointer to the running r0/r1/r2 maximum.
3846  A806              ;   Out: re-enters COMPSIZE_SCAN_LOOP (COMPSIZE_SCAN_LOOP) after advancing to the next directory
3847  A806              ;        entry.
3848  A806              ;   Clobbers: A, BC, DE, HL.
3849  A806              ;   Algorithm: CALL BDOS_DIR_SCAN_NEXT to advance the masked directory search by one entry; JP
3850  A806              ;              COMPSIZE_SCAN_LOOP.
3851  A806              ;   [RE] Joined both from the 'candidate < max' early path and after a store; BDOS_DIR_SCAN_NEXT
3852  A806              ;   performs the next directory read/match.
3853  A806              ; ----------------------------------------------------------------------
3854  A806              COMPSIZE_NEXT:
3855  A806                      ; advance the masked directory search to the next matching entry
3856  A806 CD 2D A3             CALL BDOS_DIR_SCAN_NEXT
3857  A809                      ; loop back to fold the next extent into the max
3858  A809 C3 E4 A7             JP COMPSIZE_SCAN_LOOP
3859  A80C              ; ----------------------------------------------------------------------
3860  A80C              ; COMPSIZE_DONE -- Compute File Size exit: discard the saved max pointer and return.
3861  A80C              ;   In: stack top = pointer to the FCB r0/r1/r2 max (already written in place).
3862  A80C              ;   Out: returns to the F_SIZE_H caller; FCB random-record field holds the computed file size.
3863  A80C              ;   Clobbers: HL.
3864  A80C              ;   Algorithm: POP HL to balance the PUSH HL done in FCB_ALLOC_BLOCK_NUM_2 before the scan; RET.
3865  A80C              ;   [RE] Sole loop exit, reached when the directory search is exhausted.
3866  A80C              ; ----------------------------------------------------------------------
3867  A80C              COMPSIZE_DONE:
3868  A80C                      ; balance the saved r0/r1/r2 pointer pushed before the scan loop
3869  A80C E1                   POP HL
3870  A80D C9                   RET
3871  A80E              ; ----------------------------------------------------------------------
3872  A80E              ; F_RANDREC_H -- BDOS function 36 (Set Random Record): compute the random-record field of the
3873  A80E              ; current FCB from its sequential position.
3874  A80E              ;   In: current FCB pointer in BDOS cell BDOS_PARAM_PTR (the FCB whose sequential extent/cr fields
3875  A80E              ;       are to be converted).
3876  A80E              ;   Out: bytes r0/r1/r2 (FCB offsets $21..$23) written with the 24-bit record number derived from
3877  A80E              ;        the FCB's extent and current-record fields.
3878  A80E              ;   Clobbers: A, BC, DE, HL.
3879  A80E              ;   Algorithm: call FCB_ALLOC_PREP with HL=FCB base and DE=$0020, which folds the cr (current-record
3880  A80E              ;              at FCB+$20), the extent number and the extent-high bit into a record count returned
3881  A80E              ;              in C (low) / B (high) / A (overflow), and leaves DE = the FCB base pointer; then form
3882  A80E              ;              HL = FCB+$0021 (DE + $0021) and store C,B,A into FCB[$21],[$22],[$23].
3883  A80E              ;   [RE] verified against canonical CP/M 2.2 Set Random Record (dispatch fn 36 at $9C8F);
3884  A80E              ;   FCB_ALLOC_PREP is the standard extent->record-count fold.
3885  A80E              ; ----------------------------------------------------------------------
3886  A80E              F_RANDREC_H:
3887  A80E                      ; HL = pointer to the current FCB (the file whose sequential position we are converting)
3888  A80E 2A 43 9F             LD HL,(BDOS_PARAM_PTR)
3889  A811                      ; base
3890  A811                      ; DE = $20: FCB_ALLOC_PREP reads the cr/extent region at FCB+$20 and returns DE = the FCB
3891  A811 11 20 00             LD DE,$0020
3892  A814                      ; overflow; returns DE = FCB base
3893  A814                      ; fold cr + extent# + extent-high bit into a 24-bit record number -> C low, B high, A
3894  A814 CD A5 A7             CALL FCB_ALLOC_PREP
3895  A817                      ; field r0,r1,r2
3896  A817                      ; HL = $0021; the next ADD HL,DE makes HL = FCB + $21, the start of the 3-byte random-record
3897  A817 21 21 00             LD HL,$0021
3898  A81A 19                   ADD HL,DE
3899  A81B                      ; store r0 (record number, low byte)
3900  A81B 71                   LD (HL),C
3901  A81C 23                   INC HL
3902  A81D                      ; store r1 (record number, high byte)
3903  A81D 70                   LD (HL),B
3904  A81E 23                   INC HL
3905  A81F                      ; store r2 (record number overflow / random-record overflow byte)
3906  A81F 77                   LD (HL),A
3907  A820 C9                   RET
3908  A821              ; ----------------------------------------------------------------------
3909  A821              ; DRV_INSTALL_RWTS_17 -- Select-disk / log-in worker: ensure the drive in BDOS_CUR_DRIVE is logged
3910  A821              ; in, and rebuild its allocation vector if it was not.
3911  A821              ;   In: BDOS_CUR_DRIVE = requested (current) drive number 0..15; DRV_SELECT_VECTOR = working
3912  A821              ;       login/select
3913  A821              ;       vector.
3914  A821              ;   Out: if the drive was newly logged in, its directory is scanned (BDOS_ERR_SELECT) and its
3915  A821              ;        allocation vector rebuilt (CMD_EXEC_65); DRV_SELECT_VECTOR updated with the drive's login
3916  A821              ;        bit.
3917  A821              ;   Clobbers: A, BC, DE, HL.
3918  A821              ;   Algorithm: load the working login vector DRV_SELECT_VECTOR; build a single-bit mask for the
3919  A821              ;              requested drive
3920  A821              ;              (DRV_INSTALL_RWTS_10 shifts); test (BDOS_RANDREC_3) whether the drive's DPB is
3921  A821              ;              already established; if not yet logged in (Z) call BDOS_ERR_SELECT to log it in /
3922  A821              ;              scan its directory; if the login bit was already set (RRA -> carry) just return;
3923  A821              ;              otherwise OR this drive's bit into DRV_SELECT_VECTOR (CMD_EXEC_12), store it, and
3924  A821              ;              fall into
3925  A821              ;              CMD_EXEC_65 to (re)build the allocation vector.
3926  A821              ;   [RE] the standard CP/M 2.2 select-disk login path reached from DRV_SET (fn 14) and DRV_ALLRESET
3927  A821              ;   (fn 13). [?] the A=L / RRA already-logged-in test is inferred from the surrounding flow, not
3928  A821              ;   proven from these bytes alone.
3929  A821              ; ----------------------------------------------------------------------
3930  A821              DRV_INSTALL_RWTS_17:
3931  A821                      ; HL = working login/select vector
3932  A821 2A AF A9             LD HL,(DRV_SELECT_VECTOR)
3933  A824                      ; A = requested drive number
3934  A824 3A 42 9F             LD A,(BDOS_CUR_DRIVE)
3935  A827 4F                   LD C,A
3936  A828                      ; shift to form the single-bit drive mask for this drive
3937  A828 CD EA A0             CALL DRV_INSTALL_RWTS_10
3938  A82B E5                   PUSH HL
3939  A82C EB                   EX DE,HL
3940  A82D                      ; establish/test the drive's DPB; sets Z if the drive needs logging in
3941  A82D CD 59 9F             CALL BDOS_RANDREC_3
3942  A830 E1                   POP HL
3943  A831                      ; drive not yet logged in: run the disk log-in / directory scan
3944  A831 CC 47 9F             CALL Z,BDOS_ERR_SELECT
3945  A834 7D                   LD A,L
3946  A835                      ; bit set
3947  A835                      ; rotate bit 0 of the drive mask into carry: carry set => this drive already had its login
3948  A835 1F                   RRA
3949  A836                      ; already logged in: nothing more to do
3950  A836 D8                   RET C
3951  A837 2A AF A9             LD HL,(DRV_SELECT_VECTOR)
3952  A83A 4D                   LD C,L
3953  A83B 44                   LD B,H
3954  A83C                      ; OR this drive's bit into the working login vector
3955  A83C CD 0B A1             CALL DRIVE_BIT_OR_INTO_VECTOR
3956  A83F                      ; store the updated working login vector
3957  A83F 22 AF A9             LD (DRV_SELECT_VECTOR),HL
3958  A842                      ; tail into rebuild-allocation-vector for the freshly logged-in drive
3959  A842 C3 A3 A2             JP ALLOC_VECTOR_BUILD
3960  A845              ; ----------------------------------------------------------------------
3961  A845              ; DRV_SET_H -- BDOS function 14 (Select Disk): make the drive in DRV_SELECT_ARG the current drive.
3962  A845              ;   In: DRV_SELECT_ARG = desired drive number; BDOS_CUR_DRIVE = current drive number.
3963  A845              ;   Out: if the drive changed, BDOS_CUR_DRIVE is updated and the drive is logged in / allocation
3964  A845              ;        vector rebuilt (via DRV_INSTALL_RWTS_17); otherwise no-op.
3965  A845              ;   Clobbers: A, HL (and whatever DRV_INSTALL_RWTS_17 clobbers).
3966  A845              ;   Algorithm: compare desired drive (DRV_SELECT_ARG) with current (BDOS_CUR_DRIVE); if equal
3967  A845              ;              return; else
3968  A845              ;              store the new current drive and jump to the select/log-in worker.
3969  A845              ;   [RE] dispatch fn 14 at $9C63; matches canonical CP/M 2.2 Select Disk.
3970  A845              ; ----------------------------------------------------------------------
3971  A845              DRV_SET_H:
3972  A845                      ; A = requested drive number
3973  A845 3A D6 A9             LD A,(DRV_SELECT_ARG)
3974  A848                      ; HL -> current-drive cell
3975  A848 21 42 9F             LD HL,BDOS_CUR_DRIVE
3976  A84B                      ; already the current drive?
3977  A84B BE                   CP (HL)
3978  A84C                      ; yes: nothing to do
3979  A84C C8                   RET Z
3980  A84D                      ; set the new current drive
3981  A84D 77                   LD (HL),A
3982  A84E                      ; log it in / rebuild its allocation vector
3983  A84E C3 21 A8             JP DRV_INSTALL_RWTS_17
3984  A851              ; ----------------------------------------------------------------------
3985  A851              ; FCB_AUTO_DRIVE_SELECT -- common file-operation preamble: honor the drive prefix in the caller's
3986  A851              ; FCB, temporarily selecting that drive.
3987  A851              ;   In: BDOS_PARAM_PTR = pointer to the caller's FCB (byte 0 = drive prefix, 0=default else
3988  A851              ;       drive+1); BDOS_CUR_DRIVE = current drive; BDOS_USER_NUM = current user number.
3989  A851              ;   Out: if the FCB names an explicit drive, that drive is selected (DRV_SELECT_ARG set, DRV_SET_H
3990  A851              ;        called)
3991  A851              ;        and the prior drive is saved in the restore cells (DRV_RESTORE_FLAG flag=$FF,
3992  A851              ;        DRV_SAVED_DRIVE=saved drive,
3993  A851              ;        DRV_SAVED_FCB_BYTE=saved FCB drive byte); the FCB's drive byte is rewritten to OR in the
3994  A851              ;        current user
3995  A851              ;        number.
3996  A851              ;   Clobbers: A, HL.
3997  A851              ;   Algorithm: set restore-pending flag DRV_RESTORE_FLAG=$FF; read FCB byte0, mask $1F and DEC to
3998  A851              ;              get drive
3999  A851              ;              index into DRV_SELECT_ARG; if >=$1E (no explicit drive / out of range) skip the
4000  A851              ;              switch; else
4001  A851              ;              save current drive (BDOS_CUR_DRIVE->DRV_SAVED_DRIVE) and original FCB byte
4002  A851              ;              (->DRV_SAVED_FCB_BYTE), strip
4003  A851              ;              the drive prefix bits ($E0 mask) from FCB byte0, and select the requested drive via
4004  A851              ;              DRV_SET_H; finally OR the current user number (BDOS_USER_NUM) into FCB byte0.
4005  A851              ;   [RE] this is the auto-disk-select / FCB drive-prefix handler that nearly every file BDOS call
4006  A851              ;   funnels through; the matching restore is FCB_AUTO_DRIVE_RESTORE. The old auto-label
4007  A851              ;   'FCB_AUTO_DRIVE_SELECT' is a misnomer (it does not seek tracks).
4008  A851              ; ----------------------------------------------------------------------
4009  A851              FCB_AUTO_DRIVE_SELECT:
4010  A851                      ; mark 'a temporary drive switch is pending' so the epilogue restores it
4011  A851 3E FF                LD A,$FF
4012  A853                      ; store the restore-pending flag
4013  A853 32 DE A9             LD (DRV_RESTORE_FLAG),A
4014  A856                      ; HL -> caller's FCB; (HL) = drive-prefix byte
4015  A856 2A 43 9F             LD HL,(BDOS_PARAM_PTR)
4016  A859 7E                   LD A,(HL)
4017  A85A                      ; isolate the drive-prefix field of FCB byte 0
4018  A85A E6 1F                AND $1F
4019  A85C                      ; convert prefix (1..16) to drive index (0..15); $00 (default) wraps to $FF
4020  A85C 3D                   DEC A
4021  A85D                      ; record the drive this FCB asks for
4022  A85D 32 D6 A9             LD (DRV_SELECT_ARG),A
4023  A860                      ; no explicit drive (default => $FF) or out of range?
4024  A860 FE 1E                CP $1E
4025  A862                      ; yes: skip the drive switch, just merge the user number
4026  A862 D2 75 A8             JP NC,FCB_MERGE_USER
4027  A865 3A 42 9F             LD A,(BDOS_CUR_DRIVE)
4028  A868                      ; save the current drive so the epilogue can restore it
4029  A868 32 DF A9             LD (DRV_SAVED_DRIVE),A
4030  A86B 7E                   LD A,(HL)
4031  A86C                      ; save the original FCB drive-prefix byte for restore
4032  A86C 32 E0 A9             LD (DRV_SAVED_FCB_BYTE),A
4033  A86F                      ; clear the drive-prefix bits, leaving the high flag bits of FCB byte0
4034  A86F E6 E0                AND $E0
4035  A871 77                   LD (HL),A
4036  A872                      ; temporarily select the drive named by the FCB
4037  A872 CD 45 A8             CALL DRV_SET_H
4038  A875              ; ----------------------------------------------------------------------
4039  A875              ; FCB_MERGE_USER -- tail of FCB_AUTO_DRIVE_SELECT: OR the current user number into the FCB's drive
4040  A875              ; byte.
4041  A875              ;   In: BDOS_USER_NUM = current user number; BDOS_PARAM_PTR = pointer to the FCB.
4042  A875              ;   Out: FCB byte0 |= current user number.
4043  A875              ;   Clobbers: A, HL.
4044  A875              ;   Algorithm: load user number, OR with FCB byte0, store back.
4045  A875              ;   [RE] shared exit of the auto-disk-select preamble.
4046  A875              ; ----------------------------------------------------------------------
4047  A875              FCB_MERGE_USER:
4048  A875                      ; A = current user number
4049  A875 3A 41 9F             LD A,(BDOS_USER_NUM)
4050  A878 2A 43 9F             LD HL,(BDOS_PARAM_PTR)
4051  A87B                      ; merge the user number into the FCB's drive/flags byte
4052  A87B B6                   OR (HL)
4053  A87C                      ; write it back
4054  A87C 77                   LD (HL),A
4055  A87D C9                   RET
4056  A87E              ; ----------------------------------------------------------------------
4057  A87E              ; S_BDOSVER_H -- BDOS function 12 (Return Version Number): report CP/M 2.2.
4058  A87E              ;   In: none.
4059  A87E              ;   Out: low byte of the BDOS result set to $22 (= version 2.2) via BDOS_RET_RESULT, which writes
4060  A87E              ;        only BDOS_RETVAL (the result low byte / register A).
4061  A87E              ;   Clobbers: A.
4062  A87E              ;   Algorithm: load $22 and store it as the low byte of the BDOS return result. (The result high
4063  A87E              ;              byte is not written here; in canonical CP/M 2.2 the version word is $00$22, but this
4064  A87E              ;              routine sets only the low byte.)
4065  A87E              ;   [RE] dispatch fn 12 at $9C5F; $22 = CP/M 2.2 per the canonical version code.
4066  A87E              ; ----------------------------------------------------------------------
4067  A87E              S_BDOSVER_H:
4068  A87E                      ; version code $22 = CP/M 2.2
4069  A87E 3E 22                LD A,$22
4070  A880                      ; return it as the BDOS result low byte
4071  A880 C3 01 9F             JP BDOS_RET_RESULT
4072  A883              ; ----------------------------------------------------------------------
4073  A883              ; DRV_ALLRESET_H -- BDOS function 13 (Reset Disk System): return CP/M to its initial disk state.
4074  A883              ;   In: none.
4075  A883              ;   Out: login vector and working login/select vector cleared; current drive forced to A: (0); DMA
4076  A883              ;        address reset to TBUFF ($0080); drive A logged in fresh.
4077  A883              ;   Clobbers: A, HL (and DRV_INSTALL_RWTS_17 / RESTORE_USER_DMA clobbers).
4078  A883              ;   Algorithm: zero DRV_LOGIN_VECTOR and DRV_SELECT_VECTOR; set current drive BDOS_CUR_DRIVE=0; set
4079  A883              ;              DMA_ADDR=$0080 (TBUFF); call RESTORE_USER_DMA (set the live BIOS DMA / reset disk
4080  A883              ;              buffering); jump to DRV_INSTALL_RWTS_17 to log in drive A.
4081  A883              ;   [RE] dispatch fn 13 at $9C61; matches canonical CP/M 2.2 Reset Disk System.
4082  A883              ; ----------------------------------------------------------------------
4083  A883              DRV_ALLRESET_H:
4084  A883 21 00 00             LD HL,$0000
4085  A886                      ; clear the master logged-in drive bitmap
4086  A886 22 AD A9             LD (DRV_LOGIN_VECTOR),HL
4087  A889                      ; clear the working login/select vector
4088  A889 22 AF A9             LD (DRV_SELECT_VECTOR),HL
4089  A88C AF                   XOR A
4090  A88D                      ; force current drive back to A: (0)
4091  A88D 32 42 9F             LD (BDOS_CUR_DRIVE),A
4092  A890                      ; TBUFF ($0080) = default DMA address
4093  A890 21 80 00             LD HL,$0080
4094  A893                      ; reset the DMA address to TBUFF
4095  A893 22 B1 A9             LD (DMA_ADDR),HL
4096  A896                      ; push the reset DMA address through to disk buffering / BIOS
4097  A896 CD DA A1             CALL RESTORE_USER_DMA
4098  A899                      ; log in drive A from a clean state
4099  A899 C3 21 A8             JP DRV_INSTALL_RWTS_17
4100  A89C              ; ----------------------------------------------------------------------
4101  A89C              ; F_OPEN_H -- BDOS function 15 (Open File): open the file named by the FCB.
4102  A89C              ;   In: BDOS_PARAM_PTR = pointer to the caller's FCB.
4103  A89C              ;   Out: directory match result returned via FCB_OPEN_SEARCH (the search/open result path); FCB
4104  A89C              ;        filled in from the matching directory entry on success, $FF if not found.
4105  A89C              ;   Clobbers: A, BC, DE, HL.
4106  A89C              ;   Algorithm: CLEAR_FCB_S2 prepares/clears the open scratch state; FCB_AUTO_DRIVE_SELECT honors the
4107  A89C              ;              FCB drive prefix; jump into the open/search-and-fill path (FCB_OPEN_SEARCH).
4108  A89C              ;   [RE] dispatch fn 15 at $9C65; canonical CP/M 2.2 Open File.
4109  A89C              ; ----------------------------------------------------------------------
4110  A89C              F_OPEN_H:
4111  A89C                      ; prepare directory/open scratch state for this FCB
4112  A89C CD 72 A1             CALL CLEAR_FCB_S2
4113  A89F                      ; auto-select the FCB's drive prefix
4114  A89F CD 51 A8             CALL FCB_AUTO_DRIVE_SELECT
4115  A8A2                      ; search the directory and fill the FCB (open path)
4116  A8A2 C3 51 A4             JP FCB_OPEN_SEARCH
4117  A8A5              ; ----------------------------------------------------------------------
4118  A8A5              ; F_CLOSE_H -- BDOS function 16 (Close File): write the FCB back to its directory entry.
4119  A8A5              ;   In: BDOS_PARAM_PTR = pointer to the caller's FCB (must be open).
4120  A8A5              ;   Out: directory entry updated; result returned via F_CLOSE_HND path ($FF / dir-code).
4121  A8A5              ;   Clobbers: A, BC, DE, HL.
4122  A8A5              ;   Algorithm: FCB_AUTO_DRIVE_SELECT honors the FCB drive prefix; jump into the close
4123  A8A5              ;              (rewrite-directory) path.
4124  A8A5              ;   [RE] dispatch fn 16 at $9C67; canonical CP/M 2.2 Close File.
4125  A8A5              ; ----------------------------------------------------------------------
4126  A8A5              F_CLOSE_H:
4127  A8A5                      ; auto-select the FCB's drive prefix
4128  A8A5 CD 51 A8             CALL FCB_AUTO_DRIVE_SELECT
4129  A8A8                      ; rewrite the directory entry and return the close result
4130  A8A8 C3 A2 A4             JP F_CLOSE_HND
4131  A8AB              ; ----------------------------------------------------------------------
4132  A8AB              ; F_SFIRST_H -- BDOS function 17 (Search for First): find the first directory entry matching the
4133  A8AB              ; FCB.
4134  A8AB              ;   In: DE = pointer to the search FCB (the BDOS dispatcher has also saved DE in BDOS_PARAM_PTR).
4135  A8AB              ;       FCB byte0 = $3F ('?') means 'match every entry' (ambiguous all-entries scan).
4136  A8AB              ;   Out: directory match copied to the DMA buffer; result (0..3 = dir position, or $FF none) via
4137  A8AB              ;        DISK_BUF_MOVE.
4138  A8AB              ;   Clobbers: A, BC, DE, HL.
4139  A8AB              ;   Algorithm: C=0 (default match length); fetch FCB byte0 (HL<-DE); if byte0==$3F do an unqualified
4140  A8AB              ;              all-entries scan (C left 0); else compute HL=FCB+$0C via DRV_INSTALL_RWTS_1 and test
4141  A8AB              ;              the extent byte FCB[$0C] -- if it is not '?' prepare scratch (CLEAR_FCB_S2) -- then
4142  A8AB              ;              auto-select drive and set C=$0F (15-byte name+type+extent match); fall into
4143  A8AB              ;              DIR_SEARCH_AND_COPY to run the directory search and copy the hit to the DMA buffer.
4144  A8AB              ;   [RE] dispatch fn 17 at $9C69; canonical CP/M 2.2 Search First; $3F is the '?' all-match marker.
4145  A8AB              ;   DRV_INSTALL_RWTS_1 only computes the FCB+$0C pointer (it does not save the search FCB).
4146  A8AB              ; ----------------------------------------------------------------------
4147  A8AB              F_SFIRST_H:
4148  A8AB                      ; search match length 0 (default name+type compare)
4149  A8AB 0E 00                LD C,$00
4150  A8AD EB                   EX DE,HL
4151  A8AE                      ; fetch FCB byte0 (drive/wildcard marker)
4152  A8AE 7E                   LD A,(HL)
4153  A8AF                      ; $3F ('?') in byte0 => match every directory entry
4154  A8AF FE 3F                CP $3F
4155  A8B1                      ; all-entries scan: go straight to the directory search
4156  A8B1 CA C2 A8             JP Z,DIR_SEARCH_AND_COPY
4157  A8B4                      ; HL = FCB + $0C (pointer to the extent byte); does NOT save the search FCB
4158  A8B4 CD A6 A0             CALL DRV_INSTALL_RWTS_1
4159  A8B7 7E                   LD A,(HL)
4160  A8B8                      ; is the extent byte FCB[$0C] the '?' wildcard (match all extents)?
4161  A8B8 FE 3F                CP $3F
4162  A8BA                      ; extent not wildcard: prepare directory scratch state
4163  A8BA C4 72 A1             CALL NZ,CLEAR_FCB_S2
4164  A8BD                      ; auto-select the FCB's drive prefix
4165  A8BD CD 51 A8             CALL FCB_AUTO_DRIVE_SELECT
4166  A8C0                      ; match 15 bytes (name+type+extent) for a qualified search
4167  A8C0 0E 0F                LD C,$0F
4168  A8C2              ; ----------------------------------------------------------------------
4169  A8C2              ; DIR_SEARCH_AND_COPY -- run the directory scan and copy the matched entry to the DMA buffer.
4170  A8C2              ;   In: C = number of bytes to compare in the directory match; search FCB already established by
4171  A8C2              ;       F_SFIRST_H.
4172  A8C2              ;   Out: matching directory record moved to the DMA buffer; A = directory position (0..3) or $FF if
4173  A8C2              ;        none.
4174  A8C2              ;   Clobbers: A, BC, DE, HL.
4175  A8C2              ;   Algorithm: DIR_SEARCH_FIRST performs the directory search with the C-byte mask; tail into
4176  A8C2              ;              DISK_BUF_MOVE to copy the located directory entry into the user's DMA buffer and
4177  A8C2              ;              return the result code.
4178  A8C2              ;   [RE] shared search tail for fn 17 (Search First) and fn 18 (Search Next).
4179  A8C2              ; ----------------------------------------------------------------------
4180  A8C2              DIR_SEARCH_AND_COPY:
4181  A8C2                      ; scan the directory comparing C bytes against the search FCB
4182  A8C2 CD 18 A3             CALL DIR_SEARCH_FIRST
4183  A8C5                      ; copy the matched directory entry to the DMA buffer, return its position
4184  A8C5 C3 E9 A1             JP DISK_BUF_MOVE
4185  A8C8              ; ----------------------------------------------------------------------
4186  A8C8              ; F_SNEXT_H -- BDOS function 18 (Search for Next): continue a directory search begun by Search
4187  A8C8              ; First.
4188  A8C8              ;   In: search state saved in DIR_FCB_PTR (the search FCB pointer stored by the directory-search
4189  A8C8              ;       core
4190  A8C8              ;       DIR_SEARCH_FIRST at $A324).
4191  A8C8              ;   Out: next matching directory record copied to the DMA buffer; A = position (0..3) or $FF if no
4192  A8C8              ;        more.
4193  A8C8              ;   Clobbers: A, BC, DE, HL.
4194  A8C8              ;   Algorithm: restore the saved search FCB pointer (DIR_FCB_PTR -> BDOS_PARAM_PTR); auto-select its
4195  A8C8              ;              drive; BDOS_DIR_SCAN_NEXT advances the directory scan from the saved position; tail
4196  A8C8              ;              into DISK_BUF_MOVE to deliver the hit.
4197  A8C8              ;   [RE] dispatch fn 18 at $9C6B; canonical CP/M 2.2 Search Next; DIR_FCB_PTR holds the in-progress
4198  A8C8              ;   search FCB.
4199  A8C8              ; ----------------------------------------------------------------------
4200  A8C8              F_SNEXT_H:
4201  A8C8                      ; restore the saved Search-First FCB pointer
4202  A8C8 2A D9 A9             LD HL,(DIR_FCB_PTR)
4203  A8CB                      ; make it the active FCB for this scan step
4204  A8CB 22 43 9F             LD (BDOS_PARAM_PTR),HL
4205  A8CE                      ; auto-select the FCB's drive prefix
4206  A8CE CD 51 A8             CALL FCB_AUTO_DRIVE_SELECT
4207  A8D1                      ; advance the directory search from the last matched entry
4208  A8D1 CD 2D A3             CALL BDOS_DIR_SCAN_NEXT
4209  A8D4                      ; copy the next matched entry to the DMA buffer, return its position
4210  A8D4 C3 E9 A1             JP DISK_BUF_MOVE
4211  A8D7              ; ----------------------------------------------------------------------
4212  A8D7              ; F_DELETE_H -- BDOS function 19 (Delete File): erase all directory entries matching the FCB.
4213  A8D7              ;   In: BDOS_PARAM_PTR = pointer to the (possibly ambiguous) FCB.
4214  A8D7              ;   Out: matching directory entries marked deleted ($E5) and their allocation freed; result via
4215  A8D7              ;        DIR_RETURN_MATCH_FLAG ($FF if none / dir code).
4216  A8D7              ;   Clobbers: A, BC, DE, HL.
4217  A8D7              ;   Algorithm: FCB_AUTO_DRIVE_SELECT honors the drive prefix; F_DELETE_HND scans and erases each
4218  A8D7              ;              matching directory entry (releasing its blocks); tail into the
4219  A8D7              ;              directory-update/result path DIR_RETURN_MATCH_FLAG.
4220  A8D7              ;   [RE] dispatch fn 19 at $9C6D; canonical CP/M 2.2 Delete File.
4221  A8D7              ; ----------------------------------------------------------------------
4222  A8D7              F_DELETE_H:
4223  A8D7                      ; auto-select the FCB's drive prefix
4224  A8D7 CD 51 A8             CALL FCB_AUTO_DRIVE_SELECT
4225  A8DA                      ; erase every matching directory entry and free its blocks
4226  A8DA CD 9C A3             CALL F_DELETE_HND
4227  A8DD                      ; flush the directory and return the result code
4228  A8DD C3 01 A3             JP DIR_RETURN_MATCH_FLAG
4229  A8E0              ; ----------------------------------------------------------------------
4230  A8E0              ; F_READ_H -- BDOS function 20 (Read Sequential): read the next 128-byte record of the open file.
4231  A8E0              ;   In: BDOS_PARAM_PTR = pointer to an open FCB positioned at the next sequential record.
4232  A8E0              ;   Out: one record read into the DMA buffer; A = 0 on success or a nonzero read-error/EOF code; the
4233  A8E0              ;        FCB's sequential position advanced.
4234  A8E0              ;   Clobbers: A, BC, DE, HL.
4235  A8E0              ;   Algorithm: FCB_AUTO_DRIVE_SELECT honors the drive prefix; jump into the sequential read core
4236  A8E0              ;              (FILE_READ_SEQ).
4237  A8E0              ;   [RE] dispatch fn 20 at $9C6F; canonical CP/M 2.2 Read Sequential.
4238  A8E0              ; ----------------------------------------------------------------------
4239  A8E0              F_READ_H:
4240  A8E0                      ; auto-select the FCB's drive prefix
4241  A8E0 CD 51 A8             CALL FCB_AUTO_DRIVE_SELECT
4242  A8E3                      ; read the next sequential record into the DMA buffer
4243  A8E3 C3 BC A5             JP FILE_READ_SEQ
4244  A8E6              ; ----------------------------------------------------------------------
4245  A8E6              ; F_WRITE_H -- BDOS function 21 (Write Sequential): write the next 128-byte record to the open file.
4246  A8E6              ;   In: BDOS_PARAM_PTR = pointer to an open FCB; DMA buffer holds the record to write.
4247  A8E6              ;   Out: one record written; A = 0 on success or a nonzero error code (disk full / R/O); FCB
4248  A8E6              ;        position advanced, allocation extended as needed.
4249  A8E6              ;   Clobbers: A, BC, DE, HL.
4250  A8E6              ;   Algorithm: FCB_AUTO_DRIVE_SELECT honors the drive prefix; jump into the write core
4251  A8E6              ;              (FILE_WRITE_SEQ sets the write-mode flag for a normal sequential write).
4252  A8E6              ;   [RE] dispatch fn 21 at $9C71; canonical CP/M 2.2 Write Sequential; the write core distinguishes
4253  A8E6              ;   normal vs zero-fill write modes.
4254  A8E6              ; ----------------------------------------------------------------------
4255  A8E6              F_WRITE_H:
4256  A8E6                      ; auto-select the FCB's drive prefix
4257  A8E6 CD 51 A8             CALL FCB_AUTO_DRIVE_SELECT
4258  A8E9                      ; set the (normal) write mode and write the next sequential record
4259  A8E9 C3 FE A5             JP FILE_WRITE_SEQ
4260  A8EC              ; ----------------------------------------------------------------------
4261  A8EC              ; F_MAKE_H -- BDOS function 22 (Make File): create a new directory entry for the FCB.
4262  A8EC              ;   In: BDOS_PARAM_PTR = pointer to the FCB naming the file to create.
4263  A8EC              ;   Out: a fresh, empty directory entry allocated and the FCB opened against it; A = dir position or
4264  A8EC              ;        $FF if the directory is full.
4265  A8EC              ;   Clobbers: A, BC, DE, HL.
4266  A8EC              ;   Algorithm: CLEAR_FCB_S2 prepares the create scratch state; FCB_AUTO_DRIVE_SELECT honors the
4267  A8EC              ;              drive prefix; jump into the make-directory-entry core (DIR_MAKE_ENTRY).
4268  A8EC              ;   [RE] dispatch fn 22 at $9C73; canonical CP/M 2.2 Make File.
4269  A8EC              ; ----------------------------------------------------------------------
4270  A8EC              F_MAKE_H:
4271  A8EC                      ; prepare directory create scratch state
4272  A8EC CD 72 A1             CALL CLEAR_FCB_S2
4273  A8EF                      ; auto-select the FCB's drive prefix
4274  A8EF CD 51 A8             CALL FCB_AUTO_DRIVE_SELECT
4275  A8F2                      ; allocate and initialize a new directory entry for the file
4276  A8F2 C3 24 A5             JP DIR_MAKE_ENTRY
4277  A8F5              ; ----------------------------------------------------------------------
4278  A8F5              ; F_RENAME_H -- BDOS function 23 (Rename File): change a file's name in its directory entries.
4279  A8F5              ;   In: BDOS_PARAM_PTR = pointer to an FCB whose first 12 bytes hold the old name and bytes $10..
4280  A8F5              ;       hold the new name.
4281  A8F5              ;   Out: every matching directory entry's name field rewritten to the new name; result via
4282  A8F5              ;        DIR_RETURN_MATCH_FLAG.
4283  A8F5              ;   Clobbers: A, BC, DE, HL.
4284  A8F5              ;   Algorithm: FCB_AUTO_DRIVE_SELECT honors the drive prefix; F_RENAME_HND walks the directory
4285  A8F5              ;              rewriting
4286  A8F5              ;              matched entries to the new name; tail into the directory-update/result path
4287  A8F5              ;              DIR_RETURN_MATCH_FLAG.
4288  A8F5              ;   [RE] dispatch fn 23 at $9C75; canonical CP/M 2.2 Rename File.
4289  A8F5              ; ----------------------------------------------------------------------
4290  A8F5              F_RENAME_H:
4291  A8F5                      ; auto-select the FCB's drive prefix
4292  A8F5 CD 51 A8             CALL FCB_AUTO_DRIVE_SELECT
4293  A8F8                      ; rewrite every matching directory entry to the new name
4294  A8F8 CD 16 A4             CALL F_RENAME_HND
4295  A8FB                      ; flush the directory and return the result code
4296  A8FB C3 01 A3             JP DIR_RETURN_MATCH_FLAG
4297  A8FE              ; ----------------------------------------------------------------------
4298  A8FE              ; DRV_LOGINVEC_H -- BDOS function 24 (Return Login Vector): report which drives are logged in.
4299  A8FE              ;   In: DRV_SELECT_VECTOR = working login/select vector (bit d = drive d logged in).
4300  A8FE              ;   Out: BDOS result HL = the login vector (returned via the common result-store
4301  A8FE              ;        BDOS_RET_RESULT_HL).
4302  A8FE              ;   Clobbers: HL.
4303  A8FE              ;   Algorithm: load the working login vector and store it as the 16-bit BDOS result.
4304  A8FE              ;   [RE] dispatch fn 24 at $9C77; canonical CP/M 2.2 Return Login Vector.
4305  A8FE              ; ----------------------------------------------------------------------
4306  A8FE              DRV_LOGINVEC_H:
4307  A8FE                      ; HL = login vector (one bit per logged-in drive)
4308  A8FE 2A AF A9             LD HL,(DRV_SELECT_VECTOR)
4309  A901                      ; store HL as the 16-bit BDOS result
4310  A901 C3 29 A9             JP BDOS_RET_RESULT_HL
4311  A904              ; ----------------------------------------------------------------------
4312  A904              ; DRV_GET_H -- BDOS function 25 (Return Current Disk): report the current default drive.
4313  A904              ;   In: BDOS_CUR_DRIVE = current drive number.
4314  A904              ;   Out: BDOS result A = current drive (0=A:).
4315  A904              ;   Clobbers: A.
4316  A904              ;   Algorithm: load the current-drive cell and return it as the BDOS result.
4317  A904              ;   [RE] dispatch fn 25 at $9C79; canonical CP/M 2.2 Return Current Disk.
4318  A904              ; ----------------------------------------------------------------------
4319  A904              DRV_GET_H:
4320  A904                      ; A = current drive number
4321  A904 3A 42 9F             LD A,(BDOS_CUR_DRIVE)
4322  A907                      ; return it as the BDOS result
4323  A907 C3 01 9F             JP BDOS_RET_RESULT
4324  A90A              ; ----------------------------------------------------------------------
4325  A90A              ; F_DMAOFF_H -- BDOS function 26 (Set DMA Address): set the disk read/write buffer address.
4326  A90A              ;   In: DE = new DMA (disk transfer) address supplied by the caller.
4327  A90A              ;   Out: DMA_ADDR set to DE and pushed through to the BIOS disk-buffering layer.
4328  A90A              ;   Clobbers: A, HL (and RESTORE_USER_DMA clobbers).
4329  A90A              ;   Algorithm: move DE into HL, store at DMA_ADDR, jump to RESTORE_USER_DMA to apply it to the live
4330  A90A              ;              disk buffering / BIOS SETDMA.
4331  A90A              ;   [RE] dispatch fn 26 at $9C7B; canonical CP/M 2.2 Set DMA Address.
4332  A90A              ; ----------------------------------------------------------------------
4333  A90A              F_DMAOFF_H:
4334  A90A                      ; HL = caller's requested DMA address
4335  A90A EB                   EX DE,HL
4336  A90B                      ; record the new DMA address
4337  A90B 22 B1 A9             LD (DMA_ADDR),HL
4338  A90E                      ; apply the DMA address to disk buffering / BIOS
4339  A90E C3 DA A1             JP RESTORE_USER_DMA
4340  A911              ; ----------------------------------------------------------------------
4341  A911              ; DRV_ALLOCVEC_H -- BDOS function 27 (Return Allocation Vector address).
4342  A911              ;   In: ALLOC_VEC_PTR = base address of the current drive's allocation (block-in-use) bit vector.
4343  A911              ;   Out: BDOS result HL = the allocation vector address.
4344  A911              ;   Clobbers: HL.
4345  A911              ;   Algorithm: load the allocation-vector pointer and store it as the 16-bit BDOS result.
4346  A911              ;   [RE] dispatch fn 27 at $9C7D; canonical CP/M 2.2 Get Allocation Vector.
4347  A911              ; ----------------------------------------------------------------------
4348  A911              DRV_ALLOCVEC_H:
4349  A911                      ; HL = address of the current drive's allocation bit vector
4350  A911 2A BF A9             LD HL,(ALLOC_VEC_PTR)
4351  A914                      ; store HL as the 16-bit BDOS result
4352  A914 C3 29 A9             JP BDOS_RET_RESULT_HL
4353  A917              ; ----------------------------------------------------------------------
4354  A917              ; DRV_ROVEC_H -- BDOS function 29 (Return Read-Only Vector): report which drives are read-only.
4355  A917              ;   In: DRV_LOGIN_VECTOR -- here read as the read-only bit vector master copy.
4356  A917              ;   Out: BDOS result HL = the read-only drive vector (bit d set = drive d is R/O).
4357  A917              ;   Clobbers: HL.
4358  A917              ;   Algorithm: load the R/O vector and store it as the 16-bit BDOS result.
4359  A917              ;   [RE] dispatch fn 29 at $9C81; canonical CP/M 2.2 Get Read-Only Vector. [?] Source operand is the
4360  A917              ;   DRV_LOGIN_VECTOR cell; per CP/M 2.2 the R/O vector is a distinct mask -- the symbol name may be
4361  A917              ;   a misnomer for the R/O vector cell, or this build keeps the R/O bits in the same word.
4362  A917              ; ----------------------------------------------------------------------
4363  A917              DRV_ROVEC_H:
4364  A917                      ; HL = read-only drive vector (one bit per R/O drive)
4365  A917 2A AD A9             LD HL,(DRV_LOGIN_VECTOR)
4366  A91A                      ; store HL as the 16-bit BDOS result
4367  A91A C3 29 A9             JP BDOS_RET_RESULT_HL
4368  A91D              ; ----------------------------------------------------------------------
4369  A91D              ; F_ATTRIB_H -- BDOS function 30 (Set File Attributes): write the FCB's attribute bits into its
4370  A91D              ; directory entries.
4371  A91D              ;   In: BDOS_PARAM_PTR = pointer to the FCB carrying the desired attribute (high) bits in its
4372  A91D              ;       name/type bytes.
4373  A91D              ;   Out: matching directory entries updated with the new attributes; result via
4374  A91D              ;        DIR_RETURN_MATCH_FLAG.
4375  A91D              ;   Clobbers: A, BC, DE, HL.
4376  A91D              ;   Algorithm: FCB_AUTO_DRIVE_SELECT honors the drive prefix; F_ATTRIB_HND walks the directory
4377  A91D              ;              copying
4378  A91D              ;              the FCB's attribute bits into each matched entry; tail into the
4379  A91D              ;              directory-update/result path.
4380  A91D              ;   [RE] dispatch fn 30 at $9C83; canonical CP/M 2.2 Set File Attributes.
4381  A91D              ; ----------------------------------------------------------------------
4382  A91D              F_ATTRIB_H:
4383  A91D                      ; auto-select the FCB's drive prefix
4384  A91D CD 51 A8             CALL FCB_AUTO_DRIVE_SELECT
4385  A920                      ; copy the FCB's attribute bits into every matching directory entry
4386  A920 CD 3B A4             CALL F_ATTRIB_HND
4387  A923                      ; flush the directory and return the result code
4388  A923 C3 01 A3             JP DIR_RETURN_MATCH_FLAG
4389  A926              ; ----------------------------------------------------------------------
4390  A926              ; DRV_DPB_H -- BDOS function 31 (Return Disk Parameter Block address).
4391  A926              ;   In: DPB_PTR = address of the current drive's DPB (set during disk select/log-in).
4392  A926              ;   Out: BDOS result HL = the DPB address.
4393  A926              ;   Clobbers: HL.
4394  A926              ;   Algorithm: load the DPB pointer and store it as the 16-bit BDOS result.
4395  A926              ;   [RE] dispatch fn 31 at $9C85; canonical CP/M 2.2 Get DPB; falls into the shared result-store
4396  A926              ;   BDOS_RET_RESULT_HL.
4397  A926              ; ----------------------------------------------------------------------
4398  A926              DRV_DPB_H:
4399  A926                      ; HL = address of the current drive's Disk Parameter Block
4400  A926 2A BB A9             LD HL,(DPB_PTR)
4401  A929              ; ----------------------------------------------------------------------
4402  A929              ; BDOS_RET_RESULT_HL -- common exit: store the 16-bit value in HL as the BDOS return result.
4403  A929              ;   In: HL = value to return to the caller.
4404  A929              ;   Out: BDOS result cell BDOS_RETVAL = HL.
4405  A929              ;   Clobbers: none (writes memory).
4406  A929              ;   Algorithm: store HL at the BDOS result cell and return.
4407  A929              ;   [RE] the HL-valued counterpart of BDOS_RET_RESULT (which returns A); used by the get-vector /
4408  A929              ;   get-pointer functions (login vector, alloc vector, R/O vector, DPB) and fallen into from
4409  A929              ;   DRV_DPB_H.
4410  A929              ; ----------------------------------------------------------------------
4411  A929              BDOS_RET_RESULT_HL:
4412  A929                      ; store HL as the 16-bit BDOS result
4413  A929 22 45 9F             LD (BDOS_RETVAL),HL
4414  A92C C9                   RET
4415  A92D              ; ----------------------------------------------------------------------
4416  A92D              ; F_USERNUM_H -- BDOS function 32 (Get/Set User Code).
4417  A92D              ;   In: DRV_SELECT_ARG = caller's argument byte ($FF = 'get', else the user number to set);
4418  A92D              ;       BDOS_USER_NUM =
4419  A92D              ;       current user number.
4420  A92D              ;   Out: if get: BDOS result A = current user number; if set: current user number BDOS_USER_NUM
4421  A92D              ;        updated to (arg AND $1F).
4422  A92D              ;   Clobbers: A.
4423  A92D              ;   Algorithm: if the argument is $FF, return the current user number; otherwise mask the argument
4424  A92D              ;              to 0..31 and store it as the current user number.
4425  A92D              ;   [RE] dispatch fn 32 at $9C87; canonical CP/M 2.2 Get/Set User; $FF = query.
4426  A92D              ; ----------------------------------------------------------------------
4427  A92D              F_USERNUM_H:
4428  A92D                      ; A = caller's argument ($FF = query current user)
4429  A92D 3A D6 A9             LD A,(DRV_SELECT_ARG)
4430  A930                      ; is this a 'get current user' request?
4431  A930 FE FF                CP $FF
4432  A932                      ; no: it is a 'set user number' request
4433  A932 C2 3B A9             JP NZ,SET_USER_NUMBER
4434  A935                      ; get path: load the current user number
4435  A935 3A 41 9F             LD A,(BDOS_USER_NUM)
4436  A938                      ; return it as the BDOS result
4437  A938 C3 01 9F             JP BDOS_RET_RESULT
4438  A93B              ; ----------------------------------------------------------------------
4439  A93B              ; SET_USER_NUMBER -- set path of BDOS function 32: change the current user number.
4440  A93B              ;   In: A = requested user number.
4441  A93B              ;   Out: current user number BDOS_USER_NUM = A AND $1F (0..31).
4442  A93B              ;   Clobbers: A.
4443  A93B              ;   Algorithm: mask the requested user number to 5 bits and store it.
4444  A93B              ;   [RE] continuation of F_USERNUM_H (Get/Set User).
4445  A93B              ; ----------------------------------------------------------------------
4446  A93B              SET_USER_NUMBER:
4447  A93B                      ; clamp the user number to the range 0..31
4448  A93B E6 1F                AND $1F
4449  A93D                      ; store the new current user number
4450  A93D 32 41 9F             LD (BDOS_USER_NUM),A
4451  A940 C9                   RET
4452  A941              ; ----------------------------------------------------------------------
4453  A941              ; F_READRAND_H -- BDOS function 33 (Read Random): read the record addressed by the FCB's
4454  A941              ; random-record field.
4455  A941              ;   In: BDOS_PARAM_PTR = pointer to an open FCB whose r0/r1/r2 ($21..$23) hold the target record
4456  A941              ;       number.
4457  A941              ;   Out: that record read into the DMA buffer; A = 0 on success or a random-read error code (e.g.
4458  A941              ;        1=reading unwritten data, 6=record number out of range); FCB positioned at that record.
4459  A941              ;   Clobbers: A, BC, DE, HL.
4460  A941              ;   Algorithm: FCB_AUTO_DRIVE_SELECT honors the drive prefix; jump into the random-read core
4461  A941              ;              (FCB_EXTENT_TO_TRKSEC_8) which seeks to the random record and reads it.
4462  A941              ;   [RE] dispatch fn 33 at $9C89; canonical CP/M 2.2 Read Random.
4463  A941              ; ----------------------------------------------------------------------
4464  A941              F_READRAND_H:
4465  A941                      ; auto-select the FCB's drive prefix
4466  A941 CD 51 A8             CALL FCB_AUTO_DRIVE_SELECT
4467  A944                      ; position to the FCB's random record and read it
4468  A944 C3 93 A7             JP FCB_EXTENT_TO_TRKSEC_8
4469  A947              ; ----------------------------------------------------------------------
4470  A947              ; F_WRITERAND_H -- BDOS function 34 (Write Random): write the record addressed by the FCB's
4471  A947              ; random-record field.
4472  A947              ;   In: BDOS_PARAM_PTR = pointer to an open FCB whose r0/r1/r2 hold the target record number; DMA
4473  A947              ;       buffer holds the record.
4474  A947              ;   Out: that record written; A = 0 on success or a random-write error code; file extended/allocated
4475  A947              ;        as needed.
4476  A947              ;   Clobbers: A, BC, DE, HL.
4477  A947              ;   Algorithm: FCB_AUTO_DRIVE_SELECT honors the drive prefix; jump into the random-write core
4478  A947              ;              (FCB_EXTENT_TO_TRKSEC_9).
4479  A947              ;   [RE] dispatch fn 34 at $9C8B; canonical CP/M 2.2 Write Random.
4480  A947              ; ----------------------------------------------------------------------
4481  A947              F_WRITERAND_H:
4482  A947                      ; auto-select the FCB's drive prefix
4483  A947 CD 51 A8             CALL FCB_AUTO_DRIVE_SELECT
4484  A94A                      ; position to the FCB's random record and write it
4485  A94A C3 9C A7             JP FCB_EXTENT_TO_TRKSEC_9
4486  A94D              ; ----------------------------------------------------------------------
4487  A94D              ; F_SIZE_H -- BDOS function 35 (Compute File Size): set the FCB's random-record field to the file's
4488  A94D              ; record count.
4489  A94D              ;   In: BDOS_PARAM_PTR = pointer to the FCB naming the file.
4490  A94D              ;   Out: FCB r0/r1/r2 ($21..$23) set to the number of 128-byte records in the file (its 'virtual
4491  A94D              ;        size').
4492  A94D              ;   Clobbers: A, BC, DE, HL.
4493  A94D              ;   Algorithm: FCB_AUTO_DRIVE_SELECT honors the drive prefix; jump into the size-compute core
4494  A94D              ;              (FCB_ALLOC_BLOCK_NUM_2) which scans the directory extents to find the highest record
4495  A94D              ;              and writes it into the FCB random-record field.
4496  A94D              ;   [RE] dispatch fn 35 at $9C8D; canonical CP/M 2.2 Compute File Size.
4497  A94D              ; ----------------------------------------------------------------------
4498  A94D              F_SIZE_H:
4499  A94D                      ; auto-select the FCB's drive prefix
4500  A94D CD 51 A8             CALL FCB_AUTO_DRIVE_SELECT
4501  A950                      ; scan the file's extents and write its record count into the FCB
4502  A950 C3 D2 A7             JP FCB_ALLOC_BLOCK_NUM_2
4503  A953              ; ----------------------------------------------------------------------
4504  A953              ; DRV_RESET_H -- BDOS function 37 (Reset Drive): mark the drives named by the caller's bit mask as
4505  A953              ; no longer logged in.
4506  A953              ;   In: BDOS_PARAM_PTR = caller's reset bit-mask (one bit per drive to reset); DRV_SELECT_VECTOR =
4507  A953              ;       working
4508  A953              ;       login vector; DRV_LOGIN_VECTOR = master logged-in / R-O master vector.
4509  A953              ;   Out: for each drive bit set in the mask, that drive's bit is cleared in both DRV_SELECT_VECTOR
4510  A953              ;        and
4511  A953              ;        DRV_LOGIN_VECTOR, forcing a fresh log-in on next access.
4512  A953              ;   Clobbers: A, DE, HL.
4513  A953              ;   Algorithm: form the bitwise complement of the caller's reset mask (CPL of each byte of
4514  A953              ;              BDOS_PARAM_PTR); AND it into DRV_SELECT_VECTOR to clear those login bits and store
4515  A953              ;              back; then
4516  A953              ;              AND the now-masked login word with DRV_LOGIN_VECTOR (which also has the reset bits
4517  A953              ;              cleared) and store back, so the master vector loses the reset drives' bits too.
4518  A953              ;   [RE] dispatch fn 37 at $9C91; canonical CP/M 2.2 Reset Drive (selective reset). The auto-label
4519  A953              ;   'DIR_NAME_MASK' is unrelated to its real function.
4520  A953              ; ----------------------------------------------------------------------
4521  A953              DRV_RESET_H:
4522  A953                      ; HL = caller's reset bit-mask (one bit per drive to reset)
4523  A953 2A 43 9F             LD HL,(BDOS_PARAM_PTR)
4524  A956 7D                   LD A,L
4525  A957                      ; complement the mask low byte (a 1 marks a drive to KEEP; 0 marks a drive being reset)
4526  A957 2F                   CPL
4527  A958 5F                   LD E,A
4528  A959 7C                   LD A,H
4529  A95A 2F                   CPL
4530  A95B                      ; HL = working login vector
4531  A95B 2A AF A9             LD HL,(DRV_SELECT_VECTOR)
4532  A95E                      ; clear the reset drives' bits in the login vector (high byte path)
4533  A95E A4                   AND H
4534  A95F 57                   LD D,A
4535  A960 7D                   LD A,L
4536  A961 A3                   AND E
4537  A962 5F                   LD E,A
4538  A963                      ; HL = master logged-in / R-O vector
4539  A963 2A AD A9             LD HL,(DRV_LOGIN_VECTOR)
4540  A966 EB                   EX DE,HL
4541  A967                      ; store the updated login vector
4542  A967 22 AF A9             LD (DRV_SELECT_VECTOR),HL
4543  A96A 7D                   LD A,L
4544  A96B A3                   AND E
4545  A96C 6F                   LD L,A
4546  A96D 7C                   LD A,H
4547  A96E A2                   AND D
4548  A96F 67                   LD H,A
4549  A970                      ; store the master vector with the reset drives cleared
4550  A970 22 AD A9             LD (DRV_LOGIN_VECTOR),HL
4551  A973 C9                   RET
4552  A974              ; ----------------------------------------------------------------------
4553  A974              ; FCB_AUTO_DRIVE_RESTORE -- file-operation epilogue: undo a temporary drive switch made by
4554  A974              ; FCB_AUTO_DRIVE_SELECT, then return the BDOS result.
4555  A974              ;   In: DRV_RESTORE_FLAG = restore-pending flag (0 = no switch was made); BDOS_PARAM_PTR = FCB
4556  A974              ;       pointer; DRV_SAVED_FCB_BYTE
4557  A974              ;       = saved FCB drive byte; DRV_SAVED_DRIVE = saved drive number; BDOS_SAVED_SP = saved BDOS
4558  A974              ;       stack
4559  A974              ;       pointer; BDOS_RETVAL = BDOS result.
4560  A974              ;   Out: if a switch was pending, the FCB's drive byte and the current drive are restored to their
4561  A974              ;        pre-call values (DRV_SET_H reselects the original drive); then control falls into
4562  A974              ;        BDOS_RETURN_RESULT to restore the BDOS stack and deliver A = result low byte (B = high
4563  A974              ;        byte).
4564  A974              ;   Clobbers: A, B, HL, SP.
4565  A974              ;   Algorithm: if no temporary switch was made (DRV_RESTORE_FLAG==0) skip to the result return; else
4566  A974              ;              clear the
4567  A974              ;              FCB drive byte ($00), and if the saved original byte (DRV_SAVED_FCB_BYTE) is nonzero
4568  A974              ;              restore it;
4569  A974              ;              restore the saved current drive (DRV_SAVED_DRIVE -> DRV_SELECT_ARG) and reselect it
4570  A974              ;              via DRV_SET_H;
4571  A974              ;              fall into BDOS_RETURN_RESULT.
4572  A974              ;   [RE] this is the universal file-op epilogue that pairs with FCB_AUTO_DRIVE_SELECT; the
4573  A974              ;   'DIR_NAME_MASK' auto-label is unrelated.
4574  A974              ; ----------------------------------------------------------------------
4575  A974              FCB_AUTO_DRIVE_RESTORE:
4576  A974                      ; was a temporary drive switch made by the preamble?
4577  A974 3A DE A9             LD A,(DRV_RESTORE_FLAG)
4578  A977 B7                   OR A
4579  A978                      ; no switch: skip restore, go straight to the result return
4580  A978 CA 91 A9             JP Z,BDOS_RETURN_RESULT
4581  A97B                      ; HL -> FCB whose drive byte was modified
4582  A97B 2A 43 9F             LD HL,(BDOS_PARAM_PTR)
4583  A97E                      ; clear the FCB drive byte before restoring it
4584  A97E 36 00                LD (HL),$00
4585  A980                      ; A = saved original FCB drive-prefix byte
4586  A980 3A E0 A9             LD A,(DRV_SAVED_FCB_BYTE)
4587  A983 B7                   OR A
4588  A984                      ; saved byte was 0 (no real prefix): nothing to put back, go to result return
4589  A984 CA 91 A9             JP Z,BDOS_RETURN_RESULT
4590  A987                      ; restore the original FCB drive-prefix byte
4591  A987 77                   LD (HL),A
4592  A988                      ; A = saved current drive number
4593  A988 3A DF A9             LD A,(DRV_SAVED_DRIVE)
4594  A98B                      ; set it as the drive to reselect
4595  A98B 32 D6 A9             LD (DRV_SELECT_ARG),A
4596  A98E                      ; reselect the drive that was current before the call
4597  A98E CD 45 A8             CALL DRV_SET_H
4598  A991              ; ----------------------------------------------------------------------
4599  A991              ; BDOS_RETURN_RESULT -- final BDOS exit: restore the entry stack and deliver the result to the
4600  A991              ; caller.
4601  A991              ;   In: BDOS_SAVED_SP = saved BDOS entry stack pointer; BDOS_RETVAL = 16-bit BDOS result.
4602  A991              ;   Out: SP restored to the BDOS entry stack; A = result low byte, B = result high byte (HL also =
4603  A991              ;        result).
4604  A991              ;   Clobbers: A, B, HL, SP.
4605  A991              ;   Algorithm: load the saved stack pointer into SP; load the 16-bit result into HL; copy L->A and
4606  A991              ;              H->B so both the 8-bit (A) and 16-bit (HL/BA) return conventions are satisfied;
4607  A991              ;              return to the BDOS dispatcher.
4608  A991              ;   [RE] the common tail every BDOS function returns through; pairs the saved-SP restore with the
4609  A991              ;   result hand-off.
4610  A991              ; ----------------------------------------------------------------------
4611  A991              BDOS_RETURN_RESULT:
4612  A991                      ; HL = saved BDOS entry stack pointer
4613  A991 2A 0F 9F             LD HL,(BDOS_SAVED_SP)
4614  A994                      ; restore the BDOS entry stack (drop any locals)
4615  A994 F9                   LD SP,HL
4616  A995                      ; HL = the 16-bit BDOS result value
4617  A995 2A 45 9F             LD HL,(BDOS_RETVAL)
4618  A998                      ; A = result low byte (8-bit return convention)
4619  A998 7D                   LD A,L
4620  A999                      ; B = result high byte (16-bit return convention)
4621  A999 44                   LD B,H
4622  A99A C9                   RET
4623  A99B              ; ----------------------------------------------------------------------
4624  A99B              ; F_WRITEZF_H -- BDOS function 40 (Write Random with Zero Fill): like Write Random, but newly
4625  A99B              ; allocated blocks are pre-filled with zeros.
4626  A99B              ;   In: BDOS_PARAM_PTR = pointer to an open FCB whose r0/r1/r2 hold the target record number; DMA
4627  A99B              ;       buffer holds the record.
4628  A99B              ;   Out: the record written at the random position; any block newly allocated to reach it is
4629  A99B              ;        zero-filled first; A = 0 or a random-write error code.
4630  A99B              ;   Clobbers: A, BC, DE, HL.
4631  A99B              ;   Algorithm: FCB_AUTO_DRIVE_SELECT honors the drive prefix; set write-mode WRITE_TYPE_FLAG=2
4632  A99B              ;              (zero-fill);
4633  A99B              ;              C=0; call the random-record extract/seek core (BDOS_SEEK_COMPUTE) and, on success
4634  A99B              ;              (Z), perform the write (BDOS_WRITE).
4635  A99B              ;   [RE] dispatch fn 40 at $9C97; canonical CP/M 2.2 Write Random with Zero Fill; WRITE_TYPE_FLAG=2
4636  A99B              ;   distinguishes it from normal Write Random.
4637  A99B              ; ----------------------------------------------------------------------
4638  A99B              F_WRITEZF_H:
4639  A99B                      ; auto-select the FCB's drive prefix
4640  A99B CD 51 A8             CALL FCB_AUTO_DRIVE_SELECT
4641  A99E                      ; write-mode 2 = write random with zero fill of new blocks
4642  A99E 3E 02                LD A,$02
4643  A9A0                      ; select zero-fill write mode
4644  A9A0 32 D5 A9             LD (WRITE_TYPE_FLAG),A
4645  A9A3                      ; C=0 parameter to the random-record extract core
4646  A9A3 0E 00                LD C,$00
4647  A9A5                      ; decode the FCB random record and seek/allocate to it
4648  A9A5 CD 07 A7             CALL BDOS_SEEK_COMPUTE
4649  A9A8                      ; on success, write the record (with zero-filled new blocks)
4650  A9A8 CC 03 A6             CALL Z,BDOS_WRITE
4651  A9AB C9                   RET
4652  A9AC              ; ----------------------------------------------------------------------
4653  A9AC              ; EMPTY_DIR_FCB -- Sentinel byte $E5 used as an empty/deleted directory-entry marker and zero-FCB
4654  A9AC              ; source. [RE]
4655  A9AC              ; ----------------------------------------------------------------------
4656  A9AC              EMPTY_DIR_FCB:
4657  A9AC E5                   DEFB    $E5
4658  A9AD              ; ----------------------------------------------------------------------
4659  A9AD              ; DRV_LOGIN_VECTOR -- 16-bit login vector: bit per drive that has been logged in (selected at least
4660  A9AD              ; once). [RE]
4661  A9AD              ; ----------------------------------------------------------------------
4662  A9AD              DRV_LOGIN_VECTOR:
4663  A9AD 00 00                DEFB    "\0\0"
4664  A9AF              ; ----------------------------------------------------------------------
4665  A9AF              ; DRV_SELECT_VECTOR -- 16-bit drive read-only (R/O) vector: bit per drive currently flagged
4666  A9AF              ; read-only. [RE]
4667  A9AF              ; ----------------------------------------------------------------------
4668  A9AF              DRV_SELECT_VECTOR:
4669  A9AF 00 00                DEFB    "\0\0"
4670  A9B1              ; ----------------------------------------------------------------------
4671  A9B1              ; DMA_ADDR -- Current DMA (disk transfer) address; defaults to TBUFF ($0080). [RE]
4672  A9B1              ; ----------------------------------------------------------------------
4673  A9B1              DMA_ADDR:
4674  A9B1 80 00                DEFB    $80,$00
4675  A9B3              ; ----------------------------------------------------------------------
4676  A9B3              ; DPB_WORK_PTR0 -- Scratch pointer used while walking the Disk Parameter Block / allocation vector.
4677  A9B3              ; [RE]
4678  A9B3              ; ----------------------------------------------------------------------
4679  A9B3              DPB_WORK_PTR0:
4680  A9B3 00 00                DEFB    "\0\0"
4681  A9B5              ; ----------------------------------------------------------------------
4682  A9B5              ; DEBLOCK_HSTREC_PTR0 -- Deblocking host-record pointer (low half) for the record/sector buffer
4683  A9B5              ; cache. [RE]
4684  A9B5              ; ----------------------------------------------------------------------
4685  A9B5              DEBLOCK_HSTREC_PTR0:
4686  A9B5 00 00                DEFB    "\0\0"
4687  A9B7              ; ----------------------------------------------------------------------
4688  A9B7              ; DEBLOCK_HSTREC_PTR1 -- Deblocking host-record pointer (high half) for the record/sector buffer
4689  A9B7              ; cache. [RE]
4690  A9B7              ; ----------------------------------------------------------------------
4691  A9B7              DEBLOCK_HSTREC_PTR1:
4692  A9B7 00 00                DEFB    "\0\0"
4693  A9B9              ; ----------------------------------------------------------------------
4694  A9B9              ; DIRBUF_PTR -- Pointer to the BIOS directory buffer (DIRBUF) used for directory record I/O. [RE]
4695  A9B9              ; ----------------------------------------------------------------------
4696  A9B9              DIRBUF_PTR:
4697  A9B9 00 00                DEFB    "\0\0"
4698  A9BB              ; ----------------------------------------------------------------------
4699  A9BB              ; DPB_PTR -- Pointer to the current drive's Disk Parameter Block (DPB). [RE]
4700  A9BB              ; ----------------------------------------------------------------------
4701  A9BB              DPB_PTR:
4702  A9BB 00 00                DEFB    "\0\0"
4703  A9BD              ; ----------------------------------------------------------------------
4704  A9BD              ; REC_BYTE_OFFSET -- Byte offset of the current record within the host sector (deblocking). [RE]
4705  A9BD              ; ----------------------------------------------------------------------
4706  A9BD              REC_BYTE_OFFSET:
4707  A9BD 00 00                DEFB    "\0\0"
4708  A9BF              ; ----------------------------------------------------------------------
4709  A9BF              ; ALLOC_VEC_PTR -- Pointer to the current drive's allocation vector (ALV). [RE]
4710  A9BF              ; ----------------------------------------------------------------------
4711  A9BF              ALLOC_VEC_PTR:
4712  A9BF 00 00                DEFB    "\0\0"
4713  A9C1              ; ----------------------------------------------------------------------
4714  A9C1              ; DPB_SPT -- DPB field SPT: 128-byte records per track for the current drive. [RE]
4715  A9C1              ; ----------------------------------------------------------------------
4716  A9C1              DPB_SPT:
4717  A9C1 00 00                DEFB    "\0\0"
4718  A9C3              ; ----------------------------------------------------------------------
4719  A9C3              ; DPB_BSH -- DPB field BSH: block shift factor (log2 of records per block). [RE]
4720  A9C3              ; ----------------------------------------------------------------------
4721  A9C3              DPB_BSH:
4722  A9C3 00                   DEFB    "\0"
4723  A9C4              ; ----------------------------------------------------------------------
4724  A9C4              ; DPB_BLM -- DPB field BLM: block mask (records per block minus 1). [RE]
4725  A9C4              ; ----------------------------------------------------------------------
4726  A9C4              DPB_BLM:
4727  A9C4 00                   DEFB    "\0"
4728  A9C5              ; ----------------------------------------------------------------------
4729  A9C5              ; DPB_EXM -- DPB field EXM: extent mask. [RE]
4730  A9C5              ; ----------------------------------------------------------------------
4731  A9C5              DPB_EXM:
4732  A9C5 00                   DEFB    "\0"
4733  A9C6              ; ----------------------------------------------------------------------
4734  A9C6              ; MAX_BLOCK_DSM -- DPB field DSM: highest block number on the drive (disk size in blocks minus 1).
4735  A9C6              ; [RE]
4736  A9C6              ; ----------------------------------------------------------------------
4737  A9C6              MAX_BLOCK_DSM:
4738  A9C6 00 00                DEFB    "\0\0"
4739  A9C8              ; ----------------------------------------------------------------------
4740  A9C8              ; DPB_REC_PTR -- DPB field DRM-related record pointer / directory max entries working cell. [RE]
4741  A9C8              ; ----------------------------------------------------------------------
4742  A9C8              DPB_REC_PTR:
4743  A9C8 00 00                DEFB    "\0\0"
4744  A9CA              ; ----------------------------------------------------------------------
4745  A9CA              ; ALLOC_END_PTR -- Pointer to the end of the allocation vector (last byte+1). [RE]
4746  A9CA              ; ----------------------------------------------------------------------
4747  A9CA              ALLOC_END_PTR:
4748  A9CA 00 00                DEFB    "\0\0"
4749  A9CC              ; ----------------------------------------------------------------------
4750  A9CC              ; REC_SCAN_PTR -- Working pointer used while scanning records / the allocation map. [RE]
4751  A9CC              ; ----------------------------------------------------------------------
4752  A9CC              REC_SCAN_PTR:
4753  A9CC 00 00                DEFB    "\0\0"
4754  A9CE              ; ----------------------------------------------------------------------
4755  A9CE              ; DPB_OFF -- DPB field OFF: track offset (number of reserved system tracks). [RE]
4756  A9CE              ; ----------------------------------------------------------------------
4757  A9CE              DPB_OFF:
4758  A9CE 00 00                DEFB    "\0\0"
4759  A9D0              ; ----------------------------------------------------------------------
4760  A9D0              ; DPB_XLT_PTR -- Pointer to the current drive's sector-translation (skew) table (XLT). [RE]
4761  A9D0              ; ----------------------------------------------------------------------
4762  A9D0              DPB_XLT_PTR:
4763  A9D0 00 00                DEFB    "\0\0"
4764  A9D2              ; ----------------------------------------------------------------------
4765  A9D2              ; DIR_DIRTY_FLAG -- Directory-changed flag ($FF = a directory record needs flushing). [RE]
4766  A9D2              ; ----------------------------------------------------------------------
4767  A9D2              DIR_DIRTY_FLAG:
4768  A9D2 00                   DEFB    "\0"
4769  A9D3              ; ----------------------------------------------------------------------
4770  A9D3              ; RW_DIRECTION_FLAG -- Read/write direction flag for the current record op ($FF = read, else write).
4771  A9D3              ; [RE]
4772  A9D3              ; ----------------------------------------------------------------------
4773  A9D3              RW_DIRECTION_FLAG:
4774  A9D3 00                   DEFB    "\0"
4775  A9D4              ; ----------------------------------------------------------------------
4776  A9D4              ; DIR_MATCH_FLAG -- Directory-search match flag / result ($FF when no entry matched). [RE]
4777  A9D4              ; ----------------------------------------------------------------------
4778  A9D4              DIR_MATCH_FLAG:
4779  A9D4 00                   DEFB    "\0"
4780  A9D5              ; ----------------------------------------------------------------------
4781  A9D5              ; WRITE_TYPE_FLAG -- Write-mode flag: 1 = sequential, 2 = random / write-random-zero-fill. [RE]
4782  A9D5              ; ----------------------------------------------------------------------
4783  A9D5              WRITE_TYPE_FLAG:
4784  A9D5 00                   DEFB    "\0"
4785  A9D6              ; ----------------------------------------------------------------------
4786  A9D6              ; DRV_SELECT_ARG -- Drive number argument staged for the BIOS SELDSK call. [RE]
4787  A9D6              ; ----------------------------------------------------------------------
4788  A9D6              DRV_SELECT_ARG:
4789  A9D6 00                   DEFB    "\0"
4790  A9D7              ; ----------------------------------------------------------------------
4791  A9D7              ; ALLOC_SLOT_INDEX -- Index of the FCB allocation-map slot for the current record. [RE]
4792  A9D7              ; ----------------------------------------------------------------------
4793  A9D7              ALLOC_SLOT_INDEX:
4794  A9D7 00                   DEFB    "\0"
4795  A9D8              ; ----------------------------------------------------------------------
4796  A9D8              ; DIR_CMP_LEN -- Length (byte count) used by the current directory-entry compare. [RE]
4797  A9D8              ; ----------------------------------------------------------------------
4798  A9D8              DIR_CMP_LEN:
4799  A9D8 00                   DEFB    "\0"
4800  A9D9              ; ----------------------------------------------------------------------
4801  A9D9              ; DIR_FCB_PTR -- Saved FCB / directory pointer scratch (4 bytes) for directory operations. [RE]
4802  A9D9              ; ----------------------------------------------------------------------
4803  A9D9              DIR_FCB_PTR:
4804  A9D9 00 00 00 00          DEFB    "\0\0\0\0"
4805  A9DD              ; ----------------------------------------------------------------------
4806  A9DD              ; BLOCK_WIDTH_FLAG -- Block-number width flag (8-bit vs 16-bit block numbers per DSM). [RE]
4807  A9DD              ; ----------------------------------------------------------------------
4808  A9DD              BLOCK_WIDTH_FLAG:
4809  A9DD 00                   DEFB    "\0"
4810  A9DE              ; ----------------------------------------------------------------------
4811  A9DE              ; DRV_RESTORE_FLAG -- Auto-drive-select restore flag ($FF = a prior drive must be restored). [RE]
4812  A9DE              ; ----------------------------------------------------------------------
4813  A9DE              DRV_RESTORE_FLAG:
4814  A9DE 00                   DEFB    "\0"
4815  A9DF              ; ----------------------------------------------------------------------
4816  A9DF              ; DRV_SAVED_DRIVE -- Saved current drive number to restore after an explicit-drive FCB op. [RE]
4817  A9DF              ; ----------------------------------------------------------------------
4818  A9DF              DRV_SAVED_DRIVE:
4819  A9DF 00                   DEFB    "\0"
4820  A9E0              ; ----------------------------------------------------------------------
4821  A9E0              ; DRV_SAVED_FCB_BYTE -- Saved original FCB drive byte to restore after auto-drive-select. [RE]
4822  A9E0              ; ----------------------------------------------------------------------
4823  A9E0              DRV_SAVED_FCB_BYTE:
4824  A9E0 00                   DEFB    "\0"
4825  A9E1              ; ----------------------------------------------------------------------
4826  A9E1              ; FCB_RECCOUNT -- Working copy of the FCB record count (RC) for the current extent. [RE]
4827  A9E1              ; ----------------------------------------------------------------------
4828  A9E1              FCB_RECCOUNT:
4829  A9E1 00                   DEFB    "\0"
4830  A9E2              ; ----------------------------------------------------------------------
4831  A9E2              ; FCB_EXTENT_MASKED -- Working copy of the FCB extent byte after applying the extent mask. [RE]
4832  A9E2              ; ----------------------------------------------------------------------
4833  A9E2              FCB_EXTENT_MASKED:
4834  A9E2 00                   DEFB    "\0"
4835  A9E3              ; ----------------------------------------------------------------------
4836  A9E3              ; FCB_CURREC -- Working current-record number within the current extent. [RE]
4837  A9E3              ; ----------------------------------------------------------------------
4838  A9E3              FCB_CURREC:
4839  A9E3 00 00                DEFB    "\0\0"
4840  A9E5              ; ----------------------------------------------------------------------
4841  A9E5              ; CUR_BLOCK_NUMBER -- Block number for the current record (from the FCB allocation map). [RE]
4842  A9E5              ; ----------------------------------------------------------------------
4843  A9E5              CUR_BLOCK_NUMBER:
4844  A9E5 00 00                DEFB    "\0\0"
4845  A9E7              ; ----------------------------------------------------------------------
4846  A9E7              ; BLOCK_BASE_RECORD -- Base record number of the current block (block * records-per-block). [RE]
4847  A9E7              ; ----------------------------------------------------------------------
4848  A9E7              BLOCK_BASE_RECORD:
4849  A9E7 00 00                DEFB    "\0\0"
4850  A9E9              ; ----------------------------------------------------------------------
4851  A9E9              ; DEBLOCK_BYTE_OFF -- Deblocking byte offset within the host sector for the current record. [RE]
4852  A9E9              ; ----------------------------------------------------------------------
4853  A9E9              DEBLOCK_BYTE_OFF:
4854  A9E9 00                   DEFB    "\0"
4855  A9EA              ; ----------------------------------------------------------------------
4856  A9EA              ; CUR_RECORD -- Current absolute record number (low byte) for sector translation. [RE]
4857  A9EA              ; ----------------------------------------------------------------------
4858  A9EA              CUR_RECORD:
4859  A9EA 00                   DEFB    "\0"
4860  A9EB              ; ----------------------------------------------------------------------
4861  A9EB              ; CUR_RECORD_HI -- Current absolute record number (high byte). [RE]
4862  A9EB              ; ----------------------------------------------------------------------
4863  A9EB              CUR_RECORD_HI:
4864  A9EB 00                   DEFB    "\0"
4865  A9EC              ; ----------------------------------------------------------------------
4866  A9EC              ; REC_CACHE -- 20-byte record/sector buffer cache scratch area (deblocking workspace). [RE]
4867  A9EC              ; ----------------------------------------------------------------------
4868  A9EC              REC_CACHE:
4869  A9EC 00 00 00...          DEFS    20, $00                  ; fill
4870  AA00              BDOS_IMAGE_END:                          ; first byte past the BDOS image
4871  AA00
4872  AA00                  SAVEBIN "{out_bin}", $9300, $1700
4873  AA00                  IFNDEF CPM_LINK
4874  AA00                  ASSERT BDOS_IMAGE_END == BDOS_FLIMIT
4875  AA00                  SAVEBIN "{out_bin}", BDOS_FBASE, BDOS_SIZE
4876  AA00                  ENDIF
4877  AA00
# file closed: CPM_BDOS.asm
