# file opened: CPM_BIOS.asm
   1  0000              ; ============================================================================
   2  0000              ; Microsoft SoftCard CP/M 2.23 (44K) -- BIOS, RUNTIME-ADDRESSED (de-skewed)
   3  0000              ; ----------------------------------------------------------------------------
   4  0000              ; The 2.23-44K BIOS runs at z80 $FA00-$FFFF (6 pages) = Apple $0A00-$0FFF LOW RAM
   5  0000              ; (NOT $AA00 like 2.20 -- a different mechanism). Decoded against the de-skewed
   6  0000              ; runtime image; the disk producer re-applies the sector skew (deskew.py ::
   7  0000              ; BIOS_PAGE_TO_SECTOR_223). $FA00 = the 15-entry BIOS jump vector.
   8  0000              ; DECODE IN PROGRESS: --auto-coverage --relocatable disassembly (byte-identical),
   9  0000              ; being enriched to the C-level bar.
  10  0000              ; ============================================================================
  11  0000
  12  0000                  IFNDEF CPM_LINK
  13  0000                  DEVICE NOSLOT64K
  14  0000                  ORG $FA00
  15  FA00                  ENDIF
  16  FA00
  17  FA00              ; ----------------------------------------------------------------------
  18  FA00              ; BIOS_VECTOR -- the CP/M 2.2 BIOS entry jump vector (2.23-44K, runtime $FA00).
  19  FA00              ;   15 three-byte JP entries the BDOS/CCP and the cold loader call by fixed
  20  FA00              ;   offset from the BIOS base: BOOT, WBOOT, CONST, CONIN, CONOUT, LIST, PUNCH,
  21  FA00              ;   READER, HOME, SELDSK, SETTRK, SETSEC, SETDMA, READ, WRITE.
  22  FA00              ;   In:  entered by JP/CALL to base+3*n.  Out: per the dispatched entry.
  23  FA00              ;   Note: the CONOUT target ($FB4D) is the second-instruction entry of
  24  FA00              ;         CONOUT_DISPATCH (skips its leading LD C,A); see flags. [RE]
  25  FA00              ; ----------------------------------------------------------------------
  26  FA00              BIOS_VECTOR:
  27  FA00                      ; entry 0 = cold boot (BOOT, lives in the $FE85 band, out of this scope)
  28  FA00 C3 D1 FE             JP BOOT
  29  FA03              ; ----------------------------------------------------------------------
  30  FA03              ; BIOS_VECTOR_WBOOT -- jump-table entries 1..14 (WBOOT .. WRITE).
  31  FA03              ;   Same 14-entry layout as the 2.20-44K twin; only the target addresses move
  32  FA03              ;   ($FA-band, not $AA). CONOUT ($FA0C) targets CONOUT_DISPATCH+1 ($FB4D). [RE]
  33  FA03              ; ----------------------------------------------------------------------
  34  FA03              BIOS_VECTOR_WBOOT:
  35  FA03                      ; jump table
  36  FA03                      ; entry 1 = WBOOT: reload CCP, rebuild page zero
  37  FA03 C3 B8 FA             JP      WBOOT
  38  FA06                      ; entry 2 = CONST: console status via IOBYTE
  39  FA06 C3 10 FB             JP      CONST
  40  FA09                      ; entry 3 = CONIN: dispatch + function/arrow remap
  41  FA09 C3 1A FB             JP      CONIN
  42  FA0C                      ; entry 4 = CONOUT; target CONOUT_DISPATCH+1 (skips its leading LD C,A)
  43  FA0C C3 4D FB             JP      $FB4D
  44  FA0F                      ; entry 5 = LIST: route by IOBYTE LIST field
  45  FA0F C3 70 FB             JP      LIST
  46  FA12                      ; entry 6 = PUNCH: route by IOBYTE PUNCH field
  47  FA12 C3 7F FB             JP      PUNCH
  48  FA15                      ; entry 7 = READER: route by IOBYTE READER field
  49  FA15 C3 91 FB             JP      READER
  50  FA18                      ; entry 8 = HOME (out of this scope, $FDB0 band)
  51  FA18 C3 6C FE             JP      HOME
  52  FA1B                      ; entry 9 = SELDSK (out of this scope, $FE85 band)
  53  FA1B C3 8E FE             JP      SELDSK
  54  FA1E                      ; entry 10 = SETTRK (out of this scope, $FE77)
  55  FA1E C3 77 FE             JP      $FE77
  56  FA21                      ; entry 11 = SETSEC: store sector into deblock scratch
  57  FA21 C3 F4 FB             JP      SETSEC
  58  FA24                      ; entry 12 = SETDMA: store DMA address into deblock scratch
  59  FA24 C3 F9 FB             JP      SETDMA
  60  FA27                      ; entry 13 = READ (out of this scope, $FE85 band)
  61  FA27 C3 BD FE             JP      READ
  62  FA2A                      ; entry 14 = WRITE (out of this scope, $FE85 band)
  63  FA2A C3 C0 FE             JP      WRITE
  64  FA2D                      ; post-vector trailer: $AF $C9 (XOR A / RET) then 4 opaque bytes $00,$60,$69,$C9;
  65  FA2D                      ; the same 6 bytes as 2.20's $AA2D trailer. [RE] not reached as code here.
  66  FA2D AF C9 00 60          DEFB    $AF,$C9,$00,$60,$69,$C9
  66  FA31 69 C9
  67  FA33              ; ----------------------------------------------------------------------
  68  FA33              ; DPH_TABLE -- the CP/M 2.2 Disk Parameter Header array (one 16-byte DPH per logical
  69  FA33              ;   drive 0..3; 2.23 supports 4 drives, vs 6 in the 2.20 twin). SELDSK returns
  70  FA33              ;   DPH_TABLE + 16*drive. Each DPH = XLT, three BDOS scratch words, DIRBUF, DPB, CSV,
  71  FA33              ;   ALV. XLT = 0 (no SECTRAN translate). All drives share one DIRBUF and one DPB.
  72  FA33              ;   The per-drive strides are the DPB's own fields: CSV is CKS = 12 bytes, ALV is
  73  FA33              ;   DSM/8 + 1 = 139/8 + 1 = 18 bytes. [RE]
  74  FA33              ; ----------------------------------------------------------------------
  75  FA33              ; DIRBUF, ALV_VECTORS and CSV_VECTORS are the BDOS scratch buffers this table hands out.
  76  FA33              ; They are declared at the foot of this file (see "BDOS scratch overlay"), because they
  77  FA33              ; are a SECOND tenant of bytes the cold-boot code owns: the layout is set out there with
  78  FA33              ; its own ORG, so each field is a real label rather than a magic address.
  79  FA33              DPH_TABLE:
  80  FA33 00 00 00 00          DEFW    0,0,0,0,DIRBUF,DPB,CSV_VECTORS,   ALV_VECTORS      ; drive 0
  80  FA37 00 00 00 00
  80  FA3B E4 FE 73 FA
  80  FA3F AC FF 64 FF
  81  FA43 00 00 00 00          DEFW    0,0,0,0,DIRBUF,DPB,CSV_VECTORS+12,ALV_VECTORS+18   ; drive 1
  81  FA47 00 00 00 00
  81  FA4B E4 FE 73 FA
  81  FA4F B8 FF 76 FF
  82  FA53 00 00 00 00          DEFW    0,0,0,0,DIRBUF,DPB,CSV_VECTORS+24,ALV_VECTORS+36   ; drive 2
  82  FA57 00 00 00 00
  82  FA5B E4 FE 73 FA
  82  FA5F C4 FF 88 FF
  83  FA63 00 00 00 00          DEFW    0,0,0,0,DIRBUF,DPB,CSV_VECTORS+36,ALV_VECTORS+54   ; drive 3
  83  FA67 00 00 00 00
  83  FA6B E4 FE 73 FA
  83  FA6F D0 FF 9A FF
  84  FA73              ; ----------------------------------------------------------------------
  85  FA73              ; DPB -- the shared Disk Parameter Block (5.25" floppy; every DPH points here).
  86  FA73              ;   One label per field, so the field names are symbols rather than prose. The ten names
  87  FA73              ;   are Digital Research's CP/M 2.2 DPB field names. NOT [DOC]-citable from this archive:
  88  FA73              ;   the SoftCard manual set documents only the BDOS call that RETURNS a DPB pointer
  89  FA73              ;   (fn 31, Get Addr (disk parms)), not the block's layout.
  90  FA73              ;   Geometry derived from these bytes: BSH=3/BLM=7 -> 8 records per allocation block =
  91  FA73              ;   1 KB blocks; SPT=32 records/track -> 4 blocks per track. [RE]
  92  FA73              ;   This block is byte-identical to the 2.20-44K twin's except for DSM (see below). [RE]
  93  FA73              ; ----------------------------------------------------------------------
  94  FA73              DPB:
  95  FA73 20 00        SPT:    DEFW    $0020                    ; records per track: 32 x 128-byte records
  96  FA75 03           BSH:    DEFB    $03                      ; block shift: log2(records per block) -> 8 records
  97  FA76 07           BLM:    DEFB    $07                      ; block mask: (records per block) - 1 -> 1 KB blocks
  98  FA77 00           EXM:    DEFB    $00                      ; extent mask
  99  FA78              ; DSM is the ONLY byte in which this DPB differs from the 2.20-44K twin ($7F there).
 100  FA78              ;   The arithmetic does not close: 140 blocks / 4 blocks per track = 35 tracks of file
 101  FA78              ;   area, which with OFF=3 implies a 38-track disk; the medium is 35 tracks total. The
 102  FA78              ;   twin's $7F gives 32 + 3 = 35 exactly. What absorbs the surplus is a directory entry
 103  FA78              ;   present on every 2.23 disk: user byte $1F, lowercase name "cp/m    sys", allocation
 104  FA78              ;   list exactly blocks 128-139 -- the twelve blocks past the twin's 128. The BDOS's
 105  FA78              ;   allocation-vector rebuild skips only $E5 entries and does not range-check the user
 106  FA78              ;   number, so that entry is honoured and those twelve blocks stay marked in use.
 107  FA78              ;   Whether $8B is an error masked by that entry or a deliberate convention is NOT
 108  FA78              ;   determinable from any byte on these disks. [RE]
 109  FA78 8B 00        DSM:    DEFW    $008B                    ; highest allocation block number: 139 -> 140 blocks
 110  FA7A 2F 00        DRM:    DEFW    $002F                    ; highest directory entry number: 47 -> 48 entries
 111  FA7C C0           AL0:    DEFB    $C0                      ; directory-reserved blocks, bitmap, high byte -> 2
 112  FA7D 00           AL1:    DEFB    $00                      ; ditto, low byte
 113  FA7E 0C 00        CKS:    DEFW    $000C                    ; directory checksum bytes
 114  FA80 03 00        OFF:    DEFW    $0003                    ; reserved tracks before the file area
 115  FA82              ; ----------------------------------------------------------------------
 116  FA82              ; PROBE_DEVICES -- scan the SoftCard device/config area and mark presence.
 117  FA82              ;   In:  none (walks Apple $03B8.. via z80 $F3B8 = the SoftCard config block).
 118  FA82              ;   Out: config bytes updated in place; per-device init called when a device is found.
 119  FA82              ;   Clobbers: A,DE,HL.
 120  FA82              ;   Algorithm: for E = 7 down to 1, read config[$F3B8 + E].  If it equals 3 the slot
 121  FA82              ;     holds a recognized device, so call SLOT_IO_ADDR and store $03 then $15 into the
 122  FA82              ;     cell to flag it configured.  A secondary DEC A test (original value 4, e.g. a
 123  FA82              ;     Videx-class 80-col console) runs SET_SCREEN_BASE and claims the $C800 shared
 124  FA82              ;     expansion-ROM window via RPC_TRIGGER; a value-2 path repoints a vector via
 125  FA82              ;     PLOT_CHAR_RPC ($0DD0 param).  Same shape as the 2.20 twin's PROBE_DEVICES. [RE]
 126  FA82              ; ----------------------------------------------------------------------
 127  FA82              PROBE_DEVICES:
 128  FA82                      ; DE = 7 entries to scan (index walks down to 1)
 129  FA82 11 07 00             LD DE,$0007
 130  FA85              PROBE_DEVICES_LOOP:
 131  FA85                      ; z80 $F3B8 = Apple $03B8 = base of the SoftCard device config block
 132  FA85 21 B8 F3             LD HL,$F3B8
 133  FA88 19                   ADD HL,DE
 134  FA89 7E                   LD A,(HL)
 135  FA8A                      ; config value 3 = a recognized/present device in this slot
 136  FA8A D6 03                SUB $03
 137  FA8C 20 07                JR NZ,PROBE_DEVICES_CHK4
 138  FA8E                      ; build the slot I/O base for the found device (SLOT_IO_ADDR)
 139  FA8E CD 81 FE             CALL SLOT_IO_ADDR
 140  FA91                      ; rewrite the cell: $03 then $15 = mark this device configured
 141  FA91 36 03                LD (HL),$03
 142  FA93 36 15                LD (HL),$15
 143  FA95              PROBE_DEVICES_CHK4:
 144  FA95                      ; after the SUB, A==1 means the original value was 4 (Videx-class 80-col console)
 145  FA95 3D                   DEC A
 146  FA96 20 0B                JR NZ,PROBE_DEVICES_CHK2
 147  FA98                      ; console probe / select the 80-col screen base (SET_SCREEN_BASE)
 148  FA98 CD 83 FD             CALL SET_SCREEN_BASE
 149  FA9B                      ; z80 $C800 = Apple $C800 shared expansion-ROM window for the configured card
 150  FA9B 21 00 C8             LD HL,$C800
 151  FA9E CD 45 FB             CALL RPC_TRIGGER
 152  FAA1 18 0A                JR PROBE_DEVICES_NEXT
 153  FAA3              PROBE_DEVICES_CHK2:
 154  FAA3                      ; value 2 = a different device class (e.g. printer/serial); takes the PLOT_CHAR_RPC path
 155  FAA3 FE 02                CP $02
 156  FAA5 20 06                JR NZ,PROBE_DEVICES_NEXT
 157  FAA7                      ; param for the value-2 vector init ($0DD0)
 158  FAA7 21 D0 0D             LD HL,$0DD0
 159  FAAA CD B0 FD             CALL PLOT_CHAR_RPC
 160  FAAD              PROBE_DEVICES_NEXT:
 161  FAAD                      ; next config entry; loop until all 7 scanned
 162  FAAD 1D                   DEC E
 163  FAAE 20 D5                JR NZ,PROBE_DEVICES_LOOP
 164  FAB0 C9                   RET
 165  FAB1              ; ----------------------------------------------------------------------
 166  FAB1              ; DEVICE_IO_BASE -- form a SoftCard I/O / soft-switch address from a device/offset index.
 167  FAB1              ;   In:  E = low offset within the I/O page.
 168  FAB1              ;   Out: HL = ((E | $E0) << 8), an address in z80 $E000-$EFFF = Apple I/O $C000-$CFFF;
 169  FAB1              ;        A clobbered.
 170  FAB1              ;   Algorithm: H = $E0 base; A = E OR H forces the high nibble into the $C0xx I/O
 171  FAB1              ;        page, then H = A.  Used to reach keyboard / soft switches / slot I/O.
 172  FAB1              ;        Same as the 2.20 twin's DEVICE_IO_BASE (distinct from SLOT_IO_ADDR at $FE81). [RE]
 173  FAB1              ; ----------------------------------------------------------------------
 174  FAB1              DEVICE_IO_BASE:
 175  FAB1                      ; z80 $E000 = Apple $C000 = base of the soft-switch / slot I/O page
 176  FAB1 21 00 E0             LD HL,$E000
 177  FAB4 7B                   LD A,E
 178  FAB5                      ; force the high byte into the $C0xx I/O range
 179  FAB5 B4                   OR H
 180  FAB6 67                   LD H,A
 181  FAB7 C9                   RET
 182  FAB8              ; ----------------------------------------------------------------------
 183  FAB8              ; WBOOT -- CP/M warm boot: re-init the console, rebuild page zero, re-enter the CCP.
 184  FAB8              ;   In:  none.  Out: jumps to the CCP at $9300; does not return.  Clobbers: all.
 185  FAB8              ;   Algorithm: set SP to the default DMA top ($0080); touch the 80-col soft switch
 186  FAB8              ;     (z80 $E051 = Apple $C051 TXTSET); re-init the console via RPC_TRIGGER; re-run
 187  FAB8              ;     PROBE_DEVICES.  If the CCP image signature at $9C08 is intact ($9C) it falls
 188  FAB8              ;     into PAGEZERO_REBUILD; otherwise it reloads the CCP/system via a page-zero JP.
 189  FAB8              ;   Note: 2.23 reloads through a self-built $000B jump and enters the CCP at $9300
 190  FAB8              ;     (the 2.20 twin used $9400). [RE]
 191  FAB8              ; ----------------------------------------------------------------------
 192  FAB8              WBOOT:
 193  FAB8                      ; stack at the default DMA buffer top (page-zero $0080)
 194  FAB8 31 80 00             LD SP,$0080
 195  FABB                      ; z80 $E051 = Apple $C051 TXTSET soft switch (console video reset)
 196  FABB 3A 51 E0             LD A,($E051)
 197  FABE 21 00 0E             LD HL,$0E00
 198  FAC1                      ; re-init the console I/O vectors (RPC_TRIGGER) for warm restart
 199  FAC1 CD 45 FB             CALL RPC_TRIGGER
 200  FAC4                      ; re-scan devices so warm boot rebuilds the I/O table
 201  FAC4 CD 82 FA             CALL PROBE_DEVICES
 202  FAC7                      ; read the CCP-image signature byte at $9C08
 203  FAC7 3A 08 9C             LD A,($9C08)
 204  FACA                      ; signature $9C present = CCP image intact, skip the reload
 205  FACA FE 9C                CP $9C
 206  FACC 28 11                JR Z,PAGEZERO_REBUILD
 207  FACE 21 59 FF             LD HL,SIGNON_PRINT
 208  FAD1 22 D0 F3             LD ($F3D0),HL
 209  FAD4 2A DE F3             LD HL,($F3DE)
 210  FAD7 3E 77                LD A,$77
 211  FAD9                      ; plant a $77 byte at page-zero $000B to bridge into the reload path
 212  FAD9 32 0B 00             LD ($000B),A
 213  FADC                      ; jump into the self-built page-zero reload bridge
 214  FADC C3 0B 00             JP $000B
 215  FADF              ; ----------------------------------------------------------------------
 216  FADF              ; PAGEZERO_REBUILD -- clear the CCP-restart flag, then write the page-zero hooks.
 217  FADF              ;   In:  none.  Out: falls into CCP_LAUNCH; no return.  Clobbers: A,HL,BC.
 218  FADF              ;   Algorithm: zero the CCP restart flag at $9307, then (PAGEZERO_REBUILD_HOOKS)
 219  FADF              ;     plant JP ($C3) at $0000 -> the BIOS WBOOT entry (BIOS_VECTOR+3, BIOS_VECTOR_WBOOT) and
 220  FADF              ;     JP at $0005 -> the BDOS entry $9C06; clear two self-modified BIOS state cells
 221  FADF              ;     ($FEDD/$FED8); set the default DMA to $0080 via SETDMA. [RE]
 222  FADF              ; ----------------------------------------------------------------------
 223  FADF              PAGEZERO_REBUILD:
 224  FADF AF                   XOR A
 225  FAE0                      ; clear the CCP restart/cold flag at $9307
 226  FAE0 32 07 93             LD ($9307),A
 227  FAE3              PAGEZERO_REBUILD_HOOKS:
 228  FAE3 AF                   XOR A
 229  FAE4                      ; clear a self-modified BIOS state cell ($FEDD)
 230  FAE4 32 DD FE             LD (BOOT_TMPL_IOBYTE),A
 231  FAE7                      ; clear a self-modified BIOS state cell ($FED8)
 232  FAE7 32 D8 FE             LD (DISK_HSTACT),A
 233  FAEA                      ; $C3 = Z-80 JP opcode to plant at the page-zero hooks
 234  FAEA 3E C3                LD A,$C3
 235  FAEC                      ; page-zero $0000 = JP to WBOOT (CP/M warm-boot hook)
 236  FAEC 32 00 00             LD ($0000),A
 237  FAEF                      ; operand of the $0000 JP = BIOS vector+3 (WBOOT entry)
 238  FAEF 21 03 FA             LD HL,BIOS_VECTOR_WBOOT
 239  FAF2 22 01 00             LD ($0001),HL
 240  FAF5                      ; page-zero $0005 = JP to BDOS (the CP/M BDOS call hook)
 241  FAF5 32 05 00             LD ($0005),A
 242  FAF8                      ; BDOS entry point ($9C06) for the $0005 hook
 243  FAF8 21 06 9C             LD HL,$9C06
 244  FAFB 22 06 00             LD ($0006),HL
 245  FAFE                      ; default DMA address = $0080 (page-zero buffer)
 246  FAFE 01 80 00             LD BC,$0080
 247  FB01                      ; install the default DMA pointer (SETDMA)
 248  FB01 CD F9 FB             CALL SETDMA
 249  FB04              ; ----------------------------------------------------------------------
 250  FB04              ; CCP_LAUNCH -- final warm/cold-boot tail: set the CCP entry flag, jump to the CCP.
 251  FB04              ;   In:  none.  Out: JP $9300 (CCP cold/warm entry); no return.  Clobbers: A,C.
 252  FB04              ;   Algorithm: store a CCP-mode flag ($01) into $974E, pass the current default
 253  FB04              ;     drive (page-zero $0004) in C, and jump to the CCP at $9300. [RE]
 254  FB04              ; ----------------------------------------------------------------------
 255  FB04              CCP_LAUNCH:
 256  FB04                      ; CCP-mode flag value
 257  FB04 3E 01                LD A,$01
 258  FB06                      ; store the CCP entry/mode flag into CCP workspace at $974E
 259  FB06 32 4E 97             LD ($974E),A
 260  FB09                      ; page-zero $0004 = current default drive byte
 261  FB09 3A 04 00             LD A,($0004)
 262  FB0C 4F                   LD C,A
 263  FB0D                      ; enter the CCP at $9300, C = default drive (2.20 used $9400)
 264  FB0D C3 00 93             JP $9300
 265  FB10              ; ----------------------------------------------------------------------
 266  FB10              ; CONST -- CP/M console status: return $FF if a console char is ready, else $00.
 267  FB10              ;   In:  none.  Out: A = $FF (ready) / $00 (not).  Clobbers: A,HL.
 268  FB10              ;   Algorithm: load the console-status handler address from the SoftCard I/O vector
 269  FB10              ;     cell (z80 $F380 = Apple $0380) and JP (HL) to the 6502-serviced handler, which
 270  FB10              ;     returns the status in A.  Same as the 2.20 twin's CONST. [RE]
 271  FB10              ; ----------------------------------------------------------------------
 272  FB10              CONST:
 273  FB10                      ; z80 $F380 = Apple $0380 = console-status handler vector cell
 274  FB10 2A 80 F3             LD HL,($F380)
 275  FB13                      ; dispatch to the selected console-status handler (returns A)
 276  FB13 E9                   JP (HL)
 277  FB14              ; ----------------------------------------------------------------------
 278  FB14              ; KBD_STATUS_40COL -- 40-column console status via the Apple keyboard strobe.
 279  FB14              ;   In:  none.  Out: A = $FF if a key is waiting (bit 7 set at $C000), else $00.
 280  FB14              ;   Clobbers: A.
 281  FB14              ;   Algorithm: read z80 $E000 = Apple $C000 keyboard register; RLA shifts bit 7
 282  FB14              ;     (key-ready) into carry; SBC A,A expands carry to $FF/$00.  The built-in 40-col
 283  FB14              ;     CONST path used when no Videx/80-col card supplies the status vector. [RE]
 284  FB14              ; ----------------------------------------------------------------------
 285  FB14              KBD_STATUS_40COL:
 286  FB14                      ; z80 $E000 = Apple $C000 keyboard register (bit 7 = key ready)
 287  FB14 3A 00 E0             LD A,($E000)
 288  FB17                      ; rotate key-ready bit 7 into carry
 289  FB17 17                   RLA
 290  FB18                      ; carry -> A = $FF (ready) or $00 (none)
 291  FB18 9F                   SBC A,A
 292  FB19 C9                   RET
 293  FB1A              ; ----------------------------------------------------------------------
 294  FB1A              ; CONIN -- read a console character: IOBYTE-route the input, then remap the key.
 295  FB1A              ;   In:  none.  Out: A = (translated) key.  Clobbers: A,B,C,DE,HL.
 296  FB1A              ;   Algorithm: CALL CONIN_DISPATCH to fetch a raw key (routed by the IOBYTE CONSOLE
 297  FB1A              ;     field); clear the high bit; then scan a small remap table at Apple $03AB
 298  FB1A              ;     (z80 $F3AB) of up to 6 entries (function/arrow keys), returning the paired
 299  FB1A              ;     replacement byte on a match, else the raw key.
 300  FB1A              ;   Note: 2.23's CONIN jump-vector entry runs this remap wrapper; the 2.20 twin's
 301  FB1A              ;     equivalent is CONSOLE_IN_40COL.  Differs from a bare dispatcher. [RE]
 302  FB1A              ; ----------------------------------------------------------------------
 303  FB1A              CONIN:
 304  FB1A                      ; fetch a raw key in A via the IOBYTE-routed CONIN dispatcher
 305  FB1A CD 5A FB             CALL CONIN_DISPATCH_IOBYTE
 306  FB1D                      ; strip the high bit (7-bit ASCII)
 307  FB1D E6 7F                AND $7F
 308  FB1F                      ; HL = key-remap table base (z80 $F3AB = Apple $03AB; first entry pair at $03AC)
 309  FB1F 21 AB F3             LD HL,$F3AB
 310  FB22                      ; up to 6 remap-table entries
 311  FB22 06 06                LD B,$06
 312  FB24                      ; C = raw key
 313  FB24 4F                   LD C,A
 314  FB25              ; ----------------------------------------------------------------------
 315  FB25              ; CONIN_XLATE_LOOP -- scan the function/arrow-key remap table.
 316  FB25              ;   In:  C = raw key; B = entry count; HL -> table base.
 317  FB25              ;   Out: A = translated key on match (returns), else loops; A = C on table end.
 318  FB25              ;   Algorithm: each entry = [match byte, replacement byte]; a high-bit sentinel
 319  FB25              ;     match byte ends the table. [RE]
 320  FB25              ; ----------------------------------------------------------------------
 321  FB25              CONIN_XLATE_LOOP:
 322  FB25 23                   INC HL
 323  FB26                      ; entry's match byte
 324  FB26 7E                   LD A,(HL)
 325  FB27 23                   INC HL
 326  FB28 B7                   OR A
 327  FB29                      ; high-bit sentinel ends the table
 328  FB29 FA 31 FB             JP M,CONIN_XLATE_DONE
 329  FB2C                      ; raw key == this entry?
 330  FB2C B9                   CP C
 331  FB2D                      ; paired replacement byte
 332  FB2D 7E                   LD A,(HL)
 333  FB2E                      ; match -> return the translated key
 334  FB2E C8                   RET Z
 335  FB2F 10 F4                DJNZ CONIN_XLATE_LOOP
 336  FB31              ; ----------------------------------------------------------------------
 337  FB31              ; CONIN_XLATE_DONE -- no remap match: return the raw key in A. [RE]
 338  FB31              ; ----------------------------------------------------------------------
 339  FB31              CONIN_XLATE_DONE:
 340  FB31                      ; no match -> return the raw key
 341  FB31 79                   LD A,C
 342  FB32 C9                   RET
 343  FB33              ; ----------------------------------------------------------------------
 344  FB33              ; CONIN_KEYWAIT -- seed the keyboard-wait dispatch index, then wait for a key.
 345  FB33              ;   In:  none.  Out: A = 7-bit key (via KBD_WAIT_KEY).  Clobbers: A,DE.
 346  FB33              ;   Algorithm: load DE = 3 (the default console index), then JP through the
 347  FB33              ;     self-modified CONIN_DISPATCH cell; at boot that target is patched to the
 348  FB33              ;     selected keyboard-wait handler (default KBD_WAIT_KEY). [RE]
 349  FB33              ; ----------------------------------------------------------------------
 350  FB33              CONIN_KEYWAIT:
 351  FB33                      ; DE = 3 = default console-device index
 352  FB33 11 03 00             LD DE,$0003
 353  FB36              ; ----------------------------------------------------------------------
 354  FB36              ; CONIN_DISPATCH -- self-modified keyboard-wait vector.
 355  FB36              ;   The JP target ($FB39 / KBD_WAIT_KEY by default) is patched at boot per the
 356  FB36              ;   selected console card.  Referenced as CONIN_DISPATCH+1 by the patch site. [RE]
 357  FB36              ; ----------------------------------------------------------------------
 358  FB36              CONIN_DISPATCH:
 359  FB36                      ; target (CONIN_DISPATCH+1) patched at boot to the chosen keyboard-wait handler
 360  FB36 C3 39 FB             JP KBD_WAIT_KEY
 361  FB39              ; ----------------------------------------------------------------------
 362  FB39              ; KBD_WAIT_KEY -- spin on the Apple keyboard register until a key is down.
 363  FB39              ;   In:  none.  Out: A = 7-bit key (high bit cleared).  Clobbers: A.
 364  FB39              ;   Algorithm: poll z80 $E000 = Apple $C000; RLA puts key-ready (bit 7) into carry,
 365  FB39              ;     spin while clear; on a key, clear the strobe at $E010 = Apple $C010 and return
 366  FB39              ;     the 7-bit key (CCF/RRA). [RE]
 367  FB39              ; ----------------------------------------------------------------------
 368  FB39              KBD_WAIT_KEY:
 369  FB39                      ; poll z80 $E000 = Apple $C000 keyboard register
 370  FB39 3A 00 E0             LD A,($E000)
 371  FB3C                      ; key-ready (bit 7) -> carry
 372  FB3C 17                   RLA
 373  FB3D                      ; spin until a key is down
 374  FB3D 30 FA                JR NC,KBD_WAIT_KEY
 375  FB3F                      ; clear the keyboard strobe (z80 $E010 = Apple $C010)
 376  FB3F 32 10 E0             LD ($E010),A
 377  FB42 3F                   CCF
 378  FB43                      ; A = 7-bit key
 379  FB43 1F                   RRA
 380  FB44 C9                   RET
 381  FB45              ; ----------------------------------------------------------------------
 382  FB45              ; RPC_TRIGGER -- fire a SoftCard 6502<->Z80 RPC.
 383  FB45              ;   In:  HL = command/params; A = trigger value.  Out: per the 6502 service routine.
 384  FB45              ;   Algorithm: stash HL to the command mailbox (z80 $F3D0 = Apple $03D0), then poke
 385  FB45              ;     the trigger cell.  The trigger store-address ($0000 here) is self-modified per
 386  FB45              ;     config at boot, so the store site is RPC_TRIGGER_STORE+1. [RE]
 387  FB45              ; ----------------------------------------------------------------------
 388  FB45              RPC_TRIGGER:
 389  FB45                      ; z80 $F3D0 = Apple $03D0 = RPC command/params mailbox
 390  FB45 22 D0 F3             LD ($F3D0),HL
 391  FB48              RPC_TRIGGER_STORE:
 392  FB48 32 00 00             LD ($0000),A
 393  FB4B C9                   RET
 394  FB4C              ; ----------------------------------------------------------------------
 395  FB4C              ; CONOUT_DISPATCH -- emit a console character, routed by the CP/M IOBYTE.
 396  FB4C              ;   In:  A = character (the BIOS CONOUT arg).  The jump-vector CONOUT entry targets
 397  FB4C              ;        CONOUT_DISPATCH+1 ($FB4D), skipping the leading LD C,A; the fall-through
 398  FB4C              ;        entry here (from the dispatcher) keeps it.
 399  FB4C              ;   Out: none.  Clobbers: A,C,HL.
 400  FB4C              ;   Algorithm: read IOBYTE ($0003), mask the 2-bit CONSOLE field (AND $03).  Field
 401  FB4C              ;     value 2 dispatches through the SoftCard I/O vector at $F392 (Apple $0392) with
 402  FB4C              ;     JP (HL); otherwise fall into the column/tab filter. [RE]
 403  FB4C              ; ----------------------------------------------------------------------
 404  FB4C              CONOUT_DISPATCH:
 405  FB4C                      ; save the character to emit in C for the filter path (skipped by the +1 entry)
 406  FB4C 4F                   LD C,A
 407  FB4D                      ; read the CP/M IOBYTE (page-zero $0003)
 408  FB4D 3A 03 00             LD A,($0003)
 409  FB50                      ; isolate the 2-bit CONSOLE device field of the IOBYTE
 410  FB50 E6 03                AND $03
 411  FB52                      ; device value 2 = direct console; anything else takes the filter path
 412  FB52 FE 02                CP $02
 413  FB54 20 4B                JR NZ,CONOUT_FILTER_NOEXPAND
 414  FB56              CONOUT_VIA_VEC_F392:
 415  FB56                      ; load console-output handler addr from SoftCard I/O vector ($F392 = Apple $0392)
 416  FB56 2A 92 F3             LD HL,($F392)
 417  FB59 E9                   JP (HL)
 418  FB5A              ; ----------------------------------------------------------------------
 419  FB5A              ; CONIN_DISPATCH_IOBYTE -- read a console character, routed by the IOBYTE CONSOLE field.
 420  FB5A              ;   In:  none.  Out: A = character.  Clobbers: A,HL.
 421  FB5A              ;   Algorithm: read IOBYTE, mask the CONSOLE field (AND $03).  Value 2 uses vector
 422  FB5A              ;     $F38A; the high value ($02<x) uses the preloaded $F384; low values use $F382;
 423  FB5A              ;     then JP (HL) into the chosen handler.  ($F38x = Apple $038x I/O vector.)
 424  FB5A              ;     Called by CONIN (the remap wrapper) and reused by READER. [RE]
 425  FB5A              ; ----------------------------------------------------------------------
 426  FB5A              CONIN_DISPATCH_IOBYTE:
 427  FB5A                      ; read the CP/M IOBYTE
 428  FB5A 3A 03 00             LD A,($0003)
 429  FB5D                      ; isolate the 2-bit CONSOLE device field
 430  FB5D E6 03                AND $03
 431  FB5F FE 02                CP $02
 432  FB61                      ; preload the input vector for the high CONSOLE value ($F384 = Apple $0384)
 433  FB61 2A 84 F3             LD HL,($F384)
 434  FB64 28 06                JR Z,CONIN_VIA_VEC_F38A
 435  FB66 30 07                JR NC,DISPATCH_VIA_HL
 436  FB68              CONIN_VIA_VEC_F382:
 437  FB68                      ; input vector for the low CONSOLE values ($F382 = Apple $0382)
 438  FB68 2A 82 F3             LD HL,($F382)
 439  FB6B E9                   JP (HL)
 440  FB6C              CONIN_VIA_VEC_F38A:
 441  FB6C                      ; input vector for CONSOLE value 2 ($F38A = Apple $038A)
 442  FB6C 2A 8A F3             LD HL,($F38A)
 443  FB6F              DISPATCH_VIA_HL:
 444  FB6F E9                   JP (HL)
 445  FB70              ; ----------------------------------------------------------------------
 446  FB70              ; LIST -- emit a character to the list device, routed by the IOBYTE LIST field.
 447  FB70              ;   In:  C = character.  Out: none.  Clobbers: A,HL.
 448  FB70              ;   Algorithm: read IOBYTE, mask the top 2-bit LIST field (AND $C0).  Below $80
 449  FB70              ;     routes to the column/tab filter; == $80 reuses the console vector path
 450  FB70              ;     (CONOUT_VIA_VEC_F392); higher values dispatch through list vector $F394
 451  FB70              ;     (Apple $0394). [RE]
 452  FB70              ; ----------------------------------------------------------------------
 453  FB70              LIST:
 454  FB70 3A 03 00             LD A,($0003)
 455  FB73                      ; isolate the 2-bit LIST device field (top bits of the IOBYTE)
 456  FB73 E6 C0                AND $C0
 457  FB75 FE 80                CP $80
 458  FB77                      ; field < $80 -> no-device / filter path
 459  FB77 38 27                JR C,DISPATCH_NODEV
 460  FB79                      ; field == $80 -> reuse the console output vector path
 461  FB79 28 DB                JR Z,CONOUT_VIA_VEC_F392
 462  FB7B                      ; list-handler vector ($F394 = Apple $0394)
 463  FB7B 2A 94 F3             LD HL,($F394)
 464  FB7E E9                   JP (HL)
 465  FB7F              ; ----------------------------------------------------------------------
 466  FB7F              ; PUNCH -- emit a character to the punch device, routed by the IOBYTE PUNCH field.
 467  FB7F              ;   In:  C = character.  Out: none.  Clobbers: A,HL.
 468  FB7F              ;   Algorithm: read IOBYTE, mask the PUNCH field (AND $30).  Below $10 takes the
 469  FB7F              ;     column/tab filter; == $10 dispatches through vector $F38E; higher values use
 470  FB7F              ;     vector $F390.  ($F38E/$F390 = Apple $038E/$0390.) [RE]
 471  FB7F              ; ----------------------------------------------------------------------
 472  FB7F              PUNCH:
 473  FB7F 3A 03 00             LD A,($0003)
 474  FB82                      ; isolate the 2-bit PUNCH device field of the IOBYTE
 475  FB82 E6 30                AND $30
 476  FB84 FE 10                CP $10
 477  FB86                      ; field < $10 -> no-device / filter path
 478  FB86 38 18                JR C,DISPATCH_NODEV
 479  FB88                      ; punch vector for the higher PUNCH values ($F38E = Apple $038E)
 480  FB88 2A 8E F3             LD HL,($F38E)
 481  FB8B                      ; field == $10 -> use the $F390 vector below
 482  FB8B 28 E2                JR Z,DISPATCH_VIA_HL
 483  FB8D                      ; punch vector for PUNCH value $10 ($F390 = Apple $0390)
 484  FB8D 2A 90 F3             LD HL,($F390)
 485  FB90 E9                   JP (HL)
 486  FB91              ; ----------------------------------------------------------------------
 487  FB91              ; READER -- read a character from the reader device, routed by the IOBYTE READER field.
 488  FB91              ;   In:  none.  Out: A = character.  Clobbers: A,HL.
 489  FB91              ;   Algorithm: read IOBYTE, mask the READER field (AND $0C), compare against $08. Field
 490  FB91              ;     < $08 ($00/$04) reuses the CONIN $F382 vector; == $08 reuses the CONIN $F38A vector;
 491  FB91              ;     > $08 ($0C) uses the reader vector $F38C (Apple $038C). [RE]
 492  FB91              ; ----------------------------------------------------------------------
 493  FB91              READER:
 494  FB91 3A 03 00             LD A,($0003)
 495  FB94                      ; isolate the 2-bit READER device field of the IOBYTE
 496  FB94 E6 0C                AND $0C
 497  FB96 FE 08                CP $08
 498  FB98                      ; field < $08 ($00/$04) -> reuse the CONIN $F382 vector path
 499  FB98 38 CE                JR C,CONIN_VIA_VEC_F382
 500  FB9A                      ; field == $08 -> reuse the CONIN $F38A vector path
 501  FB9A 28 D0                JR Z,CONIN_VIA_VEC_F38A
 502  FB9C                      ; reader-handler vector ($F38C = Apple $038C)
 503  FB9C 2A 8C F3             LD HL,($F38C)
 504  FB9F E9                   JP (HL)
 505  FBA0              ; ----------------------------------------------------------------------
 506  FBA0              ; DISPATCH_NODEV -- IOBYTE field selects no physical device: fall into the filter.
 507  FBA0              ;   In:  carry set by the caller (no-device).  Out: enters CONOUT_FILTER_NOEXPAND
 508  FBA0              ;        with the carry folded into the COL_FLAG byte.  Clobbers: A,HL.
 509  FBA0              ;   Algorithm: SCF then (CONOUT_FILTER_NOEXPAND) SBC A,A turns carry into a 0/$FF
 510  FBA0              ;     flag stored in COL_FLAG ($FECB); clear bit 7 of the char in C; if the pending-
 511  FBA0              ;     column counter ($FECC) is nonzero, apply a config-driven column offset, else
 512  FBA0              ;     fall through to the tab/control expansion (SETDMA_1). [RE]
 513  FBA0              ; ----------------------------------------------------------------------
 514  FBA0              DISPATCH_NODEV:
 515  FBA0                      ; carry-set entry: mark the expand flag before SBC A,A turns it into $FF
 516  FBA0 37                   SCF
 517  FBA1              CONOUT_FILTER_NOEXPAND:
 518  FBA1                      ; convert carry into a 0/$FF flag byte for COL_FLAG
 519  FBA1 9F                   SBC A,A
 520  FBA2 21 A2 F3             LD HL,$F3A2
 521  FBA5 6E                   LD L,(HL)
 522  FBA6 2C                   INC L
 523  FBA7 CA A4 FC             JP Z,SCREEN_EMIT
 524  FBAA                      ; HL -> COL_FLAG cell ($FECB)
 525  FBAA 21 CB FE             LD HL,COL_FLAG
 526  FBAD                      ; store the entry flag into COL_FLAG
 527  FBAD 77                   LD (HL),A
 528  FBAE                      ; strip the high bit of the character (7-bit ASCII)
 529  FBAE CB B9                RES 7,C
 530  FBB0 23                   INC HL
 531  FBB1                      ; load COL_PENDING (pending column-skip / fill count, $FECC)
 532  FBB1 7E                   LD A,(HL)
 533  FBB2 B7                   OR A
 534  FBB3                      ; no pending column work -> run tab/control expansion
 535  FBB3 CA 56 FC             JP Z,SETDMA_1
 536  FBB6                      ; consume one pending column step
 537  FBB6 35                   DEC (HL)
 538  FBB7                      ; read screen-width / left-margin config byte ($F396 = Apple $0396)
 539  FBB7 3A 96 F3             LD A,($F396)
 540  FBBA                      ; HL -> the column cell in the $FE85 deblock/screen-state band ($FED4)
 541  FBBA 21 D4 FE             LD HL,BOOT_TMPL_XORA
 542  FBBD                      ; config byte zero -> derive the offset from the running width
 543  FBBD 28 0C                JR Z,COL_OFFSET_FROM_WIDTH
 544  FBBF B7                   OR A
 545  FBC0 F2 C6 FB             JP P,COL_APPLY_OFFSET_RAW
 546  FBC3 2B                   DEC HL
 547  FBC4              ; ----------------------------------------------------------------------
 548  FBC4              ; COL_APPLY_OFFSET -- apply a signed config offset to the running column position.
 549  FBC4              ;   In:  A = config byte (sign bit = direction); C = current column; HL -> column cell.
 550  FBC4              ;   Out: (HL) = C - offset.  Clobbers: A,E.
 551  FBC4              ;   Algorithm: AND $7F drops the sign bit to the magnitude, subtract it from the
 552  FBC4              ;     current column in C, store the new column.  Reached when the config byte's sign
 553  FBC4              ;     indicates a subtractive column adjust. [RE]
 554  FBC4              ; ----------------------------------------------------------------------
 555  FBC4              COL_APPLY_OFFSET:
 556  FBC4                      ; drop the sign bit to get the offset magnitude
 557  FBC4 E6 7F                AND $7F
 558  FBC6              COL_APPLY_OFFSET_RAW:
 559  FBC6 5F                   LD E,A
 560  FBC7 79                   LD A,C
 561  FBC8                      ; new column = current column (C) minus the offset
 562  FBC8 93                   SUB E
 563  FBC9                      ; store the updated column position
 564  FBC9 77                   LD (HL),A
 565  FBCA C9                   RET
 566  FBCB              ; ----------------------------------------------------------------------
 567  FBCB              ; COL_OFFSET_FROM_WIDTH -- derive the column offset from the running screen width.
 568  FBCB              ;   In:  C = current column; the BOOT-overlaid base word at (BOOT+2).
 569  FBCB              ;   Out: updates the column and emits via SCREEN_EMIT; combines a base address with
 570  FBCB              ;        the offset.  Clobbers: A,B,C,DE,HL.
 571  FBCB              ;   Algorithm: pick the column cell by the config sign, CALL COL_APPLY_OFFSET, then
 572  FBCB              ;     load the base word (BOOT+2 = the cold-boot operand reused as deblock
 573  FBCB              ;     scratch), fold in config $F3A1, and ADD to form the screen address before
 574  FBCB              ;     emitting (SCREEN_EMIT). [RE]
 575  FBCB              ; ----------------------------------------------------------------------
 576  FBCB              COL_OFFSET_FROM_WIDTH:
 577  FBCB B7                   OR A
 578  FBCC                      ; config sign negative -> keep the higher column cell
 579  FBCC FA D0 FB             JP M,COL_OFFSET_FROM_WIDTH_1
 580  FBCF 2B                   DEC HL
 581  FBD0              COL_OFFSET_FROM_WIDTH_1:
 582  FBD0                      ; apply the signed column offset (COL_APPLY_OFFSET)
 583  FBD0 CD C4 FB             CALL COL_APPLY_OFFSET
 584  FBD3                      ; base word = the BOOT-overlaid deblock scratch ($FED3)
 585  FBD3 2A D3 FE             LD HL,(BOOT+2)
 586  FBD6                      ; config byte $F3A1 = Apple $03A1 (screen-base modifier)
 587  FBD6 3A A1 F3             LD A,($F3A1)
 588  FBD9 B7                   OR A
 589  FBDA                      ; config positive -> use HL as-is, skip the byte swap
 590  FBDA F2 E2 FB             JP P,COL_COMBINE_BASE
 591  FBDD                      ; negative: drop the sign bit, then swap H<->L below
 592  FBDD E6 7F                AND $7F
 593  FBDF 5D                   LD E,L
 594  FBE0 6C                   LD L,H
 595  FBE1 63                   LD H,E
 596  FBE2              ; ----------------------------------------------------------------------
 597  FBE2              ; COL_COMBINE_BASE -- fold the config offset into the base address, emit the char.
 598  FBE2              ;   In:  A = config offset; HL = base word; C will receive the high result.
 599  FBE2              ;   Out: pushes the low result, emits via SCREEN_EMIT with B=7, then re-enters the
 600  FBE2              ;        emit path with B=$0A.  Clobbers: A,B,C,DE,HL.
 601  FBE2              ;   Algorithm: C = offset + H; A = offset + L; CALL SCREEN_EMIT (B=7), then fall into
 602  FBE2              ;     CONOUT_EMIT_B with B=$0A. [RE]
 603  FBE2              ; ----------------------------------------------------------------------
 604  FBE2              COL_COMBINE_BASE:
 605  FBE2 5F                   LD E,A
 606  FBE3                      ; C = config offset + base high byte
 607  FBE3 84                   ADD A,H
 608  FBE4 4F                   LD C,A
 609  FBE5 7B                   LD A,E
 610  FBE6                      ; A = config offset + base low byte
 611  FBE6 85                   ADD A,L
 612  FBE7 F5                   PUSH AF
 613  FBE8                      ; mode/count code 7 for the screen emit
 614  FBE8 06 07                LD B,$07
 615  FBEA                      ; emit via the screen handler (SCREEN_EMIT)
 616  FBEA CD A4 FC             CALL SCREEN_EMIT
 617  FBED F1                   POP AF
 618  FBEE                      ; mode/count code $0A for the follow-up emit
 619  FBEE 06 0A                LD B,$0A
 620  FBF0              CHAR_C_TO_SCREEN:
 621  FBF0 4F                   LD C,A
 622  FBF1 C3 A4 FC             JP SCREEN_EMIT
 623  FBF4              ; ----------------------------------------------------------------------
 624  FBF4              ; SETSEC -- BIOS jump-vector entry 11 ($FA24 -> $FBF4): set the requested sector.
 625  FBF4              ;   In:  C = sector number. Out: none. Clobbers: A.
 626  FBF4              ;   Algorithm: store C into the sector cell BOOT+1 ($FED2 = the cold-boot LD SP operand
 627  FBF4              ;        low byte, reused post-boot as the requested-sector cell). The off-image RWTS
 628  FBF4              ;        ($AC39/$AC49) is the consumer; this image only WRITES it. Mirrors 2.20 SETSEC.
 629  FBF4              ;        [RE, transferred from 2.20; the off-image consumer is not in this image]
 630  FBF4              ; ----------------------------------------------------------------------
 631  FBF4              SETSEC:
 632  FBF4 79                   LD A,C
 633  FBF5                      ; store the requested sector into BOOT+1 (reused as the seksec cell)
 634  FBF5 32 D2 FE             LD (BOOT+1),A
 635  FBF8 C9                   RET
 636  FBF9              ; ----------------------------------------------------------------------
 637  FBF9              ; SETDMA -- BIOS jump-vector entry 12 ($FA27 -> $FBF9): set the DMA address.
 638  FBF9              ;   In:  BC = DMA buffer address (the 128-byte CP/M record source/destination).
 639  FBF9              ;   Out: none. Clobbers: none.
 640  FBF9              ;   Algorithm: store BC into the dmaadr cell (SECTOR_BLOCK_PATCH+2 = $FEE1, the
 641  FBF9              ;        operand region of the install-template 'LD ($0003),A'). The OFF-IMAGE
 642  FBF9              ;        deblock copy uses dmaadr as the host<->record transfer endpoint. The 2.20
 643  FBF9              ;        deblock did the LDIR itself; in 2.23 the value is read off-image. [RE]
 644  FBF9              ; ----------------------------------------------------------------------
 645  FBF9              SETDMA:
 646  FBF9                      ; store BC into dmaadr ($FEE1, overlaid on the install-template LD ($0003),A operand)
 647  FBF9 ED 43 E1 FE          LD (DISK_DMAADR+2),BC
 648  FBFD C9                   RET
 649  FBFE 00 00 00...          DEFS    88, $00                  ; fill
 650  FC56              SETDMA_1:
 651  FC56 47                   LD B,A
 652  FC57 21 CD FE             LD HL,COL_STATE
 653  FC5A 7E                   LD A,(HL)
 654  FC5B 5F                   LD E,A
 655  FC5C B7                   OR A
 656  FC5D 20 12                JR NZ,SETDMA_3
 657  FC5F 3A 97 F3             LD A,($F397)
 658  FC62 B7                   OR A
 659  FC63 28 06                JR Z,SETDMA_2
 660  FC65 B9                   CP C
 661  FC66 20 03                JR NZ,SETDMA_2
 662  FC68 36 80                LD (HL),$80
 663  FC6A C9                   RET
 664  FC6B              SETDMA_2:
 665  FC6B 3E 1F                LD A,$1F
 666  FC6D B9                   CP C
 667  FC6E DA A4 FC             JP C,SCREEN_EMIT
 668  FC71              SETDMA_3:
 669  FC71 21 A0 F3             LD HL,$F3A0
 670  FC74 06 09                LD B,$09
 671  FC76              SETDMA_4:
 672  FC76 7E                   LD A,(HL)
 673  FC77 B7                   OR A
 674  FC78 28 04                JR Z,SETDMA_5
 675  FC7A AB                   XOR E
 676  FC7B B9                   CP C
 677  FC7C 28 05                JR Z,SETDMA_6
 678  FC7E              SETDMA_5:
 679  FC7E 2B                   DEC HL
 680  FC7F 10 F5                DJNZ SETDMA_4
 681  FC81 18 21                JR SCREEN_EMIT
 682  FC83              SETDMA_6:
 683  FC83 11 0B 00             LD DE,$000B
 684  FC86 19                   ADD HL,DE
 685  FC87 7E                   LD A,(HL)
 686  FC88 B7                   OR A
 687  FC89 4F                   LD C,A
 688  FC8A F2 9A FC             JP P,SETDMA_7
 689  FC8D E6 7F                AND $7F
 690  FC8F 4F                   LD C,A
 691  FC90 C5                   PUSH BC
 692  FC91 3A A2 F3             LD A,($F3A2)
 693  FC94 06 07                LD B,$07
 694  FC96 CD F0 FB             CALL CHAR_C_TO_SCREEN
 695  FC99 C1                   POP BC
 696  FC9A              SETDMA_7:
 697  FC9A 78                   LD A,B
 698  FC9B FE 07                CP $07
 699  FC9D 20 05                JR NZ,SCREEN_EMIT
 700  FC9F 3E 02                LD A,$02
 701  FCA1 32 CC FE             LD (COL_PENDING),A
 702  FCA4              SCREEN_EMIT:
 703  FCA4 AF                   XOR A
 704  FCA5 32 CD FE             LD (COL_STATE),A
 705  FCA8 3A CB FE             LD A,(COL_FLAG)
 706  FCAB B7                   OR A
 707  FCAC 2A 88 F3             LD HL,($F388)
 708  FCAF 28 03                JR Z,SCREEN_EMIT_1
 709  FCB1 2A 86 F3             LD HL,($F386)
 710  FCB4              SCREEN_EMIT_1:
 711  FCB4 E9                   JP (HL)
 712  FCB5              SCREEN_EMIT_2:
 713  FCB5 11 03 00             LD DE,$0003
 714  FCB8              SCREEN_EMIT_3:
 715  FCB8 C3 BB FC             JP SCREEN_EMIT_4
 716  FCBB              SCREEN_EMIT_4:
 717  FCBB 2A CE FE             LD HL,(SCREEN_CURSOR_PTR)
 718  FCBE 3A D0 FE             LD A,(SCREEN_CHAR)
 719  FCC1 77                   LD (HL),A
 720  FCC2 CD E2 FC             CALL CTRL_CHAR_DISPATCH
 721  FCC5 2A 28 F0             LD HL,($F028)
 722  FCC8 3A 24 F0             LD A,($F024)
 723  FCCB 5F                   LD E,A
 724  FCCC 16 F0                LD D,$F0
 725  FCCE 19                   ADD HL,DE
 726  FCCF 22 CE FE             LD (SCREEN_CURSOR_PTR),HL
 727  FCD2 7E                   LD A,(HL)
 728  FCD3 32 D0 FE             LD (SCREEN_CHAR),A
 729  FCD6 FE E0                CP $E0
 730  FCD8 38 02                JR C,SCREEN_EMIT_5
 731  FCDA EE 20                XOR $20
 732  FCDC              SCREEN_EMIT_5:
 733  FCDC E6 3F                AND $3F
 734  FCDE F6 40                OR $40
 735  FCE0 77                   LD (HL),A
 736  FCE1 C9                   RET
 737  FCE2              CTRL_CHAR_DISPATCH:
 738  FCE2 78                   LD A,B
 739  FCE3 B7                   OR A
 740  FCE4 28 0B                JR Z,CTRL_PLAIN_CHAR
 741  FCE6 21 45 FB             LD HL,RPC_TRIGGER
 742  FCE9 E5                   PUSH HL
 743  FCEA 21 66 FD             LD HL,CTRL_HANDLER_OFFSET_TBL
 744  FCED 85                   ADD A,L
 745  FCEE 6F 6E E9             DEFB    $6F,$6E,$E9
 746  FCF1              CTRL_PLAIN_CHAR:
 747  FCF1 79 FE 0D 20          DEFB    $79,$FE,$0D,$20,$05
 747  FCF5 05
 748  FCF6 AF 32 24 F0          DEFB    $AF,$32,$24,$F0,$C9,$F6,$80 ; "/2$pIv"
 748  FCFA C9 F6 80
 749  FCFD FE E0 38 04          DEFB    $FE,$E0,$38,$04
 750  FD01 21 DD F3 AE          DEFB    $21,$DD,$F3,$AE,$32,$45,$F0,$21,$F0,$FD,$C3,$80 ; "!]s.2Ep!p}C"
 750  FD05 32 45 F0 21
 750  FD09 F0 FD C3 80
 751  FD0D FD CD 81 FE          DEFB    $FD,$CD,$81,$FE,$C6,$8F
 751  FD11 C6 8F
 752  FD13 CB 4E 28 FC          DEFB    $CB,$4E,$28,$FC,$21,$2F,$F0,$36,$60,$2B,$36,$C0,$2B,$77,$2B,$36 ; "KN(|!/p6`+6@+w+6"
 752  FD17 21 2F F0 36
 752  FD1B 60 2B 36 C0
 752  FD1F 2B 77 2B 36
 753  FD23 8D                   DEFB    $8D
 754  FD24 62 C3 7C FD          DEFB    $62,$C3,$7C,$FD,$3E,$FF,$01,$3E,$3F,$32,$32,$F0,$E1,$C9,$21,$F4
 754  FD28 3E FF 01 3E
 754  FD2C 3F 32 32 F0
 754  FD30 E1 C9 21 F4
 755  FD34 FB C9 AF 6F          DEFB    $FB,$C9,$AF,$6F,$67,$22,$24,$F0,$32,$45,$F0,$21,$C1,$FB,$C9,$2E
 755  FD38 67 22 24 F0
 755  FD3C 32 45 F0 21
 755  FD40 C1 FB C9 2E
 756  FD44 42 01 2E 9C          DEFB    $42,$01,$2E,$9C,$01,$2E,$1A,$01,$2E,$58,$26,$FC,$C9,$2A,$D3,$FE
 756  FD48 01 2E 1A 01
 756  FD4C 2E 58 26 FC
 756  FD50 C9 2A D3 FE
 757  FD54 7D FE 28 38          DEFB    $7D,$FE,$28,$38,$02,$2E,$00,$7C,$FE,$18,$38,$02,$26,$00,$22,$24
 757  FD58 02 2E 00 7C
 757  FD5C FE 18 38 02
 757  FD60 26 00 22 24
 758  FD64 F0 18                DEFB    $F0,$18
 759  FD66              CTRL_HANDLER_OFFSET_TBL:
 760  FD66 D5 4C 43 46          DEFB    $D5,$4C,$43,$46,$28,$2B,$36,$30,$49,$32,$51,$CD ; "ULCF(+60I2QM"
 760  FD6A 28 2B 36 30
 760  FD6E 49 32 51 CD
 761  FD72 83 FD 21 78          DEFB    $83,$FD,$21,$78,$F6,$19,$71,$21,$AA,$C9,$79,$32,$45,$F0,$C3,$45
 761  FD76 F6 19 71 21
 761  FD7A AA C9 79 32
 761  FD7E 45 F0 C3 45
 762  FD82 FB                   DEFB    $FB
 763  FD83              SET_SCREEN_BASE:
 764  FD83 CD 7C FE             CALL SLOT_IO_ADDR_W
 765  FD86 32 F8 F6             LD ($F6F8),A
 766  FD89 32 47 F0             LD ($F047),A
 767  FD8C 3A FF EF             LD A,($EFFF)
 768  FD8F CD B1 FA             CALL DEVICE_IO_BASE
 769  FD92 D6 20                SUB $20
 770  FD94 32 46 F0             LD ($F046),A
 771  FD97 7E                   LD A,(HL)
 772  FD98 C9                   RET
 773  FD99              SET_SCREEN_BASE_1:
 774  FD99 21 14 0E             LD HL,$0E14
 775  FD9C 1E 03                LD E,$03
 776  FD9E 3E 01                LD A,$01
 777  FDA0 CD AD FD             CALL SET_CURSOR_COL_AND_BASE
 778  FDA3 3A 48 F0             LD A,($F048)
 779  FDA6 1F                   RRA
 780  FDA7 9F                   SBC A,A
 781  FDA8 C9                   RET
 782  FDA9 21 E1 0D 79          DEFB    $21,$E1,$0D,$79
 783  FDAD              SET_CURSOR_COL_AND_BASE:
 784  FDAD 32 45 F0             LD ($F045),A
 785  FDB0              PLOT_CHAR_RPC:
 786  FDB0 7B                   LD A,E
 787  FDB1 32 47 F0             LD ($F047),A
 788  FDB4 C3 45 FB             JP RPC_TRIGGER
 789  FDB7              PLOT_CHAR_RPC_1:
 790  FDB7 21 06 0E             LD HL,$0E06
 791  FDBA CD B0 FD             CALL PLOT_CHAR_RPC
 792  FDBD 3A 45 F0             LD A,($F045)
 793  FDC0 C9                   RET
 794  FDC1              ; SCREEN_RPC_HELPER -- read back a screen byte via the RPC: position, fire the RPC, fetch.
 795  FDC1              SCREEN_RPC_HELPER:
 796  FDC1 CD 83 FD             CALL SET_SCREEN_BASE                    ; compute the screen base for the current row
 797  FDC4 21 4D C8             LD HL,$C84D                      ; 6502 RPC parameter (Apple expansion-ROM addr)
 798  FDC7 CD 45 FB             CALL RPC_TRIGGER                 ; run the embedded 6502 service on the 6502
 799  FDCA 21 78 F6             LD HL,$F678                      ; HL = row buffer base (Apple $0678)
 800  FDCD 19                   ADD HL,DE
 801  FDCE 7E                   LD A,(HL)                        ; read back the character
 802  FDCF C9                   RET
 803  FDD0              ; RPC6502_SERVICE_223 -- the embedded 6502 RPC service ($FDD0-$FE41 = Apple $0DD0); its
 804  FDD0              ; own ca65 source CPM_RPC6502_223.s is sub-assembled and INCBIN'd here (the 2.20
 805  FDD0              ; CPM_RPC6502 pattern). It forms a slot-ROM pointer ($CFFF disables expansion ROM),
 806  FDD0              ; LDA ($F6),Y, and JMP ($00F6) dispatches into the selected slot-ROM/firmware routine.
 807  FDD0              RPC6502_SERVICE_223:
 808  FDD0              ;   >>> CPM_RPC6502_223.s -- verbatim listing of the INCBIN'd source (regen: inject_incbin_listing) >>>
 809  FDD0              ;
 810  FDD0              ; .org $0DD0
 811  FDD0              ;
 812  FDD0              ; L_0DD0:
 813  FDD0              ;         PHA                          ; $0DD0  48
 814  FDD0              ;         JSR SUB_0E1D                 ; $0DD1  20 1D 0E
 815  FDD0              ;         LDY #$0D                     ; $0DD4  A0 0D
 816  FDD0              ; L_0DD6:
 817  FDD0              ;         LDA ($F6),Y                  ; $0DD6  B1 F6
 818  FDD0              ;         STA $F6                      ; $0DD8  85 F6
 819  FDD0              ;         LDY $06F8                    ; $0DDA  AC F8 06
 820  FDD0              ;         PLA                          ; $0DDD  68
 821  FDD0              ;         JMP ($00F6)                ; $0DDE  6C F6 00
 822  FDD0              ; L_0DE1:
 823  FDD0              ;         PHA                          ; $0DE1  48
 824  FDD0              ;         LDA #$00                     ; $0DE2  A9 00
 825  FDD0              ;         JSR SUB_0DEF                 ; $0DE4  20 EF 0D
 826  FDD0              ;         JSR SUB_0E1D                 ; $0DE7  20 1D 0E
 827  FDD0              ;         LDY #$0F                     ; $0DEA  A0 0F
 828  FDD0              ;         JMP L_0DD6                   ; $0DEC  4C D6 0D
 829  FDD0              ; SUB_0DEF:
 830  FDD0              ;         STY $F5                      ; $0DEF  84 F5
 831  FDD0              ;         PHA                          ; $0DF1  48
 832  FDD0              ;         JSR SUB_0E14                 ; $0DF2  20 14 0E
 833  FDD0              ;         PLA                          ; $0DF5  68
 834  FDD0              ;         LDY $F5                      ; $0DF6  A4 F5
 835  FDD0              ;         BCC SUB_0DEF                 ; $0DF8  90 F5
 836  FDD0              ;         RTS                          ; $0DFA  60
 837  FDD0              ;         .byte   $00, $00, $00, $00, $00, $4C, $E9, $BB, $4C, $04, $BE, $A9, $01, $20, $EF, $0D ; $0DFB
 838  FDD0              ;         .byte   $20, $1D, $0E, $48, $A0, $0E, $4C, $D6, $0D      ; $0E0B
 839  FDD0              ; SUB_0E14:
 840  FDD0              ;         PHA                          ; $0E14  48
 841  FDD0              ;         JSR SUB_0E1D                 ; $0E15  20 1D 0E
 842  FDD0              ;         LDY #$10                     ; $0E18  A0 10
 843  FDD0              ;         JMP L_0DD6                   ; $0E1A  4C D6 0D
 844  FDD0              ; SUB_0E1D:
 845  FDD0              ;         TYA                          ; $0E1D  98
 846  FDD0              ;         ORA #$C0                     ; $0E1E  09 C0
 847  FDD0              ;         TAX                          ; $0E20  AA
 848  FDD0              ;         TYA                          ; $0E21  98
 849  FDD0              ;         ASL                          ; $0E22  0A
 850  FDD0              ;         ASL                          ; $0E23  0A
 851  FDD0              ;         ASL                          ; $0E24  0A
 852  FDD0              ;         ASL                          ; $0E25  0A
 853  FDD0              ;         TAY                          ; $0E26  A8
 854  FDD0              ;         STY $06F8                    ; $0E27  8C F8 06
 855  FDD0              ;         LDA #$00                     ; $0E2A  A9 00
 856  FDD0              ;         STA $F6                      ; $0E2C  85 F6
 857  FDD0              ;         STX $F7                      ; $0E2E  86 F7
 858  FDD0              ;         LDA $CFFF                    ; $0E30  AD FF CF
 859  FDD0              ;         LDA ($F6),Y                  ; $0E33  B1 F6
 860  FDD0              ;         RTS                          ; $0E35  60
 861  FDD0              ; SUB_0E1D_1:
 862  FDD0              ;         LDA $48                      ; $0E36  A5 48
 863  FDD0              ;         PHA                          ; $0E38  48
 864  FDD0              ;         LDA $45                      ; $0E39  A5 45
 865  FDD0              ;         LDX $46                      ; $0E3B  A6 46
 866  FDD0              ;         LDY $47                      ; $0E3D  A4 47
 867  FDD0              ;         PLP                          ; $0E3F  28
 868  FDD0              ;         CLI                          ; $0E40  58
 869  FDD0              ;         RTS                          ; $0E41  60
 870  FDD0              ;   <<< end listing <<<
 871  FDD0                      INCBIN "CPM_RPC6502_223.bin"     ; 114 bytes of 6502 (runs on the 6502 via the RPC)
 872  FE42              ; DEV_READ_BIT -- device handler: poll a status bit until set, then read the data byte.
 873  FE42              DEV_READ_BIT:
 874  FE42 CD 81 FE             CALL SLOT_IO_ADDR
 875  FE45              DEV_READ_WAIT:
 876  FE45 7E                   LD A,(HL)
 877  FE46 1F                   RRA                              ; ready bit -> carry
 878  FE47 30 FC                JR NC,DEV_READ_WAIT
 879  FE49 2C                   INC L
 880  FE4A 7E                   LD A,(HL)                        ; read the data byte
 881  FE4B C9                   RET
 882  FE4C              DEV_OUT_1:                               ; default I/O vector handler (LIST stub)
 883  FE4C 11 01 00             LD DE,$0001
 884  FE4F              DEV_OUT_1_JP:
 885  FE4F C3 5F FE             JP DEV_RET                       ; target (DEV_OUT_1_JP+1) patched at boot
 886  FE52              ; DEV_WR_BIT -- device handler: wait for ready, then write C to the slot I/O port.
 887  FE52              DEV_WR_BIT:
 888  FE52 CD B1 FA             CALL DEVICE_IO_BASE
 889  FE55 2E C1                LD L,$C1
 890  FE57              DEV_WR_WAIT:
 891  FE57 7E                   LD A,(HL)
 892  FE58 17                   RLA                              ; ready bit -> carry
 893  FE59 38 FC                JR C,DEV_WR_WAIT
 894  FE5B CD 7C FE             CALL SLOT_IO_ADDR_W
 895  FE5E 71                   LD (HL),C
 896  FE5F              DEV_RET:
 897  FE5F C9                   RET                              ; shared return (DEV_OUT_1/_2 JP here)
 898  FE60              DEV_OUT_2:                               ; default I/O vector handler (PUNCH stub)
 899  FE60 11 02 00             LD DE,$0002
 900  FE63              DEV_OUT_2_JP:
 901  FE63 C3 5F FE             JP DEV_RET                       ; target (DEV_OUT_2_JP+1) patched at boot
 902  FE66              DEV_OUT_3:                               ; default I/O vector handler (READER stub)
 903  FE66 11 02 00             LD DE,$0002
 904  FE69              DEV_OUT_3_JP:
 905  FE69 C3 00 00             JP $0000                         ; whole instruction built at boot (DEV_OUT_3_JP+0/+1/+2)
 906  FE6C              ; ----------------------------------------------------------------------
 907  FE6C              ; HOME -- BIOS jump-vector entry 8 ($FA18): seek the selected drive to track 0. [RE]
 908  FE6C              ;   In:  none. Out: none. Clobbers: A,C.
 909  FE6C              ;   Algorithm: if the host buffer still holds a pending write (hstwrt nonzero) leave
 910  FE6C              ;     hstact set so the dirty buffer is not dropped; else clear hstact (host buffer
 911  FE6C              ;     inactive). Then fall through into SETTRK_STORE with track 0. Mirrors the 2.20
 912  FE6C              ;     twin HOME exactly; the actual head step happens later in the deblock path. [RE]
 913  FE6C              ; ----------------------------------------------------------------------
 914  FE6C              HOME:
 915  FE6C                      ; read hstwrt (host-write-pending flag; lives in the BOOT install-template cells)
 916  FE6C 3A D9 FE             LD A,(DISK_HSTWRT)
 917  FE6F B7                   OR A
 918  FE70                      ; pending write -> keep hstact set, skip the clear
 919  FE70 20 03                JR NZ,SETTRK_STORE
 920  FE72                      ; no pending write: clear hstact so the host buffer is reloaded on next access
 921  FE72 32 D8 FE             LD (DISK_HSTACT),A
 922  FE75              ; ----------------------------------------------------------------------
 923  FE75              ; SETTRK_STORE -- HOME falls in here with track 0; common tail with SETTRK. [RE]
 924  FE75              ;   In:  (HOME path) forces C=0. Out: stores sektrk. Clobbers: A,C.
 925  FE75              ;   Algorithm: load C=0, then fall into SETTRK's store (the $FE77 vector body) which
 926  FE75              ;     writes the track into the BOOT 'LD SP' operand byte reused as sektrk. [RE]
 927  FE75              ; ----------------------------------------------------------------------
 928  FE75              SETTRK_STORE:
 929  FE75                      ; HOME enters here with track 0; SETTRK enters at the LD A,C below
 930  FE75 0E 00                LD C,$00
 931  FE77                      ; SETTRK (vector entry 10, JP $FE77): track number from BDOS in C
 932  FE77 79                   LD A,C
 933  FE78                      ; store sektrk into BOOT's LD SP operand byte (BOOT cell reused post-boot as sektrk)
 934  FE78 32 D1 FE             LD (BOOT),A
 935  FE7B C9                   RET
 936  FE7C              ; ----------------------------------------------------------------------
 937  FE7C              ; SLOT_IO_ADDR_W -- map a slot/drive index to an Apple write-side I/O soft-switch base.
 938  FE7C              ;   In:  E = slot/drive index (0..15). Out: HL = $E080 + (E<<4). Clobbers: A,L.
 939  FE7C              ;   Algorithm: load the $C08x write/control-bank base (z80 $E080 = Apple $C080), then
 940  FE7C              ;     fall into the shared index scaler (SLOT_IO_SCALE, the ADD A,A x4 at $FE85).
 941  FE7C              ;     Twin of 2.20 SLOT_IO_ADDR_W. [RE]
 942  FE7C              ; ----------------------------------------------------------------------
 943  FE7C              SLOT_IO_ADDR_W:
 944  FE7C                      ; z80 $E080 = Apple $C080 slot-I/O base (write/control bank)
 945  FE7C 21 80 E0             LD HL,$E080
 946  FE7F 18 03                JR SLOT_IO_SCALE_E
 947  FE81              ; ----------------------------------------------------------------------
 948  FE81              ; SLOT_IO_ADDR -- map a slot/drive index to an Apple I/O soft-switch base ($C08E bank).
 949  FE81              ;   In:  E = slot/drive index (0..15). Out: HL = $E08E + (E<<4). Clobbers: A,L.
 950  FE81              ;   Algorithm: load the $C08E base, fall into SLOT_IO_SCALE_E. z80 $E08E = Apple $C08E.
 951  FE81              ;     Twin of 2.20 SLOT_IO_ADDR. [RE]
 952  FE81              ; ----------------------------------------------------------------------
 953  FE81              SLOT_IO_ADDR:
 954  FE81                      ; z80 $E08E = Apple $C08E slot-I/O base
 955  FE81 21 8E E0             LD HL,$E08E
 956  FE84              ; ----------------------------------------------------------------------
 957  FE84              ; SLOT_IO_SCALE_E -- load the slot/drive index into A, then fall into SLOT_IO_SCALE.
 958  FE84              ;   In:  E = index. Out: continues into the scaler. Twin of 2.20 SLOT_IO_SCALE_E. [RE]
 959  FE84              ; ----------------------------------------------------------------------
 960  FE84              SLOT_IO_SCALE_E:
 961  FE84                      ; slot/drive index into A for the scaler
 962  FE84 7B                   LD A,E
 963  FE85              ; ----------------------------------------------------------------------
 964  FE85              ; SLOT_IO_SCALE -- shift the index in A left by 4 and add it to L (index a $C0n0..$C0nF
 965  FE85              ;     16-byte slot-I/O block, or a *16-stride table). [RE]
 966  FE85              ;   In:  A = index, L = base low byte. Out: L += A*16; A preserved. Clobbers: A,L.
 967  FE85              ;   Algorithm: ADD A,A four times (A*=16), PUSH AF, ADD A,L, LD L,A, POP AF, RET.
 968  FE85              ;     Shared by SLOT_IO_ADDR/_W and by SELDSK (DPH-table index) and the device probe.
 969  FE85              ;     Twin of 2.20 SLOT_IO_SCALE. [RE]
 970  FE85              ; ----------------------------------------------------------------------
 971  FE85              SLOT_IO_SCALE:
 972  FE85                      ; A *= 16 over the four ADD A,A (slot block is 16 bytes; DPH stride is 16)
 973  FE85 87                   ADD A,A
 974  FE86 87                   ADD A,A
 975  FE87 87                   ADD A,A
 976  FE88 87                   ADD A,A
 977  FE89 F5                   PUSH AF
 978  FE8A                      ; L = base + index*16
 979  FE8A 85                   ADD A,L
 980  FE8B 6F                   LD L,A
 981  FE8C F1                   POP AF
 982  FE8D C9                   RET
 983  FE8E              ; ----------------------------------------------------------------------
 984  FE8E              ; SELDSK -- BIOS jump-vector entry 9 ($FA1B): select the disk drive for subsequent I/O.
 985  FE8E              ;   In:  C = disk number (0-based). Out: HL = DPH address for drive C, or HL=0 if out
 986  FE8E              ;     of range. Clobbers: A,DE,HL.
 987  FE8E              ;   Algorithm: DE -> the sekdsk build site (DISK_SEKDSK, an install-template cell reused
 988  FE8E              ;     as disk-state scratch). Read the configured drive count from the SoftCard config
 989  FE8E              ;     block (z80 $F3B8 = Apple $03B8); if C >= count return HL=0. Else record the disk
 990  FE8E              ;     number, index the DPH table at DPH_TABLE by C*16 (CALL SLOT_IO_SCALE), pull a per-drive
 991  FE8E              ;     disk-parameter byte and self-modify the install template SECTOR_BLOCK_PATCH+1 with it.
 992  FE8E              ;     Twin of 2.20 SELDSK. [RE]
 993  FE8E              ; ----------------------------------------------------------------------
 994  FE8E              SELDSK:
 995  FE8E                      ; DE -> sekdsk build site (install-template cell reused as disk-select scratch)
 996  FE8E 11 D5 FE             LD DE,DISK_SEKDSK
 997  FE91 21 04 00             LD HL,$0004
 998  FE94                      ; configured drive count from the SoftCard config block (Apple $03B8)
 999  FE94 3A B8 F3             LD A,($F3B8)
1000  FE97 3D                   DEC A
1001  FE98                      ; requested drive vs (count-1); carry => out of range
1002  FE98 B9                   CP C
1003  FE99                      ; out of range -> SELDSK_BAD_DRIVE (returns HL=0)
1004  FE99 38 1D                JR C,SELDSK_BAD_DRIVE
1005  FE9B 7E                   LD A,(HL)
1006  FE9C 12                   LD (DE),A
1007  FE9D 13                   INC DE
1008  FE9E 79                   LD A,C
1009  FE9F 12                   LD (DE),A
1010  FEA0                      ; HL = DPH table base ($FA33); CALL SLOT_IO_SCALE indexes it by C*16
1011  FEA0 21 33 FA             LD HL,DPH_TABLE
1012  FEA3 CD 85 FE             CALL SLOT_IO_SCALE
1013  FEA6 E5                   PUSH HL
1014  FEA7 11 0A 00             LD DE,$000A
1015  FEAA 19                   ADD HL,DE
1016  FEAB 5E                   LD E,(HL)
1017  FEAC 23                   INC HL
1018  FEAD 56                   LD D,(HL)
1019  FEAE 21 05 00             LD HL,$0005
1020  FEB1 19                   ADD HL,DE
1021  FEB2 7E                   LD A,(HL)
1022  FEB3                      ; self-modify: store the per-drive disk-parameter byte into the install template's LD
1023  FEB3                      ; HL,(nn) operand [RE]
1024  FEB3 32 E3 FE             LD (SECTOR_BLOCK_PATCH+1),A
1025  FEB6 E1                   POP HL
1026  FEB7 C9                   RET
1027  FEB8              ; ----------------------------------------------------------------------
1028  FEB8              ; SELDSK_BAD_DRIVE -- out-of-range drive: return HL=0 (no DPH). [RE]
1029  FEB8              ;   In:  DE -> sekdsk build site. Out: HL=0. Clobbers: A,L.
1030  FEB8              ;   Twin of 2.20 SELDSK_BAD_DRIVE. [RE]
1031  FEB8              ; ----------------------------------------------------------------------
1032  FEB8              SELDSK_BAD_DRIVE:
1033  FEB8 1A                   LD A,(DE)
1034  FEB9 77                   LD (HL),A
1035  FEBA                      ; HL=0 signals an invalid drive to the BDOS
1036  FEBA 2E 00                LD L,$00
1037  FEBC C9                   RET
1038  FEBD              ; ----------------------------------------------------------------------
1039  FEBD              ; READ -- BIOS jump-vector entry 13 ($FA27): read one 128-byte CP/M record.
1040  FEBD              ;   In:  sekdsk/sektrk/seksec/dmaadr previously set. Out: A=0 ok / 1 error.
1041  FEBD              ;   Algorithm: OFF-IMAGE tail-jump to the deblock/RWTS read core at $AC39, which sits
1042  FEBD              ;     in the system-image region BELOW the BIOS (not inside $FA00-$FFFF). FLAG: unlike
1043  FEBD              ;     the 2.20 twin, the 2.23 BIOS does NOT carry the deblock or the $03E0-IOB RWTS RPC
1044  FEBD              ;     in-image; READ/WRITE delegate to the $ACxx host-sector routines. [RE] -- see flags.
1045  FEBD              ; ----------------------------------------------------------------------
1046  FEBD              READ:
1047  FEBD                      ; off-image jump to the deblock/RWTS read core at $AC39 (system-image region, not BIOS) [RE]
1048  FEBD C3 39 AC             JP $AC39
1049  FEC0              ; ----------------------------------------------------------------------
1050  FEC0              ; WRITE -- BIOS jump-vector entry 14 ($FA2A): write one 128-byte CP/M record.
1051  FEC0              ;   In:  C = write type; sekdsk/sektrk/seksec/dmaadr previously set. Out: A=0 ok / 1 error.
1052  FEC0              ;   Algorithm: OFF-IMAGE tail-jump to the deblock/RWTS write core at $AC49 (system-image
1053  FEC0              ;     region below the BIOS). Same off-image RWTS delegation as READ_RECORD. [RE]
1054  FEC0              ;   NOTE: the bytes at $FEC3-$FECA ($C3 $45 $FB $2A $0D $9C $E9 $C9) immediately after
1055  FEC0              ;     this JP are NOT executed on the WRITE path; they are install/handler scratch -- see flags.
1056  FEC0              ; ----------------------------------------------------------------------
1057  FEC0              WRITE:
1058  FEC0                      ; off-image jump to the deblock/RWTS write core at $AC49 (system-image region, not BIOS)
1059  FEC0                      ; [RE]
1060  FEC0 C3 49 AC             JP $AC49
1061  FEC3 C3 45 FB 2A          DEFB    $C3,$45,$FB,$2A,$0D      ; "CE{*"
1061  FEC7 0D
1062  FEC8 9C E9 C9             DEFB    $9C,$E9,$C9
1063  FECB              COL_FLAG:
1064  FECB 00                   DEFB    "\0"
1065  FECC              COL_PENDING:
1066  FECC 00                   DEFB    "\0"
1067  FECD              COL_STATE:
1068  FECD 00                   DEFB    "\0"
1069  FECE              SCREEN_CURSOR_PTR:
1070  FECE D0 FE                DEFB    $D0,$FE
1071  FED0              SCREEN_CHAR:
1072  FED0 00                   DEFB    "\0"
1073  FED1              ; ----------------------------------------------------------------------
1074  FED1              ; BOOT -- CP/M cold-boot BIOS entry (jump-vector entry 0; $FA00 -> here at $FED1).
1075  FED1              ;   In:  none. Out: does not return through here (falls into the install engine).
1076  FED1              ;   Clobbers: all.
1077  FED1              ;   DUAL USE of the operand bytes: this 'LD SP,$0100' executes ONCE at cold boot to set
1078  FED1              ;     the Z-80 stack; afterwards BOOT (the $00 operand byte) is reused as sektrk and
1079  FED1              ;     BOOT+1 as seksec (SETTRK stores BOOT at $FE78, SETSEC stores
1080  FED1              ;     BOOT+1 at $FBF5), and BOOT+2 ($FED3) is read as a console cursor word
1081  FED1              ;     ($FBD3 LD HL,(BOOT+2)). Valid SP-init bytes only during the single cold-boot
1082  FED1              ;     pass; thereafter disk/console scratch, never re-executed. Twin of 2.20 BOOT. [RE]
1083  FED1              ;   Algorithm: set SP, then fall through into the self-modifying install engine
1084  FED1              ;     (BOOT_TMPL_XORA..SECTOR_BLOCK_PATCH are template-instruction cells whose operands double as
1085  FED1              ;     disk-deblock state).
1086  FED1              ; ----------------------------------------------------------------------
1087  FED1              BOOT:
1088  FED1                      ; init Z-80 stack; BOOT/+1/+2 reused post-boot as sektrk/seksec and a console cursor word
1089  FED1 31 00 01             LD SP,$0100
1090  FED4              ; ----------------------------------------------------------------------
1091  FED4              ; BOOT_TMPL_XORA -- cold-boot install template 'XOR A'; operationally a disk-state cell.
1092  FED4              ;   Boot tenant: 'XOR A' clears A as the install engine starts the page-clear. Operational
1093  FED4              ;   tenant: this cell is referenced as a console/disk scratch base (LD HL,BOOT_TMPL_XORA at
1094  FED4              ;   $FBBA in the console path). Twin region of 2.20 DISK_SELDSK_SAVE. [RE]
1095  FED4              ; ----------------------------------------------------------------------
1096  FED4              BOOT_TMPL_XORA:
1097  FED4 AF                   XOR A
1098  FED5              ; ----------------------------------------------------------------------
1099  FED5              ; DISK_SEKDSK -- cold-boot install template 'LD HL,BIOS_VECTOR'; operationally the sekdsk cell.
1100  FED5              ;   Boot tenant: 'LD HL,nn' template the install engine steps over. Operational tenant:
1101  FED5              ;   SELDSK uses DE=DISK_SEKDSK as the sekdsk build site (selected disk number). Twin of
1102  FED5              ;   2.20 DISK_SEKDSK. [RE]
1103  FED5              ; ----------------------------------------------------------------------
1104  FED5              DISK_SEKDSK:
1105  FED5 21 00 FA             LD HL,BIOS_VECTOR
1106  FED8              ; ----------------------------------------------------------------------
1107  FED8              ; DISK_HSTACT -- cold-boot install template 'LD (HL),A'; operationally the hstact flag.
1108  FED8              ;   Boot tenant: part of the page-zero/template clear. Operational tenant: host-buffer-
1109  FED8              ;   active flag, cleared by HOME ($FE72) and by PAGEZERO_REBUILD ($FAE7), set when a host
1110  FED8              ;   sector is staged. Twin of 2.20 DISK_HSTWRT-area hstact. [RE]
1111  FED8              ; ----------------------------------------------------------------------
1112  FED8              DISK_HSTACT:
1113  FED8 77                   LD (HL),A
1114  FED9              ; ----------------------------------------------------------------------
1115  FED9              ; DISK_HSTWRT -- cold-boot install template 'INC HL'; operationally the hstwrt flag.
1116  FED9              ;   Boot tenant: 'INC HL' advances the install-clear pointer. Operational tenant: host-
1117  FED9              ;   buffer-dirty flag, read by HOME ($FE6C). Twin of 2.20 DISK_HSTWRT. [RE]
1118  FED9              ; ----------------------------------------------------------------------
1119  FED9              DISK_HSTWRT:
1120  FED9 23                   INC HL
1121  FEDA 77                   LD (HL),A
1122  FEDB 23                   INC HL
1123  FEDC 77                   LD (HL),A
1124  FEDD              ; ----------------------------------------------------------------------
1125  FEDD              ; BOOT_TMPL_IOBYTE -- cold-boot install template 'LD A,$95' (default IOBYTE immediate).
1126  FEDD              ;   Boot tenant: loads the default IOBYTE value $95 into A. Operational tenant: this cell
1127  FEDD              ;   is cleared by PAGEZERO_REBUILD ($FAE4) and used as a console-state byte. Twin of the
1128  FEDD              ;   2.20 DISK_HSTWRT 'LD A,$95' default-IOBYTE template. [RE]
1129  FEDD              ; ----------------------------------------------------------------------
1130  FEDD              BOOT_TMPL_IOBYTE:
1131  FEDD                      ; default CP/M IOBYTE immediate ($95) loaded at cold boot
1132  FEDD 3E 95                LD A,$95
1133  FEDF              ; ----------------------------------------------------------------------
1134  FEDF              ; DISK_DMAADR -- cold-boot install template 'LD ($0003),A' (store default IOBYTE);
1135  FEDF              ;     +2 operand reused as dmaadr.
1136  FEDF              ;   Boot tenant: stores the default IOBYTE into page-zero $0003 at cold boot. Operational
1137  FEDF              ;   tenant: SETDMA writes BC into DISK_DMAADR+2 ($FEE1) as the current DMA buffer address
1138  FEDF              ;   (SETDMA 'LD (DISK_DMAADR+2),BC'); the deblock record copy uses it. Twin of the 2.20
1139  FEDF              ;   DISK_WRTYPE/DISK_DMAADR overlay. [RE]
1140  FEDF              ; ----------------------------------------------------------------------
1141  FEDF              DISK_DMAADR:
1142  FEDF                      ; store the default IOBYTE into page-zero $0003; the operand cell (+2) doubles as dmaadr
1143  FEDF 32 03 00             LD ($0003),A
1144  FEE2              ; ----------------------------------------------------------------------
1145  FEE2              ; DISK_PARAM_TMPL -- cold-boot install template 'LD HL,($F3DE)'; SELDSK self-modifies +1.
1146  FEE2              ;   Boot tenant: 'LD HL,(nn)' loads a config word; the install engine continues at $FEE5.
1147  FEE2              ;   Operational tenant: SELDSK patches DISK_PARAM_TMPL+1 ($FEE3) with a per-drive disk-
1148  FEE2              ;   parameter byte. From $FEE5 the cold-boot INSTALL ENGINE proper runs (see body). Twin
1149  FEE2              ;   of 2.20 DISK_UNADSK template + the DEV_INSTALL flow. [RE]
1150  FEE2              ;   Algorithm (install engine from $FEE5): copy the RPC-trigger store address into
1151  FEE2              ;     RPC_TRIGGER_STORE+1; clear page-zero $0004; read the console card class from config
1152  FEE2              ;     $F3BB; for the device-6/Pascal-class console install the $FD99 status handler into
1153  FEE2              ;     the $F380 vector, else for the Videx/40-col classes self-modify the CONST handler
1154  FEE2              ;     (KBD_STATUS_40COL+1) so status reads come from the card; then install CONOUT/CONIN handler
1155  FEE2              ;     vectors via the handler lookups, print the sign-on banner, and enter the CCP.
1156  FEE2              ; ----------------------------------------------------------------------
1157  FEE2              SECTOR_BLOCK_PATCH:
1158  FEE2                      ; install template: load a config word (operand at +1 is self-modified by SELDSK with the
1159  FEE2                      ; disk param)
1160  FEE2 2A DE F3             LD HL,($F3DE)
1161  FEE5                      ; self-modify: write the SoftCard RPC-trigger store address into RPC_TRIGGER_STORE's LD
1162  FEE5                      ; (nn),A operand [RE]
1163  FEE5 22 49 FB             LD (RPC_TRIGGER_STORE+1),HL
1164  FEE8 AF                   XOR A
1165  FEE9                      ; clear page-zero $0004 (current default drive)
1166  FEE9 32 04 00             LD ($0004),A
1167  FEEC                      ; read the configured console card class from the config block (Apple $03BB)
1168  FEEC 3A BB F3             LD A,($F3BB)
1169  FEEF                      ; card class 6 = device-6 / Pascal-firmware console (post-1980 path; absent in the 1980
1170  FEEF                      ; manual) [RE]
1171  FEEF FE 06                CP $06
1172  FEF1 20 0A                JR NZ,DEV_INSTALL_LIST
1173  FEF3                      ; device-6 console: install the $FD99 status handler
1174  FEF3 21 99 FD             LD HL,SET_SCREEN_BASE_1
1175  FEF6                      ; store it into the SoftCard console-status I/O vector cell (Apple $0380)
1176  FEF6 22 80 F3             LD ($F380),HL
1177  FEF9 D6 03                SUB $03
1178  FEFB 18 13                JR DEV_INSTALL_PUNCH
1179  FEFD              ; ----------------------------------------------------------------------
1180  FEFD              ; DEV_INSTALL_LIST -- install the LIST device-output handler from the config class. [RE]
1181  FEFD              ;   In:  install engine running. Out: patches the LIST output stub vector. Clobbers: A,HL.
1182  FEFD              ;   Algorithm: read the LIST card class (config $F3B9 = Apple $03B9), bias by 3; if a
1183  FEFD              ;     real device is configured, look up its handler (CALL HANDLER_LOOKUP) and store it
1184  FEFD              ;     into the LIST stub vector (DEV_OUT_1_JP+1). Twin of 2.20 DEV_INSTALL flow. [RE]
1185  FEFD              ; ----------------------------------------------------------------------
1186  FEFD              DEV_INSTALL_LIST:
1187  FEFD FE 05                CP $05
1188  FEFF 28 22                JR Z,DEV_INSTALL_READER
1189  FF01 D6 03                SUB $03
1190  FF03 38 1E                JR C,DEV_INSTALL_READER
1191  FF05 20 09                JR NZ,DEV_INSTALL_PUNCH
1192  FF07 21 15 FB             LD HL,KBD_STATUS_40COL+1
1193  FF0A 36 BE                LD (HL),$BE
1194  FF0C 23                   INC HL
1195  FF0D 23                   INC HL
1196  FF0E 36 1F                LD (HL),$1F
1197  FF10              ; ----------------------------------------------------------------------
1198  FF10              ; DEV_INSTALL_PUNCH -- install the PUNCH device-output handler from the config class. [RE]
1199  FF10              ;   Algorithm: read the PUNCH card class (config $F3BA = Apple $03BA), bias by 3; if
1200  FF10              ;     configured, look up the handler and store it into the PUNCH stub vector (DEV_OUT_2_JP+1); for
1201  FF10              ;     the higher class value also install a secondary handler into DEV_OUT_3_JP+1. Twin of 2.20
1202  FF10              ;     DEV_INSTALL flow. [RE]
1203  FF10              ; ----------------------------------------------------------------------
1204  FF10              DEV_INSTALL_PUNCH:
1205  FF10 F5                   PUSH AF
1206  FF11 CD 84 FF             CALL DEV_HANDLER_LOOKUP
1207  FF14 F1                   POP AF
1208  FF15 22 B9 FC             LD (SCREEN_EMIT_3+1),HL
1209  FF18                      ; secondary handler lookup via the skip-idiom entry (HANDLER_LOOKUP_B); the FD cover byte at
1210  FF18                      ; DEV_HANDLER_LOOKUP_B is skipped [RE]
1211  FF18 CD 7F FF             CALL DEV_HANDLER_LOOKUP_B+1
1212  FF1B 22 37 FB             LD (CONIN_DISPATCH+1),HL
1213  FF1E 3E 03                LD A,$03
1214  FF20 32 05 FB             LD (CCP_LAUNCH+1),A
1215  FF23              ; ----------------------------------------------------------------------
1216  FF23              ; DEV_INSTALL_READER -- build the default READER/list-output stub when none is configured.
1217  FF23              ;   Algorithm: when no real device class is configured, build the no-op stub at DEV_OUT_3_JP:
1218  FF23              ;     store $1A3E ('LD A,$1A' opcode+immediate) then $C9 ('RET') so the device returns a
1219  FF23              ;     constant. Twin of 2.20 DEV_INSTALL_4's DEV_OUT_3 build. [RE]
1220  FF23              ; ----------------------------------------------------------------------
1221  FF23              DEV_INSTALL_READER:
1222  FF23 3A B9 F3             LD A,($F3B9)
1223  FF26 D6 03                SUB $03
1224  FF28 38 06                JR C,INSTALL_DONE_DEVICES
1225  FF2A CD 84 FF             CALL DEV_HANDLER_LOOKUP
1226  FF2D 22 50 FE             LD (DEV_OUT_1_JP+1),HL
1227  FF30              ; ----------------------------------------------------------------------
1228  FF30              ; INSTALL_DONE_DEVICES -- run the device probe after the per-device installs. [RE]
1229  FF30              ;   Algorithm: CALL PROBE_DEVICES (PROBE_DEVICES) to scan the 7 SoftCard config slots and
1230  FF30              ;     mark/init each present card before the banner is printed. Twin of 2.20 DEV_INSTALL_6
1231  FF30              ;     PROBE_DEVICES call. [RE]
1232  FF30              ; ----------------------------------------------------------------------
1233  FF30              INSTALL_DONE_DEVICES:
1234  FF30 3A BA F3             LD A,($F3BA)
1235  FF33 D6 03                SUB $03
1236  FF35 38 14                JR C,SLOT_IO_SCALE_17
1237  FF37 F5                   PUSH AF
1238  FF38 CD 84 FF             CALL DEV_HANDLER_LOOKUP
1239  FF3B 22 64 FE             LD (DEV_OUT_2_JP+1),HL
1240  FF3E F1                   POP AF
1241  FF3F FE 02                CP $02
1242  FF41 28 08                JR Z,SLOT_IO_SCALE_17
1243  FF43 CD 7F FF             CALL DEV_HANDLER_LOOKUP_B+1
1244  FF46 22 6A FE             LD (DEV_OUT_3_JP+1),HL
1245  FF49 18 0B                JR SLOT_IO_SCALE_18
1246  FF4B              SLOT_IO_SCALE_17:
1247  FF4B 21 3E 1A             LD HL,$1A3E
1248  FF4E 22 69 FE             LD (DEV_OUT_3_JP),HL
1249  FF51 3E C9                LD A,$C9
1250  FF53 32 6B FE             LD (DEV_OUT_3_JP+2),A
1251  FF56              SLOT_IO_SCALE_18:
1252  FF56                      ; scan + init the 7 SoftCard config slots (device probe) before the sign-on
1253  FF56 CD 82 FA             CALL PROBE_DEVICES
1254  FF59              ; ----------------------------------------------------------------------
1255  FF59              ; SIGNON_PRINT -- emit the two config-derived sign-on prefix chars, then the banner. [RE]
1256  FF59              ;   In:  none. Out: prints the sign-on. Clobbers: A,HL.
1257  FF59              ;   Algorithm: read config $F398 (Apple $0398), pass it to the CONOUT writer (CONOUT_DISPATCH),
1258  FF59              ;     then walk SIGNON_BANNER (SIGNON_BANNER) char-by-char through CONOUT until the $00
1259  FF59              ;     terminator, then enter PAGEZERO_REBUILD (PAGEZERO_REBUILD_HOOKS). Twin of the 2.20
1260  FF59              ;     DEV_INSTALL_6/
1261  FF59              ;     DEV_INSTALL_7 banner loop (here it routes through CONOUT directly, not SIGNON_EMIT).
1262  FF59              ;     NOTE: WBOOT (WBOOT) also stashes SIGNON_PRINT into the $F3D0 RPC mailbox at
1263  FF59              ;     $FACE for a re-init path. [RE]
1264  FF59              ; ----------------------------------------------------------------------
1265  FF59              SIGNON_PRINT:
1266  FF59                      ; first config-derived sign-on char (Apple $0398)
1267  FF59 3A 98 F3             LD A,($F398)
1268  FF5C                      ; emit it via SIGNON_EMIT (prefixes a config char if bit7 set), routed through CONOUT
1269  FF5C CD 8F FF             CALL SIGNON_EMIT
1270  FF5F                      ; HL -> the cold-boot sign-on banner string
1271  FF5F 21 9E FF             LD HL,SIGNON_BANNER
1272  FF62              ; ----------------------------------------------------------------------
1273  FF62              ; SIGNON_BANNER_LOOP -- print SIGNON_BANNER char-by-char until the $00 terminator. [RE]
1274  FF62              ;   In:  HL -> banner. Out: jumps to PAGEZERO_REBUILD at the terminator. Clobbers: A,HL.
1275  FF62              ;   Algorithm: load (HL); if $00 jump to PAGEZERO_REBUILD (PAGEZERO_REBUILD_HOOKS) to finish cold
1276  FF62              ;     boot; else push HL, CALL CONOUT (CONOUT_DISPATCH), pop, INC HL, repeat. Twin of 2.20
1277  FF62              ;     DEV_INSTALL_7. [RE]
1278  FF62              ; ----------------------------------------------------------------------
1279  FF62              SIGNON_BANNER_LOOP:
1280  FF62 7E                   LD A,(HL)
1281  FF63 B7                   OR A
1282  FF64                      ; banner terminator -> PAGEZERO_REBUILD (write page-zero hooks, enter the CCP)
1283  FF64 CA E3 FA             JP Z,PAGEZERO_REBUILD_HOOKS
1284  FF67 E5                   PUSH HL
1285  FF68                      ; emit one banner char via CONOUT
1286  FF68 CD 4C FB             CALL CONOUT_DISPATCH
1287  FF6B E1                   POP HL
1288  FF6C 23                   INC HL
1289  FF6D 18 F3                JR SIGNON_BANNER_LOOP
1290  FF6F              SLOT_IO_SCALE_21:
1291  FF6F 0E FD                LD C,$FD
1292  FF71 71                   LD (HL),C
1293  FF72 FD                   DEFB $FD  ; ignored IY prefix; inner: LD D,D
1294  FF73 52                   LD D,D
1295  FF74 FE A9                CP $A9
1296  FF76 FD                   DEFB $FD  ; ignored IY prefix; inner: LD B,D
1297  FF77              SLOT_IO_SCALE_22:
1298  FF77 42                   LD B,D
1299  FF78 FE C1                CP $C1
1300  FF7A FD                   DEFB $FD  ; ignored IY prefix; inner: OR A
1301  FF7B B7                   OR A
1302  FF7C FD                   DEFB $FD  ; ignored IY prefix; inner: OR A
1303  FF7D B7                   OR A
1304  FF7E              ; ----------------------------------------------------------------------
1305  FF7E              ; DEV_HANDLER_LOOKUP_B -- secondary-table handler lookup, entered at +1 via a skip idiom.
1306  FF7E              ;   In:  A = entry index. Out: HL = handler address from the secondary table. Clobbers: A,HL.
1307  FF7E              ;   SKIP IDIOM: the byte at DEV_HANDLER_LOOKUP_B ($FF7E) is an $FD cover (reads as 'LD IY,$FF77'
1308  FF7E              ;     when fallen into); every CALLER targets DEV_HANDLER_LOOKUP_B+1 ($FF7F) which executes
1309  FF7E              ;     'LD HL,SLOT_IO_SCALE_22' (the secondary DEV_HANDLER_PTRS_B base) then 'JR DEV_HANDLER_
1310  FF7E              ;     LOOKUP_IDX'. Twin of 2.20 DEV_HANDLER_LOOKUP_B (there a clean 'LD HL,..; JR'). [RE]
1311  FF7E              ;   -- see flags for the cover byte and the surrounding DEFB-as-code handler table.
1312  FF7E              ; ----------------------------------------------------------------------
1313  FF7E              DEV_HANDLER_LOOKUP_B:
1314  FF7E                      ; COVER: the FD prefix makes this 'LD IY,$FF77' on fall-in; callers enter at +1 => 'LD
1315  FF7E                      ;        HL,SLOT_IO_SCALE_22' (secondary table base) [RE]
1316  FF7E FD 21 77 FF          LD IY,SLOT_IO_SCALE_22
1317  FF82                      ; join the shared index tail (HL += A*2; load the word)
1318  FF82 18 03                JR DEV_HANDLER_LOOKUP_IDX
1319  FF84              ; ----------------------------------------------------------------------
1320  FF84              ; DEV_HANDLER_LOOKUP -- fetch a device-handler address from the primary pointer table.
1321  FF84              ;   In:  A = entry index (0-based). Out: HL = handler address. Clobbers: A,HL.
1322  FF84              ;   Algorithm: HL = DEV_HANDLER_PTRS base (SLOT_IO_SCALE_21); fall into the shared scaler
1323  FF84              ;     (ADD A,A; ADD A,L; LD L,A) then load the 16-bit word at that slot (low then high).
1324  FF84              ;     The secondary-table entry is HANDLER_LOOKUP_B at DEV_HANDLER_LOOKUP_B+1 (skip idiom). Twin
1325  FF84              ;     of 2.20 DEV_HANDLER_LOOKUP. [RE]
1326  FF84              ; ----------------------------------------------------------------------
1327  FF84              DEV_HANDLER_LOOKUP:
1328  FF84                      ; select the primary device-handler pointer table
1329  FF84 21 6F FF             LD HL,SLOT_IO_SCALE_21
1330  FF87              ; ----------------------------------------------------------------------
1331  FF87              ; DEV_HANDLER_LOOKUP_IDX -- shared table-index tail: HL += A*2; HL = word at that slot.
1332  FF87              ;   In:  A = index, HL = table base. Out: HL = the 16-bit handler address. Clobbers: A,HL.
1333  FF87              ;   Twin of 2.20 DISK_RTN_LOOKUP_IDX. [RE]
1334  FF87              ; ----------------------------------------------------------------------
1335  FF87              DEV_HANDLER_LOOKUP_IDX:
1336  FF87                      ; index*2 for 16-bit (word) table entries
1337  FF87 87                   ADD A,A
1338  FF88 85                   ADD A,L
1339  FF89 6F                   LD L,A
1340  FF8A                      ; load handler address low byte
1341  FF8A 7E                   LD A,(HL)
1342  FF8B 2C                   INC L
1343  FF8C                      ; load handler address high byte -> HL = handler entry
1344  FF8C 66                   LD H,(HL)
1345  FF8D 6F                   LD L,A
1346  FF8E C9                   RET
1347  FF8F              ; ----------------------------------------------------------------------
1348  FF8F              ; SIGNON_EMIT -- emit one sign-on byte, optionally preceded by a fixed prefix char.
1349  FF8F              ;   In:  A = byte/flag. Out: prints via CONOUT (CONOUT_DISPATCH). Clobbers: A,HL.
1350  FF8F              ;   Algorithm: if A is positive (bit7 clear) emit it directly via CONOUT; if negative,
1351  FF8F              ;     first emit the prefix char from config $F397 (Apple $0397), then tail-jump to
1352  FF8F              ;     CONOUT to emit A. Twin of 2.20 SIGNON_EMIT. [RE]
1353  FF8F              ; ----------------------------------------------------------------------
1354  FF8F              SIGNON_EMIT:
1355  FF8F B7                   OR A
1356  FF90                      ; bit7 clear -> emit the char directly via CONOUT
1357  FF90 F2 9B FF             JP P,SIGNON_EMIT_CHAR
1358  FF93 F5                   PUSH AF
1359  FF94                      ; negative flag: fetch the prefix char from the config block (Apple $0397)
1360  FF94 3A 97 F3             LD A,($F397)
1361  FF97                      ; emit the prefix char via CONOUT
1362  FF97 CD 4C FB             CALL CONOUT_DISPATCH
1363  FF9A F1                   POP AF
1364  FF9B              ; ----------------------------------------------------------------------
1365  FF9B              ; SIGNON_EMIT_CHAR -- tail of SIGNON_EMIT: emit the original char via CONOUT. [RE]
1366  FF9B              ; ----------------------------------------------------------------------
1367  FF9B              SIGNON_EMIT_CHAR:
1368  FF9B                      ; tail-call CONOUT to emit the char
1369  FF9B C3 4C FB             JP CONOUT_DISPATCH
1370  FF9E              ; ----------------------------------------------------------------------
1371  FF9E              ; SIGNON_BANNER -- the cold-boot sign-on string, printed by SIGNON_BANNER_LOOP until $00.
1372  FF9E              ;   Reads (40-col uppercase / Videx mixed-case): CR/LF/LF/LF, '     Softcard CP/M', CR/LF,
1373  FF9E              ;   '     44K Ver. 2.23', CR/LF, '(c) 1980,1982 Microsoft', CR, LF/CR/LF, $00. DATA.
1374  FF9E              ;   NOTE: the 40-col Apple screen is uppercase-only so it renders 'SOFTCARD'; the Videx
1375  FF9E              ;   80-col card renders the mixed-case 'Softcard'. The trailing bytes from $FFE6 ($FA $E5
1376  FF9E              ;   ...) are NOT banner text -- they are an in-image copy of handler/lookup code; see flags.
1377  FF9E              ;   Twin of 2.20 SIGNON_BANNER (which reads 'Apple ][ CP/M' / '44K Ver. 2.20' /
1378  FF9E              ;   '(C) 1980 Microsoft'). [RE]
1379  FF9E              ; ----------------------------------------------------------------------
1380  FF9E              SIGNON_BANNER:
1381  FF9E 0D 0A 0A 0A          DEFB    "\r\n\n\n"
1382  FFA2 20 20 20 20          DEFB    "     Softcard CP/M"     ; string
1382  FFA6 20 53 6F 66
1382  FFAA 74 63 61 72
1382  FFAE 64 20 43 50
1382  FFB2 2F 4D
1383  FFB4 0D                   DEFB    $0D                      ; terminator
1384  FFB5 0A                   DEFB    "\n"
1385  FFB6 20 20 20 20          DEFB    "     44K Ver. 2.23"     ; string
1385  FFBA 20 34 34 4B
1385  FFBE 20 56 65 72
1385  FFC2 2E 20 32 2E
1385  FFC6 32 33
1386  FFC8 0D                   DEFB    $0D                      ; terminator
1387  FFC9 0A                   DEFB    "\n"
1388  FFCA 28 63 29 20          DEFB    "(c) 1980,1982 Microsoft" ; string
1388  FFCE 31 39 38 30
1388  FFD2 2C 31 39 38
1388  FFD6 32 20 4D 69
1388  FFDA 63 72 6F 73
1388  FFDE 6F 66 74
1389  FFE1 0D                   DEFB    $0D                      ; terminator
1390  FFE2 0A 0D 0A 00          DEFB    $0A,$0D,$0A,$00,$FA,$E5,$CD,$4C,$FB,$E1,$23,$18,$F3,$0E,$FD,$71
1390  FFE6 FA E5 CD 4C
1390  FFEA FB E1 23 18
1390  FFEE F3 0E FD 71
1391  FFF2 FD 52 FE A9          DEFB    $FD,$52,$FE,$A9,$FD,$42,$FE,$C1,$FD,$B7,$FD,$B7,$FD,$21
1391  FFF6 FD 42 FE C1
1391  FFFA FD B7 FD B7
1391  FFFE FD 21
1392  0000              BIOS_IMAGE_END:                          ; first byte past the BIOS image (wraps $10000->$0000)
1393  0000
1394  0000                  SAVEBIN "{out_bin}", $FA00, $0600
1395  0000                  IFNDEF CPM_LINK
1396  0000                  ; image size from bracketing labels; $FA00 = the ORG base (image wraps to $0000)
1397  0000                  SAVEBIN "{out_bin}", $FA00, BIOS_IMAGE_END - $FA00
1398  0000                  ENDIF
1399  0000
1400  0000              ; ----------------------------------------------------------------------
1401  0000              ; BDOS scratch overlay -- the SECOND tenant of $FEE4-$FFDB.
1402  0000              ;   Those bytes are the one-shot cold-boot / sign-on code above. It runs once at cold
1403  0000              ;   start; only afterwards does the disk system reuse them as the buffers DPH_TABLE
1404  0000              ;   hands out. The two tenants are never live at the same time.
1405  0000              ;
1406  0000              ;   The region is declared here as a LAYOUT, not as a set of magic addresses: one ORG
1407  0000              ;   at the overlay base, then one label per field with its extent carried in the
1408  0000              ;   arithmetic that advances to the next. Labels emit no bytes, so this names the
1409  0000              ;   region without writing to it -- the cold-boot code above still owns every byte of
1410  0000              ;   the image, and the ORG leaves the emitted output untouched.
1411  0000              ;
1412  0000              ;   Reference whichever tenant is live at the point of use: the cold-boot routines by
1413  0000              ;   their own labels, and these names from DPH_TABLE, which the BDOS reads long after
1414  0000              ;   cold boot has finished. The sizes are the DPB's own values, so they cannot drift
1415  0000              ;   from the DPB this BIOS publishes. Same shape and names as the 2.20-44K and
1416  0000              ;   2.23-60K twins; only the addresses and the drive count differ. [RE]
1417  0000              ; ----------------------------------------------------------------------
1418  0000              DRIVES       EQU 4                    ; four DPH entries in DPH_TABLE
1419  0000              DIRBUF_SIZE  EQU 128                  ; one 128-byte directory record
1420  0000              ALV_SIZE     EQU 139 / 8 + 1          ; = 18; 139 is DSM, the highest allocation block number
1421  0000              CSV_SIZE     EQU 12                   ; = CKS
1422  0000
1423  0000                      ORG $FEE4                     ; the one given: where the author placed the overlay
1424  FEE4              DIRBUF:                               ; shared directory buffer, one per system
1425  FEE4                      ORG DIRBUF + DIRBUF_SIZE
1426  FF64              ALV_VECTORS:                          ; per-drive allocation vectors ($FF64..)
1427  FF64                      ORG ALV_VECTORS + DRIVES * ALV_SIZE
1428  FFAC              CSV_VECTORS:                          ; per-drive checksum vectors ($FFAC..)
1429  FFAC                      ORG CSV_VECTORS + DRIVES * CSV_SIZE
1430  FFDC              BIOS_SCRATCH_END:                     ; first byte past the overlay ($FFDC)
1431  FFDC
1432  FFDC                  ; Pin the derived layout to the addresses the shipped image actually uses: change
1433  FFDC                  ; DRIVES or a size and the build fails here rather than silently moving a buffer.
1434  FFDC                  ASSERT ALV_VECTORS == $FF64
1435  FFDC                  ASSERT CSV_VECTORS == $FFAC
1436  FFDC                  ASSERT BIOS_SCRATCH_END == $FFDC
1437  FFDC
# file closed: CPM_BIOS.asm
