# file opened: CPM_CCP.asm
   1  0000              ; ============================================================================
   2  0000              ; Microsoft SoftCard CP/M 2.20 (44K) -- CCP (Console Command Processor)
   3  0000              ; ----------------------------------------------------------------------------
   4  0000              ; Runtime-addressed (de-skewed): ORG $9400 (CBASE), runs $9400-$9BFF. An independent
   5  0000              ; compilation; calls the BDOS only through the $0005 ABI and references the BDOS base
   6  0000              ; once (BDOS_FBASE). The 44K system tracks store this sector-interleaved; the disk
   7  0000              ; producer re-applies the skew (cpm_pipeline/deskew.py). See ../../docs/CPM_Skew_Findings.md.
   8  0000              ; ============================================================================
   9  0000
  10  0000                  IFNDEF CPM_LINK
  11  0000                  DEVICE NOSLOT64K
  12  0000                  INCLUDE "cpm22.inc"
# file opened: cpm22.inc
   1+ 0000              ; cpm22.inc -- canonical Digital Research CP/M 2.2 definitions shared by SoftCard
   2+ 0000              ; CP/M sources.  Defined ONCE here and INCLUDEd by each source rather than re-deriving
   3+ 0000              ; magic numbers per file.  EQUs are zero-width, so including this is byte-identical.
   4+ 0000              ; This is the OS/ABI counterpart to apple_softcard.inc (which holds the Apple/SoftCard
   5+ 0000              ; HARDWARE externals); keep the two concerns separate.
   6+ 0000              ;
   7+ 0000              ; Source: CP/M 2.2 Interface Guide / "CP/M Reference Manual" [DOC CPMREF] (in the
   8+ 0000              ; archive at softcard/reference/softcard-cpm-archive/manuals/transcribed/).
   9+ 0000              ;
  10+ 0000              ; NOTE on the base page: $0000 (warm-boot JP) and $0005 (BDOS JP) are implementation
  11+ 0000              ; LABELS inside the BIOS/CCP/BDOS modules but CALL TARGETS in transient programs.  The
  12+ 0000              ; cell EQUs below are for the transient-program (caller) view; an OS module that DEFINES
  13+ 0000              ; these vectors as its own labels should not also pull in this base-page section.
  14+ 0000
  15+ 0000              ; ---- base page (transient-program view) ----------------------------------------
  16+ 0000                  IFNDEF CPM22_INC
  17+ 0000                  DEFINE CPM22_INC
  18+ 0000
  19+ 0000              WBOOTV      EQU $0000      ; warm-boot vector: JP WBOOT (a CALL/JP $0000 restarts CP/M)
  20+ 0000              IOBYTE_ADDR EQU $0003      ; logical<->physical device map (STAT / fns 7,8)
  21+ 0000              CDISK_ADDR  EQU $0004      ; current drive (low nibble) / user (high nibble)
  22+ 0000              BDOS        EQU $0005      ; BDOS entry vector: CALL BDOS with C=function, DE=arg
  23+ 0000              RST2_VEC    EQU $0010      ; Z-80 RST 2 ($10) restart vector (8 bytes); CP/M leaves it for the app/debugger
  24+ 0000              RST4_VEC    EQU $0020      ; Z-80 RST 4 ($20) restart vector (8 bytes); CP/M leaves it for the app/debugger
  25+ 0000              TFCB        EQU $005C      ; default FCB parsed from the command tail
  26+ 0000              TFCB2       EQU $006C      ; second parsed FCB (overlaps TFCB+16)
  27+ 0000              TBUFF       EQU $0080      ; default DMA buffer (128 B); also the command-tail buffer
  28+ 0000              CMDLINE     EQU $0081      ; command-tail characters (TBUFF+1): $0080 = length, $0081+ = the upper-cased tail
  29+ 0000              TPA         EQU $0100      ; transient program area / load address
  30+ 0000
  31+ 0000              ; ---- BDOS function numbers (register C) ----------------------------------------
  32+ 0000              P_TERMCPM   EQU 0          ; system reset (return to CCP)
  33+ 0000              C_READ      EQU 1          ; console input (echoed) -> A
  34+ 0000              C_WRITE     EQU 2          ; console output (E = char)
  35+ 0000              A_READ      EQU 3          ; reader (AUX) input -> A
  36+ 0000              A_WRITE     EQU 4          ; punch (AUX) output (E = char)
  37+ 0000              L_WRITE     EQU 5          ; list (printer) output (E = char)
  38+ 0000              C_RAWIO     EQU 6          ; direct console I/O (E=$FF read / else write)
  39+ 0000              A_STATIN    EQU 7          ; get IOBYTE -> A
  40+ 0000              A_STATOUT   EQU 8          ; set IOBYTE (E = value)
  41+ 0000              C_WRITESTR  EQU 9          ; print '$'-terminated string (DE -> string)
  42+ 0000              C_READSTR   EQU 10         ; buffered console line input (DE -> buffer)
  43+ 0000              C_STAT      EQU 11         ; console status -> A (0 = none ready)
  44+ 0000              S_BDOSVER   EQU 12         ; return BDOS version -> HL
  45+ 0000              DRV_ALLRESET EQU 13        ; reset disk system
  46+ 0000              DRV_SET     EQU 14         ; select drive (E = 0=A..15=P)
  47+ 0000              F_OPEN      EQU 15         ; open file (DE -> FCB)
  48+ 0000              F_CLOSE     EQU 16         ; close file (DE -> FCB)
  49+ 0000              F_SFIRST    EQU 17         ; search for first (DE -> FCB)
  50+ 0000              F_SNEXT     EQU 18         ; search for next
  51+ 0000              F_DELETE    EQU 19         ; delete file (DE -> FCB)
  52+ 0000              F_READ      EQU 20         ; read sequential (DE -> FCB)
  53+ 0000              F_WRITE     EQU 21         ; write sequential (DE -> FCB)
  54+ 0000              F_MAKE      EQU 22         ; create file (DE -> FCB)
  55+ 0000              F_RENAME    EQU 23         ; rename file (DE -> FCB)
  56+ 0000              DRV_LOGINVEC EQU 24        ; return login vector -> HL
  57+ 0000              DRV_GET     EQU 25         ; return current drive -> A
  58+ 0000              F_DMAOFF    EQU 26         ; set DMA address (DE)
  59+ 0000              DRV_ALLOCVEC EQU 27        ; return allocation vector -> HL
  60+ 0000              DRV_SETRO   EQU 28         ; write-protect current drive
  61+ 0000              DRV_ROVEC   EQU 29         ; return read-only vector -> HL
  62+ 0000              F_ATTRIB    EQU 30         ; set file attributes (DE -> FCB)
  63+ 0000              DRV_DPB     EQU 31         ; return DPB address -> HL
  64+ 0000              F_USERNUM   EQU 32         ; get/set user number (E=$FF get / else set)
  65+ 0000              F_READRAND  EQU 33         ; read random (DE -> FCB)
  66+ 0000              F_WRITERAND EQU 34         ; write random (DE -> FCB)
  67+ 0000              F_SIZE      EQU 35         ; compute file size (DE -> FCB)
  68+ 0000              F_RANDREC   EQU 36         ; set random record (DE -> FCB)
  69+ 0000              DRV_RESET   EQU 37         ; reset drives (DE = drive vector)
  70+ 0000              F_WRITEZF   EQU 40         ; write random with zero fill (DE -> FCB)
  71+ 0000
  72+ 0000              ; ---- FCB field offsets (from the start of a 36-byte FCB) ------------------------
  73+ 0000              ; ---------------------------------------------------------------------------
  74+ 0000              ; CP/M 2.2 on-disk / in-memory STRUCTURES.
  75+ 0000              ;
  76+ 0000              ; These replace the flat FCB_* offset EQUs that used to live here. A structure
  77+ 0000              ; gives the field a NAME at the use site instead of a bare number, and it lets a
  78+ 0000              ; step between two fields be written as arithmetic on the names, which a magic
  79+ 0000              ; number cannot be checked against. That is the same rule the repo already
  80+ 0000              ; applies to code sizes (a size is label-after minus label-on-first-byte).
  81+ 0000              ;
  82+ 0000              ; It is not cosmetic. Every structure below had a field mislabelled in the
  83+ 0000              ; sources at some point, and each time the cause was the same: the operand was a
  84+ 0000              ; bare number, so nothing contradicted a wrong comment. FCB offset 12 was called
  85+ 0000              ; "the current-record byte" at twelve sites across two trees; the DPB byte the
  86+ 0000              ; deblock tests was called a "deblock flag"; the DPH word holding the DPB pointer
  87+ 0000              ; was reached by an unnamed +10.
  88+ 0000              ;
  89+ 0000              ; A DIRECTORY ENTRY and an FCB are the same 32 bytes, with the FCB adding four:
  90+ 0000              ;
  91+ 0000              ;      0                              31 32   33 34 35
  92+ 0000              ;     +--------------------------------+-----+--------+
  93+ 0000              ;     |          DIRENT (32)           | CR  | R0 R1 R2|
  94+ 0000              ;     +--------------------------------+-----+--------+
  95+ 0000              ;     |<---------- FCB (36) ---------------------------->|
  96+ 0000              ;
  97+ 0000              ; So reach a shared field through the structure you actually hold:
  98+ 0000              ;   holding an FCB          ->  FCB.DIRENT.EX
  99+ 0000              ;   holding a directory     ->  DIRENT.EX          (e.g. entries in DIRBUF)
 100+ 0000              ; Both are 12. The difference is that the NAME states which one the code has,
 101+ 0000              ; and that distinction is real: ALLOC_FROM_FCB, despite its name, walks a
 102+ 0000              ; DIRECTORY ENTRY out of DIRBUF, not a user FCB.
 103+ 0000              ; ---------------------------------------------------------------------------
 104+ 0000                  STRUCT DIRENT
 105+ 0000 ~            ST          BYTE           ; 0   status. In a DIRECTORY entry this is the user
 106+ 0000 ~                                       ;     number (0..31), or $E5 for a free/deleted slot.
 107+ 0000 ~                                       ;     In an FCB the same byte is DRI's DR, the drive
 108+ 0000 ~                                       ;     code (0 = default, 1..16 = A..P). One byte, two
 109+ 0000 ~                                       ;     meanings, depending on which structure you hold.
 110+ 0000 ~            FN          BLOCK 8        ; 1   filename, space-padded
 111+ 0000 ~            FT          BLOCK 3        ; 9   filetype; high bits flag R/O, SYS, archive
 112+ 0000 ~            EX          BYTE           ; 12  extent number, LOW 5 BITS ONLY. The extent is a
 113+ 0000 ~                                       ;     PAIR: EX + 32*S2. This is NOT the current record;
 114+ 0000 ~                                       ;     CR is at offset 32 and is 7 bits (0..127).
 115+ 0000 ~            S1          BYTE           ; 13  reserved
 116+ 0000 ~            S2          BYTE           ; 14  extent number, high bits (see EX)
 117+ 0000 ~            RC          BYTE           ; 15  record count for the current extent (0..128)
 118+ 0000 ~            AL          BLOCK 16       ; 16  allocation map: 16 block bytes, or 8 block words
 119+ 0000 ~                                       ;     when DSM > 255 (see BLOCK_WIDTH_FLAG)
 120+ 0000                  ENDS                   ; = 32
 121+ 0000
 122+ 0000                  STRUCT FCB
 123+ 0000 ~            DIRENT      DIRENT         ; 0   the directory-entry image, byte for byte
 124+ 0000 ~            CR          BYTE           ; 32  current record within the extent (0..127)
 125+ 0000 ~            R0          BYTE           ; 33  random record number, low byte
 126+ 0000 ~            R1          BYTE           ; 34  random record number, middle byte
 127+ 0000 ~            R2          BYTE           ; 35  random record number, high byte (overflow)
 128+ 0000                  ENDS                   ; = 36
 129+ 0000
 130+ 0000                  ASSERT DIRENT == 32                  ; a directory entry is 32 bytes
 131+ 0000                  ASSERT FCB.CR == DIRENT              ; CR begins where the directory entry ends
 132+ 0000                  ASSERT FCB == DIRENT + 4
 133+ 0000                  ASSERT FCB.DIRENT.EX == DIRENT.EX    ; the prefix really is shared
 134+ 0000
 135+ 0000              ; Disk Parameter Block, the 15 bytes the BIOS hands the BDOS per drive.
 136+ 0000              ; NAMED *_LAYOUT because the OS sources already use DPB, DPH_TABLE, SPT, DSM and OFF as
 137+ 0000              ; INSTANCE labels for the real data block in CPM_BIOS.asm. This is the TYPE, not the instance.
 138+ 0000                  STRUCT DPB_LAYOUT
 139+ 0000 ~            SPT         WORD           ; 0   sectors (128-byte RECORDS) per track
 140+ 0000 ~            BSH         BYTE           ; 2   block shift: log2(records per block)
 141+ 0000 ~            BLM         BYTE           ; 3   block mask: (records per block) - 1
 142+ 0000 ~            EXM         BYTE           ; 4   extent mask
 143+ 0000 ~            DSM         WORD           ; 5   highest allocation block number
 144+ 0000 ~            DRM         WORD           ; 7   highest directory entry number
 145+ 0000 ~            AL0         BYTE           ; 9   directory-reserved block bitmap, high byte
 146+ 0000 ~            AL1         BYTE           ; 10  ditto, low byte
 147+ 0000 ~            CKS         WORD           ; 11  directory checksum vector size
 148+ 0000 ~            OFF         WORD           ; 13  reserved tracks before the file area
 149+ 0000                  ENDS                   ; = 15
 150+ 0000
 151+ 0000                  ASSERT DPB_LAYOUT.DSM == 5      ; SELDSK reaches the DSM byte with a bare +5
 152+ 0000                  ASSERT DPB_LAYOUT == 15
 153+ 0000
 154+ 0000              ; Disk Parameter Header, one per drive, 16 bytes.
 155+ 0000                  STRUCT DPH_LAYOUT
 156+ 0000 ~            XLT         WORD           ; 0   sector-translate table, or 0 for none
 157+ 0000 ~            SCRATCH     BLOCK 6        ; 2   BDOS scratch (3 words)
 158+ 0000 ~            DIRBUF      WORD           ; 8   -> the 128-byte directory buffer (one per system)
 159+ 0000 ~            DPB         WORD           ; 10  -> this drive's DPB
 160+ 0000 ~            CSV         WORD           ; 12  -> directory checksum vector
 161+ 0000 ~            ALV         WORD           ; 14  -> allocation vector
 162+ 0000                  ENDS                   ; = 16
 163+ 0000
 164+ 0000                  ASSERT DPH_LAYOUT.DPB == 10     ; SELDSK reaches the DPB pointer with a bare +10
 165+ 0000                  ASSERT DPH_LAYOUT == 16
 166+ 0000
 167+ 0000
 168+ 0000                  ENDIF
 169+ 0000
# file closed: cpm22.inc
  13  0000                  INCLUDE "cpm_system_220.inc"
# file opened: cpm_system_220.inc
   1+ 0000              ; ============================================================================
   2+ 0000              ; cpm_system_220.inc -- CP/M 2.20 (44K) cross-module system contract
   3+ 0000              ; ----------------------------------------------------------------------------
   4+ 0000              ; The de-skewed 2.20-44K system image is TWO independent compilations -- the CCP
   5+ 0000              ; ($9400-$9BFF) and the BDOS ($9C00-$A9FF) -- decoded at their true RUNTIME
   6+ 0000              ; addresses (see ../docs/CPM_Skew_Findings.md). On the correctly-addressed source
   7+ 0000              ; the two are almost decoupled: the CCP calls the BDOS only through the page-zero
   8+ 0000              ; $0005 ABI (cpm22.inc :: BDOS), and the ONLY direct cross-module symbols are the
   9+ 0000              ; two module bases below. They are defined ONCE here and INCLUDEd by both modules
  10+ 0000              ; (never duplicated -- feedback_no_duplicate_symbol_definitions). The earlier
  11+ 0000              ; "59 CCP->BDOS cross-refs" were sector-skew artifacts and do not exist on the
  12+ 0000              ; de-skewed source.
  13+ 0000              ; ============================================================================
  14+ 0000
  15+ 0000              ; Memory-config axis: the 56K (Language Card) system is the 44K image lifted +$3000
  16+ 0000              ; (CCP $9400->$C400, BDOS $9C00->$CC00, BIOS $AA00->$DA00 = Apple LC $D400/$DC00/$EA00).
  17+ 0000              ; Because every address below is derived from this single offset, defining CFG_56K
  18+ 0000              ; (the build's -D flag) re-homes the whole 2.20 OS by re-assembly alone -- no per-cell
  19+ 0000              ; edits. See ../docs/CPM_56K_60K_Fold_Plan.md.
  20+ 0000                  IFDEF CFG_56K
  21+ 0000 ~            OS_RELOC   EQU $3000      ; 56K: OS relocated into the Apple Language Card
  22+ 0000                  ELSE
  23+ 0000              OS_RELOC   EQU $0000      ; 44K: OS in main RAM (the base build)
  24+ 0000                  ENDIF
  25+ 0000
  26+ 0000              CCP_ENTRY  EQU $9400 + OS_RELOC  ; CBASE: CCP cold entry (JP cold-start); BDOS fn 0 / warm boot returns here
  27+ 0000              BDOS_FBASE EQU $9C00 + OS_RELOC  ; FBASE: BDOS image base (6-byte serial + JP +6 entry); top-of-TPA marker the CCP loads
  28+ 0000              BIOS_FBASE EQU $AA00 + OS_RELOC  ; WBOOT/BIOS base = the first byte PAST the BDOS image (CPM_BDOS asserts $ == this)
  29+ 0000
  30+ 0000              ; Region sizes are computed from the contiguous module boundaries above -- never a magic
  31+ 0000              ; number -- so they track the image layout (and the byte gate catches any overrun via the
  32+ 0000              ; CPM_BDOS end-of-image ASSERT). CCP -> BDOS -> BIOS are back-to-back.
  33+ 0000              CCP_SIZE   EQU BDOS_FBASE - CCP_ENTRY     ; $0800: CCP image size  = (first BDOS byte) - (first CCP byte)
  34+ 0000              BDOS_SIZE  EQU BIOS_FBASE - BDOS_FBASE    ; $0E00: BDOS image size = (byte after BDOS) - (first BDOS byte)
  35+ 0000
  36+ 0000              ; --- CCP cells referenced cross-module (single source of truth, by label arithmetic) ---
  37+ 0000              ; CCP_INLEN ($9407 = CCP_ENTRY+7): the CCP console-line returned-count byte (CCP_INBUF+1).
  38+ 0000              ; It doubles as the staged / auto-command flag -- nonzero on CCP entry means a command line
  39+ 0000              ; is already staged in CCP_CMDTEXT and is re-parsed instead of re-prompting (the SUBMIT/$SUB
  40+ 0000              ; chaining hook). The CCP warm-start clears it; the 2.20B BIOS warm-boot path ALSO clears it
  41+ 0000              ; (XOR A; LD (CCP_INLEN),A) so a BIOS-driven warm boot discards any stale staged command and
  42+ 0000              ; the CCP re-prompts cleanly. (The base 2.20 BIOS does not reference it; this is the lone
  43+ 0000              ; genuine BIOS->CCP cell, introduced by 2.20B.)
  44+ 0000              CCP_INLEN  EQU CCP_ENTRY + 7
  45+ 0000
# file closed: cpm_system_220.inc
  14  0000                  ORG CCP_ENTRY                 ; $9400 (44K) or $C400 (CFG_56K)
  15  9400                  ENDIF
  16  9400
  17  9400              ; ----------------------------------------------------------------------
  18  9400              ; CCP_ENTRY -- CCP cold/warm entry; jump to the main login-and-prompt setup.
  19  9400              ;   In: C = (drive<<4 | user) packed login byte passed by the BIOS warm boot.
  20  9400              ;   Out: never returns (sets up the CCP then enters the command loop).
  21  9400              ;   Clobbers: all.
  22  9400              ;   Algorithm: JP to the CCP login setup at CCP_COLD_ENTRY ($975C). The 3 bytes after
  23  9400              ;     the JP are a second entry vector 'JP $9758' (C3 58 97); $9758 is CCP_WARM_ENTRY
  24  9400              ;     (clears CCP_INLEN, then re-runs the login setup) -- the warm-start re-entry.
  25  9400              ;   [RE] Standard CP/M 2.2 CCP base (CBASE).
  26  9400              ; ----------------------------------------------------------------------
  27  9400              ; (CCP_ENTRY == module base; defined in cpm_system_220.inc)
  28  9400                      ; enter CCP login setup: reset SP, log in drive/user
  29  9400 C3 5C 97             JP CCP_COLD_ENTRY
  30  9403 C3 58 97             DEFB    $C3,$58,$97+(OS_RELOC>>8)
  31  9406              ; ----------------------------------------------------------------------
  32  9406              ; CCP_INBUF -- console line-input buffer descriptor for C_READSTR.
  33  9406              ;   Layout: byte0 ($9406)=max length ($7F=127), byte1 ($9407)=returned count,
  34  9406              ;     bytes2.. ($9408)=the typed command line (also the CCP work text area).
  35  9406              ;   [RE] Standard CP/M 2.2 CCP command buffer.
  36  9406              ; ----------------------------------------------------------------------
  37  9406              CCP_INBUF:
  38  9406 7F                   DEFB    $7F
  39  9407              ; ----------------------------------------------------------------------
  40  9407              ; CCP_INLEN -- count of characters returned by the last C_READSTR (buffer fill).
  41  9407              ;   Also doubles as the auto-command flag: nonzero on entry means a command string
  42  9407              ;   is already staged in CCP_CMDTEXT and is re-parsed instead of re-prompting.
  43  9407              ;   Cross-module cell: CCP_INLEN = CCP_ENTRY+7 is defined ONCE in cpm_system_220.inc
  44  9407              ;   (the 2.20B BIOS warm-boot path clears it); here we only emit + position-check its byte.
  45  9407              ;   [RE]
  46  9407              ; ----------------------------------------------------------------------
  47  9407                      ASSERT $ == CCP_INLEN            ; CCP_ENTRY+7, per cpm_system_220.inc
  48  9407 00                   DEFB    "\0"
  49  9408              ; ----------------------------------------------------------------------
  50  9408              ; CCP_CMDTEXT -- the command-line text area (CCP_INBUF+2).
  51  9408              ;   Holds the upper-cased command line being parsed. On cold start it carries
  52  9408              ;   16 spaces, the DRI string 'COPYRIGHT (C) 1979, DIGITAL RESEARCH  ', a NUL, then
  53  9408              ;   73 zero pad bytes -- this fixed init doubles as the CCP scratch/line area.
  54  9408              ;   [RE]
  55  9408              ; ----------------------------------------------------------------------
  56  9408              CCP_CMDTEXT:
  57  9408 20 20 20...          DEFS    16, $20                  ; fill
  58  9418 43 4F 50 59          DEFB    "COPYRIGHT (C) 1979, DIGITAL RESEARCH  " ; string
  58  941C 52 49 47 48
  58  9420 54 20 28 43
  58  9424 29 20 31 39
  58  9428 37 39 2C 20
  58  942C 44 49 47 49
  58  9430 54 41 4C 20
  58  9434 52 45 53 45
  58  9438 41 52 43 48
  58  943C 20 20
  59  943E 00                   DEFB    $00                      ; terminator
  60  943F 00 00 00...          DEFS    73, $00                  ; fill
  61  9488              ; ----------------------------------------------------------------------
  62  9488              ; CCP_PARSEPTR -- 16-bit scan pointer into CCP_CMDTEXT used during command parse.
  63  9488              ;   Initialized to CCP_CMDTEXT ($9408); advanced as tokens are consumed.
  64  9488              ;   [RE]
  65  9488              ; ----------------------------------------------------------------------
  66  9488              CCP_PARSEPTR:
  67  9488 08 94                DEFB    $08,$94+(OS_RELOC>>8)
  68  948A              ; ----------------------------------------------------------------------
  69  948A              ; CCP_TOKENPTR -- 16-bit pointer to the start of the current token.
  70  948A              ;   Saved by the FCB builder and reused by the bad-character echo routine.
  71  948A              ;   [RE]
  72  948A              ; ----------------------------------------------------------------------
  73  948A              CCP_TOKENPTR:
  74  948A 00 00                DEFB    "\0\0"
  75  948C              ; ----------------------------------------------------------------------
  76  948C              ; CCP_CONOUT -- write one character to the console via BDOS C_WRITE.
  77  948C              ;   In: A = character to emit.
  78  948C              ;   Out: none (BDOS return ignored).
  79  948C              ;   Clobbers: C, E; BDOS clobbers per ABI.
  80  948C              ;   Algorithm: E:=A; C:=C_WRITE(2); JP BDOS.
  81  948C              ;   [RE]
  82  948C              ; ----------------------------------------------------------------------
  83  948C              CCP_CONOUT:
  84  948C                      ; E = char to print
  85  948C 5F                   LD E,A
  86  948D                      ; C_WRITE = 2
  87  948D 0E 02                LD C,$02
  88  948F                      ; tail-call BDOS to emit the char
  89  948F C3 05 00             JP $0005
  90  9492              ; ----------------------------------------------------------------------
  91  9492              ; CCP_CONOUT_KEEPBC -- print one char (CCP_CONOUT) preserving BC.
  92  9492              ;   In: A = character.
  93  9492              ;   Out: BC unchanged.
  94  9492              ;   Clobbers: A/flags via BDOS; BC saved/restored.
  95  9492              ;   Algorithm: PUSH BC; call CCP_CONOUT; POP BC; RET.
  96  9492              ;   [RE]
  97  9492              ; ----------------------------------------------------------------------
  98  9492              CCP_CONOUT_KEEPBC:
  99  9492 C5                   PUSH BC
 100  9493                      ; emit char, with BC protected
 101  9493 CD 8C 94             CALL CCP_CONOUT
 102  9496 C1                   POP BC
 103  9497 C9                   RET
 104  9498              ; ----------------------------------------------------------------------
 105  9498              ; CCP_CRLF -- emit a carriage-return + line-feed to the console.
 106  9498              ;   In: none.
 107  9498              ;   Out: cursor at start of next line; BC preserved.
 108  9498              ;   Clobbers: A/flags.
 109  9498              ;   Algorithm: print CR ($0D) then LF ($0A), each via CCP_CONOUT_KEEPBC.
 110  9498              ;   [RE]
 111  9498              ; ----------------------------------------------------------------------
 112  9498              CCP_CRLF:
 113  9498                      ; CR
 114  9498 3E 0D                LD A,$0D
 115  949A CD 92 94             CALL CCP_CONOUT_KEEPBC
 116  949D                      ; LF
 117  949D 3E 0A                LD A,$0A
 118  949F C3 92 94             JP CCP_CONOUT_KEEPBC
 119  94A2              ; ----------------------------------------------------------------------
 120  94A2              ; CCP_SPACE -- emit a single blank to the console.
 121  94A2              ;   In: none.  Out: BC preserved.  Clobbers: A/flags.
 122  94A2              ;   Algorithm: A:=' ' ($20); JP CCP_CONOUT_KEEPBC.
 123  94A2              ;   [RE]
 124  94A2              ; ----------------------------------------------------------------------
 125  94A2              CCP_SPACE:
 126  94A2                      ; space character
 127  94A2 3E 20                LD A,$20
 128  94A4 C3 92 94             JP CCP_CONOUT_KEEPBC
 129  94A7              ; ----------------------------------------------------------------------
 130  94A7              ; CCP_CRLF_MSG -- emit CR/LF then print a NUL-terminated message.
 131  94A7              ;   In: BC -> NUL-terminated message string.
 132  94A7              ;   Out: message printed after a new line.
 133  94A7              ;   Clobbers: A, HL, BC.
 134  94A7              ;   Algorithm: CCP_CRLF; HL:=BC (via PUSH BC/POP HL); fall into CCP_PUTS.
 135  94A7              ;   [RE] Used by the 'READ ERROR' / 'NO FILE' message printers.
 136  94A7              ; ----------------------------------------------------------------------
 137  94A7              CCP_CRLF_MSG:
 138  94A7 C5                   PUSH BC
 139  94A8                      ; new line before the message
 140  94A8 CD 98 94             CALL CCP_CRLF
 141  94AB                      ; HL = message pointer (was BC)
 142  94AB E1                   POP HL
 143  94AC              ; ----------------------------------------------------------------------
 144  94AC              ; CCP_PUTS -- print a NUL-terminated string to the console.
 145  94AC              ;   In: HL -> string.
 146  94AC              ;   Out: HL past the terminator on exit (loop stops at the NUL).
 147  94AC              ;   Clobbers: A, HL.
 148  94AC              ;   Algorithm: loop: A:=(HL); if A==0 RET; INC HL; emit A via CCP_CONOUT;
 149  94AC              ;     repeat.
 150  94AC              ;   [RE]
 151  94AC              ; ----------------------------------------------------------------------
 152  94AC              CCP_PUTS:
 153  94AC                      ; fetch next char
 154  94AC 7E                   LD A,(HL)
 155  94AD B7                   OR A
 156  94AE                      ; NUL terminates the string
 157  94AE C8                   RET Z
 158  94AF 23                   INC HL
 159  94B0 E5                   PUSH HL
 160  94B1                      ; emit this char
 161  94B1 CD 8C 94             CALL CCP_CONOUT
 162  94B4 E1                   POP HL
 163  94B5 C3 AC 94             JP CCP_PUTS
 164  94B8              ; ----------------------------------------------------------------------
 165  94B8              ; BDOS_DRV_ALLRESET -- reset the disk system (BDOS function 13).
 166  94B8              ;   In: none.  Out: per BDOS.  Clobbers: per BDOS ABI.
 167  94B8              ;   Algorithm: C:=DRV_ALLRESET($0D); JP BDOS.
 168  94B8              ;   [RE]
 169  94B8              ; ----------------------------------------------------------------------
 170  94B8              BDOS_DRV_ALLRESET:
 171  94B8                      ; DRV_ALLRESET = 13
 172  94B8 0E 0D                LD C,$0D
 173  94BA C3 05 00             JP $0005
 174  94BD              ; ----------------------------------------------------------------------
 175  94BD              ; BDOS_DRV_SET -- select the default drive (BDOS function 14).
 176  94BD              ;   In: A = drive number (0=A..15=P).
 177  94BD              ;   Out: per BDOS.  Clobbers: C, E; BDOS ABI.
 178  94BD              ;   Algorithm: E:=A; C:=DRV_SET($0E); JP BDOS.
 179  94BD              ;   [RE]
 180  94BD              ; ----------------------------------------------------------------------
 181  94BD              BDOS_DRV_SET:
 182  94BD 5F                   LD E,A
 183  94BE                      ; DRV_SET = 14
 184  94BE 0E 0E                LD C,$0E
 185  94C0 C3 05 00             JP $0005
 186  94C3              ; ----------------------------------------------------------------------
 187  94C3              ; BDOS_FCB_OP -- call BDOS then record the result in CCP_OPENDIRCODE.
 188  94C3              ;   In: C = BDOS function number, DE -> FCB (set by the caller).
 189  94C3              ;   Out: A = BDOS return+1; Z set if the raw code was $FF (error/not-found);
 190  94C3              ;     CCP_OPENDIRCODE ($9BEE) := the raw BDOS result code.
 191  94C3              ;   Clobbers: A/flags.
 192  94C3              ;   Algorithm: CALL BDOS; store A to CCP_OPENDIRCODE; INC A (so $FF->0 sets Z
 193  94C3              ;     meaning 'failed'); RET.  Shared tail for the open/close/search/make-style
 194  94C3              ;     wrappers (those whose error sentinel is $FF).
 195  94C3              ;   [RE]
 196  94C3              ; ----------------------------------------------------------------------
 197  94C3              BDOS_FCB_OP:
 198  94C3                      ; invoke BDOS with C=function, DE=FCB
 199  94C3 CD 05 00             CALL $0005
 200  94C6                      ; save raw BDOS directory code
 201  94C6 32 EE 9B             LD (CCP_BDOS_RESULT),A
 202  94C9                      ; $FF->0 so Z flags 'error/not found'
 203  94C9 3C                   INC A
 204  94CA C9                   RET
 205  94CB              ; ----------------------------------------------------------------------
 206  94CB              ; BDOS_F_OPEN -- open the file named by DE (BDOS function 15).
 207  94CB              ;   In: DE -> FCB.
 208  94CB              ;   Out: A/Z per BDOS_FCB_OP (Z = open failed).
 209  94CB              ;   Clobbers: A/flags.
 210  94CB              ;   Algorithm: C:=F_OPEN($0F); JP BDOS_FCB_OP.
 211  94CB              ;   [RE]
 212  94CB              ; ----------------------------------------------------------------------
 213  94CB              BDOS_F_OPEN:
 214  94CB                      ; F_OPEN = 15
 215  94CB 0E 0F                LD C,$0F
 216  94CD C3 C3 94             JP BDOS_FCB_OP
 217  94D0              ; ----------------------------------------------------------------------
 218  94D0              ; CCP_OPEN_SUBMIT -- open the staged command FCB at record 0.
 219  94D0              ;   In: CCP command FCB at CCP_FCB ($9BCD) holds the file name.
 220  94D0              ;   Out: A/Z per BDOS_F_OPEN.
 221  94D0              ;   Clobbers: A/flags, DE.
 222  94D0              ;   Algorithm: clear CCP_CURREC ($9BED, current-record byte); DE:=CCP_FCB; JP
 223  94D0              ;     BDOS_F_OPEN.
 224  94D0              ;   [RE] Opens the parsed command file (e.g. before a chained read).
 225  94D0              ; ----------------------------------------------------------------------
 226  94D0              CCP_OPEN_SUBMIT:
 227  94D0 AF                   XOR A
 228  94D1                      ; current record := 0
 229  94D1 32 ED 9B             LD (CCP_FCB_CR),A
 230  94D4                      ; DE -> CCP command FCB
 231  94D4 11 CD 9B             LD DE,CCP_FCB
 232  94D7 C3 CB 94             JP BDOS_F_OPEN
 233  94DA              ; ----------------------------------------------------------------------
 234  94DA              ; BDOS_F_CLOSE -- close the file named by DE (BDOS function 16).
 235  94DA              ;   In: DE -> FCB.  Out: A/Z per BDOS_FCB_OP.  Clobbers: A/flags.
 236  94DA              ;   Algorithm: C:=F_CLOSE_HND($10); JP BDOS_FCB_OP.
 237  94DA              ;   [RE]
 238  94DA              ; ----------------------------------------------------------------------
 239  94DA              BDOS_F_CLOSE:
 240  94DA                      ; F_CLOSE_HND = 16
 241  94DA 0E 10                LD C,$10
 242  94DC C3 C3 94             JP BDOS_FCB_OP
 243  94DF              ; ----------------------------------------------------------------------
 244  94DF              ; BDOS_F_SFIRST -- search-for-first matching directory entry (BDOS function 17).
 245  94DF              ;   In: DE -> FCB (may contain '?' wildcards).
 246  94DF              ;   Out: A = directory index 0..3 or $FF if none; Z per BDOS_FCB_OP.
 247  94DF              ;   Clobbers: A/flags.
 248  94DF              ;   Algorithm: C:=F_SFIRST($11); JP BDOS_FCB_OP.
 249  94DF              ;   [RE]
 250  94DF              ; ----------------------------------------------------------------------
 251  94DF              BDOS_F_SFIRST:
 252  94DF                      ; F_SFIRST = 17
 253  94DF 0E 11                LD C,$11
 254  94E1 C3 C3 94             JP BDOS_FCB_OP
 255  94E4              ; ----------------------------------------------------------------------
 256  94E4              ; BDOS_F_SNEXT -- search-for-next matching directory entry (BDOS function 18).
 257  94E4              ;   In: prior F_SFIRST/F_SNEXT context.
 258  94E4              ;   Out: A = next directory index or $FF; Z per BDOS_FCB_OP.
 259  94E4              ;   Clobbers: A/flags.
 260  94E4              ;   Algorithm: C:=F_SNEXT($12); JP BDOS_FCB_OP.
 261  94E4              ;   [RE]
 262  94E4              ; ----------------------------------------------------------------------
 263  94E4              BDOS_F_SNEXT:
 264  94E4                      ; F_SNEXT = 18
 265  94E4 0E 12                LD C,$12
 266  94E6 C3 C3 94             JP BDOS_FCB_OP
 267  94E9              ; ----------------------------------------------------------------------
 268  94E9              ; CCP_SEARCH_FIRST_SUBMIT -- search-for-first on the CCP command FCB.
 269  94E9              ;   In: CCP command FCB at CCP_FCB ($9BCD).
 270  94E9              ;   Out: A/Z per BDOS_F_SFIRST.
 271  94E9              ;   Clobbers: A/flags, DE.
 272  94E9              ;   Algorithm: DE:=CCP_FCB; JP BDOS_F_SFIRST.
 273  94E9              ;   [RE]
 274  94E9              ; ----------------------------------------------------------------------
 275  94E9              CCP_SEARCH_FIRST_SUBMIT:
 276  94E9                      ; DE -> CCP command FCB
 277  94E9 11 CD 9B             LD DE,CCP_FCB
 278  94EC C3 DF 94             JP BDOS_F_SFIRST
 279  94EF              ; ----------------------------------------------------------------------
 280  94EF              ; BDOS_F_DELETE -- delete the file named by DE (BDOS function 19).
 281  94EF              ;   In: DE -> FCB.  Out: per BDOS.  Clobbers: per BDOS ABI.
 282  94EF              ;   Algorithm: C:=F_DELETE_HND($13); JP BDOS.
 283  94EF              ;   [RE]
 284  94EF              ; ----------------------------------------------------------------------
 285  94EF              BDOS_F_DELETE:
 286  94EF                      ; F_DELETE_HND = 19
 287  94EF 0E 13                LD C,$13
 288  94F1 C3 05 00             JP $0005
 289  94F4              ; ----------------------------------------------------------------------
 290  94F4              ; BDOS_CALL_TESTERR -- call BDOS then set Z=1 only when A==0 (success).
 291  94F4              ;   In: C = BDOS function, DE -> FCB.
 292  94F4              ;   Out: A = BDOS code; flags from OR A (Z if A==0, i.e. read/write OK).
 293  94F4              ;   Clobbers: flags.
 294  94F4              ;   Algorithm: CALL BDOS; OR A; RET.  Shared tail for the read/write wrappers
 295  94F4              ;     where 0 = success and nonzero = error/EOF.
 296  94F4              ;   [RE]
 297  94F4              ; ----------------------------------------------------------------------
 298  94F4              BDOS_CALL_TESTERR:
 299  94F4                      ; invoke BDOS
 300  94F4 CD 05 00             CALL $0005
 301  94F7                      ; Z=1 means success (A==0)
 302  94F7 B7                   OR A
 303  94F8 C9                   RET
 304  94F9              ; ----------------------------------------------------------------------
 305  94F9              ; BDOS_F_READ -- read the next sequential record (BDOS function 20).
 306  94F9              ;   In: DE -> FCB; DMA set elsewhere.
 307  94F9              ;   Out: A = 0 on success / nonzero on error or EOF; Z per BDOS_CALL_TESTERR.
 308  94F9              ;   Clobbers: flags.
 309  94F9              ;   Algorithm: C:=F_READ($14); JP BDOS_CALL_TESTERR.
 310  94F9              ;   [RE]
 311  94F9              ; ----------------------------------------------------------------------
 312  94F9              BDOS_F_READ:
 313  94F9                      ; F_READ = 20
 314  94F9 0E 14                LD C,$14
 315  94FB C3 F4 94             JP BDOS_CALL_TESTERR
 316  94FE              ; ----------------------------------------------------------------------
 317  94FE              ; CCP_READ_SUBMIT -- read the next record of the CCP command FCB.
 318  94FE              ;   In: CCP command FCB at CCP_FCB ($9BCD); DMA preset by the caller.
 319  94FE              ;   Out: A/Z per BDOS_F_READ.
 320  94FE              ;   Clobbers: flags, DE.
 321  94FE              ;   Algorithm: DE:=CCP_FCB; JP BDOS_F_READ.
 322  94FE              ;   [RE]
 323  94FE              ; ----------------------------------------------------------------------
 324  94FE              CCP_READ_SUBMIT:
 325  94FE                      ; DE -> CCP command FCB
 326  94FE 11 CD 9B             LD DE,CCP_FCB
 327  9501 C3 F9 94             JP BDOS_F_READ
 328  9504              ; ----------------------------------------------------------------------
 329  9504              ; BDOS_F_WRITE -- write the next sequential record (BDOS function 21).
 330  9504              ;   In: DE -> FCB; DMA holds the record.
 331  9504              ;   Out: A = 0 on success / nonzero on error; Z per BDOS_CALL_TESTERR.
 332  9504              ;   Clobbers: flags.
 333  9504              ;   Algorithm: C:=F_WRITE($15); JP BDOS_CALL_TESTERR.
 334  9504              ;   [RE]
 335  9504              ; ----------------------------------------------------------------------
 336  9504              BDOS_F_WRITE:
 337  9504                      ; F_WRITE = 21
 338  9504 0E 15                LD C,$15
 339  9506 C3 F4 94             JP BDOS_CALL_TESTERR
 340  9509              ; ----------------------------------------------------------------------
 341  9509              ; BDOS_F_MAKE -- create the file named by DE (BDOS function 22).
 342  9509              ;   In: DE -> FCB.  Out: A/Z per BDOS_FCB_OP (Z = create failed/dir full).
 343  9509              ;   Clobbers: A/flags.
 344  9509              ;   Algorithm: C:=F_MAKE($16); JP BDOS_FCB_OP.
 345  9509              ;   [RE]
 346  9509              ; ----------------------------------------------------------------------
 347  9509              BDOS_F_MAKE:
 348  9509                      ; F_MAKE = 22
 349  9509 0E 16                LD C,$16
 350  950B C3 C3 94             JP BDOS_FCB_OP
 351  950E              ; ----------------------------------------------------------------------
 352  950E              ; BDOS_F_RENAME -- rename a file (BDOS function 23).
 353  950E              ;   In: DE -> FCB whose first 16 bytes name the old file and second 16 the new.
 354  950E              ;   Out: per BDOS.  Clobbers: per BDOS ABI.
 355  950E              ;   Algorithm: C:=F_RENAME_HND($17); JP BDOS.
 356  950E              ;   [RE]
 357  950E              ; ----------------------------------------------------------------------
 358  950E              BDOS_F_RENAME:
 359  950E                      ; F_RENAME_HND = 23
 360  950E 0E 17                LD C,$17
 361  9510 C3 05 00             JP $0005
 362  9513              ; ----------------------------------------------------------------------
 363  9513              ; BDOS_USER_GET -- get the current user number (BDOS function 32, E=$FF).
 364  9513              ;   In: none.  Out: A = current user number (0..15).  Clobbers: A, C, E.
 365  9513              ;   Algorithm: E:=$FF (interrogate); fall into BDOS_USERNUM.
 366  9513              ;   [RE]
 367  9513              ; ----------------------------------------------------------------------
 368  9513              BDOS_USER_GET:
 369  9513                      ; $FF = interrogate (get) user number
 370  9513 1E FF                LD E,$FF
 371  9515              ; ----------------------------------------------------------------------
 372  9515              ; BDOS_USERNUM -- set/get the user number (BDOS function 32).
 373  9515              ;   In: E = user number to set, or $FF to interrogate.
 374  9515              ;   Out: A = user number when interrogating.  Clobbers: A, C; BDOS ABI.
 375  9515              ;   Algorithm: C:=F_USERNUM($20); JP BDOS.
 376  9515              ;   [RE]
 377  9515              ; ----------------------------------------------------------------------
 378  9515              BDOS_USERNUM:
 379  9515                      ; F_USERNUM = 32
 380  9515 0E 20                LD C,$20
 381  9517 C3 05 00             JP $0005
 382  951A              ; ----------------------------------------------------------------------
 383  951A              ; CCP_SET_USERDRIVE -- write the packed user/drive byte into base page $0004.
 384  951A              ;   In: current user (from BDOS_USER_GET) and CCP_CDISK ($9BEF, default drive).
 385  951A              ;   Out: base-page $0004 := (user<<4 | drive); the CP/M default-drive/user cell.
 386  951A              ;   Clobbers: A, HL.
 387  951A              ;   Algorithm: A:=BDOS_USER_GET; A<<=4 (ADD A,A x4); OR in CCP_CDISK; store $0004.
 388  951A              ;   [RE] $0004 is the CP/M default-drive/user cell read by the warm boot.
 389  951A              ; ----------------------------------------------------------------------
 390  951A              CCP_SET_USERDRIVE:
 391  951A                      ; A = current user number
 392  951A CD 13 95             CALL BDOS_USER_GET
 393  951D                      ; user << 4 ...
 394  951D 87                   ADD A,A
 395  951E 87                   ADD A,A
 396  951F 87                   ADD A,A
 397  9520 87                   ADD A,A
 398  9521                      ; HL -> CCP default-drive cell
 399  9521 21 EF 9B             LD HL,CCP_CUR_DRIVE
 400  9524                      ; pack (user<<4 | drive)
 401  9524 B6                   OR (HL)
 402  9525                      ; store login byte to base page $0004
 403  9525 32 04 00             LD ($0004),A
 404  9528 C9                   RET
 405  9529              ; ----------------------------------------------------------------------
 406  9529              ; CCP_SET_DRIVE_ONLY -- write just the default drive into base-page $0004.
 407  9529              ;   In: CCP_CDISK ($9BEF).
 408  9529              ;   Out: $0004 := default drive (user nibble cleared).
 409  9529              ;   Clobbers: A.
 410  9529              ;   Algorithm: A:=CCP_CDISK; store to $0004.
 411  9529              ;   [RE]
 412  9529              ; ----------------------------------------------------------------------
 413  9529              CCP_SET_DRIVE_ONLY:
 414  9529                      ; A = default drive
 415  9529 3A EF 9B             LD A,(CCP_CUR_DRIVE)
 416  952C                      ; store to base page $0004
 417  952C 32 04 00             LD ($0004),A
 418  952F C9                   RET
 419  9530              ; ----------------------------------------------------------------------
 420  9530              ; CCP_UPCASE -- fold one ASCII lower-case letter to upper case.
 421  9530              ;   In: A = character.
 422  9530              ;   Out: A = upper-cased character ('a'..'z' -> 'A'..'Z'); others unchanged.
 423  9530              ;   Clobbers: A/flags.
 424  9530              ;   Algorithm: if A < 'a'($61) RET; if A >= '{'($7B) RET; AND $5F to clear bit5.
 425  9530              ;   [RE]
 426  9530              ; ----------------------------------------------------------------------
 427  9530              CCP_UPCASE:
 428  9530                      ; below 'a' -> leave unchanged
 429  9530 FE 61                CP $61
 430  9532 D8                   RET C
 431  9533                      ; above 'z' -> leave unchanged
 432  9533 FE 7B                CP $7B
 433  9535 D0                   RET NC
 434  9536                      ; clear bit 5: lower -> upper
 435  9536 E6 5F                AND $5F
 436  9538 C9                   RET
 437  9539              ; ----------------------------------------------------------------------
 438  9539              ; CCP_GETCMD -- obtain the next command line (from submit file or console).
 439  9539              ;   In: CCP_SUBMITON ($9BAB) flag; CCP_SUBMITFCB ($9BAC); CCP_INBUF buffer.
 440  9539              ;   Out: CCP_CMDTEXT holds the upper-cased command line ready to parse;
 441  9539              ;     CCP_PARSEPTR set to its start.
 442  9539              ;   Clobbers: A, BC, DE, HL.
 443  9539              ;   Algorithm: if a $$$.SUB submit is active (CCP_SUBMITON != 0): select its drive,
 444  9539              ;     open + read the next record of CCP_SUBMITFCB into TBUFF, set its current-record
 445  9539              ;     cell to 0 and decrement its record count, copy the 128-byte record into
 446  9539              ;     CCP_INBUF, close the submit FCB, then poll the console for a ^C abort; if no
 447  9539              ;     submit (or it ends/errs/aborts) discard submit (CCP_DISCARD_SUBMIT) and do a
 448  9539              ;     console C_READSTR into CCP_INBUF.  Either path falls into CCP_UPCASE_LINE to
 449  9539              ;     fold the line to upper case and reset the parse pointer.
 450  9539              ;   [RE] Standard CP/M 2.2 CCP command-acquire with SUBMIT support.
 451  9539              ; ----------------------------------------------------------------------
 452  9539              CCP_GETCMD:
 453  9539                      ; submit-active flag
 454  9539 3A AB 9B             LD A,(CCP_SUBMIT_FLAG)
 455  953C B7                   OR A
 456  953D                      ; no submit -> read from console
 457  953D CA 96 95             JP Z,CCP_READ_CONSOLE
 458  9540 3A EF 9B             LD A,(CCP_CUR_DRIVE)
 459  9543 B7                   OR A
 460  9544 3E 00                LD A,$00
 461  9546 C4 BD 94             CALL NZ,BDOS_DRV_SET
 462  9549 11 AC 9B             LD DE,CCP_SUB_FCB
 463  954C                      ; open the $$$.SUB submit file
 464  954C CD CB 94             CALL BDOS_F_OPEN
 465  954F CA 96 95             JP Z,CCP_READ_CONSOLE
 466  9552                      ; submit FCB record-count byte (FCB+15)
 467  9552 3A BB 9B             LD A,(CCP_SUB_FCB_CR)
 468  9555 3D                   DEC A
 469  9556 32 CC 9B             LD (CCP_SUB_PREV_REC),A
 470  9559 11 AC 9B             LD DE,CCP_SUB_FCB
 471  955C                      ; read the next submit record into TBUFF
 472  955C CD F9 94             CALL BDOS_F_READ
 473  955F C2 96 95             JP NZ,CCP_READ_CONSOLE
 474  9562                      ; DE -> CCP_INBUF count byte
 475  9562 11 07 94             LD DE,CCP_INLEN
 476  9565 21 80 00             LD HL,$0080
 477  9568 06 80                LD B,$80
 478  956A                      ; copy 128 bytes TBUFF -> CCP_INBUF
 479  956A CD 42 98             CALL COPY_N_BYTES
 480  956D 21 BA 9B             LD HL,CCP_SUB_FCB_S2
 481  9570 36 00                LD (HL),$00
 482  9572 23                   INC HL
 483  9573 35                   DEC (HL)
 484  9574 11 AC 9B             LD DE,CCP_SUB_FCB
 485  9577                      ; close submit FCB to commit the shortened file
 486  9577 CD DA 94             CALL BDOS_F_CLOSE
 487  957A CA 96 95             JP Z,CCP_READ_CONSOLE
 488  957D 3A EF 9B             LD A,(CCP_CUR_DRIVE)
 489  9580 B7                   OR A
 490  9581 C4 BD 94             CALL NZ,BDOS_DRV_SET
 491  9584 21 08 94             LD HL,CCP_CMDTEXT
 492  9587 CD AC 94             CALL CCP_PUTS
 493  958A                      ; poll console for a ^C abort of submit
 494  958A CD C2 95             CALL CCP_CHECK_ABORT
 495  958D CA A7 95             JP Z,CCP_UPCASE_LINE
 496  9590                      ; abort: discard the submit file
 497  9590 CD DD 95             CALL CCP_DISCARD_SUBMIT
 498  9593 C3 82 97             JP CCP_PROMPT_AND_READ
 499  9596              ; ----------------------------------------------------------------------
 500  9596              ; CCP_READ_CONSOLE -- discard any pending submit, then read a console line.
 501  9596              ;   In: none.
 502  9596              ;   Out: CCP_INBUF filled by C_READSTR; falls into CCP_UPCASE_LINE.
 503  9596              ;   Clobbers: A, BC, DE.
 504  9596              ;   Algorithm: CCP_DISCARD_SUBMIT; CCP_SET_USERDRIVE; C:=C_READSTR(10),
 505  9596              ;     DE:=CCP_INBUF, CALL BDOS; then CCP_SET_DRIVE_ONLY.
 506  9596              ;   [RE]
 507  9596              ; ----------------------------------------------------------------------
 508  9596              CCP_READ_CONSOLE:
 509  9596                      ; discard any abandoned submit
 510  9596 CD DD 95             CALL CCP_DISCARD_SUBMIT
 511  9599                      ; publish user/drive to base page
 512  9599 CD 1A 95             CALL CCP_SET_USERDRIVE
 513  959C                      ; C_READSTR = 10 (buffered line input)
 514  959C 0E 0A                LD C,$0A
 515  959E                      ; DE -> CCP_INBUF descriptor
 516  959E 11 06 94             LD DE,CCP_INBUF
 517  95A1                      ; read a console line into CCP_INBUF
 518  95A1 CD 05 00             CALL $0005
 519  95A4 CD 29 95             CALL CCP_SET_DRIVE_ONLY
 520  95A7              ; ----------------------------------------------------------------------
 521  95A7              ; CCP_UPCASE_LINE -- upper-case the command line in place and reset the parser.
 522  95A7              ;   In: CCP_INLEN = char count, CCP_CMDTEXT = the typed line.
 523  95A7              ;   Out: CCP_CMDTEXT folded to upper case + NUL-terminated; CCP_PARSEPTR:=
 524  95A7              ;     CCP_CMDTEXT.
 525  95A7              ;   Clobbers: A, B, HL.
 526  95A7              ;   Algorithm: B:=count from CCP_INLEN; for each char apply CCP_UPCASE in place;
 527  95A7              ;     append a terminating NUL; CCP_PARSEPTR:=CCP_CMDTEXT.
 528  95A7              ;   [RE]
 529  95A7              ; ----------------------------------------------------------------------
 530  95A7              CCP_UPCASE_LINE:
 531  95A7                      ; HL -> CCP_INLEN (count) byte
 532  95A7 21 07 94             LD HL,CCP_INLEN
 533  95AA                      ; B = number of typed chars
 534  95AA 46                   LD B,(HL)
 535  95AB              ; ----------------------------------------------------------------------
 536  95AB              ; CCP_UPCASE_LOOP -- per-character upper-case loop body for CCP_UPCASE_LINE.
 537  95AB              ;   In: HL -> char before the current one, B = remaining count.
 538  95AB              ;   Out: char folded in place; loops until B==0 then joins CCP_UPCASE_DONE.
 539  95AB              ;   Clobbers: A, B, HL.
 540  95AB              ;   Algorithm: INC HL; if B==0 done; A:=(HL); A:=CCP_UPCASE(A); store; DEC B; loop.
 541  95AB              ;   [RE]
 542  95AB              ; ----------------------------------------------------------------------
 543  95AB              CCP_UPCASE_LOOP:
 544  95AB 23                   INC HL
 545  95AC 78                   LD A,B
 546  95AD B7                   OR A
 547  95AE CA BA 95             JP Z,CCP_UPCASE_DONE
 548  95B1 7E                   LD A,(HL)
 549  95B2                      ; fold this char to upper case
 550  95B2 CD 30 95             CALL CCP_UPCASE
 551  95B5                      ; write the folded char back
 552  95B5 77                   LD (HL),A
 553  95B6 05                   DEC B
 554  95B7 C3 AB 95             JP CCP_UPCASE_LOOP
 555  95BA              ; ----------------------------------------------------------------------
 556  95BA              ; CCP_UPCASE_DONE -- terminate the upper-cased line and reset the parser.
 557  95BA              ;   In: HL -> byte just past the last char, A = 0.
 558  95BA              ;   Out: NUL written at HL; CCP_PARSEPTR := CCP_CMDTEXT.
 559  95BA              ;   Clobbers: HL.
 560  95BA              ;   Algorithm: (HL):=0 (NUL); CCP_PARSEPTR:=CCP_CMDTEXT; RET.
 561  95BA              ;   [RE]
 562  95BA              ; ----------------------------------------------------------------------
 563  95BA              CCP_UPCASE_DONE:
 564  95BA                      ; append NUL terminator
 565  95BA 77                   LD (HL),A
 566  95BB                      ; HL -> CCP_CMDTEXT
 567  95BB 21 08 94             LD HL,CCP_CMDTEXT
 568  95BE                      ; parse pointer := start of line
 569  95BE 22 88 94             LD (CCP_PARSEPTR),HL
 570  95C1 C9                   RET
 571  95C2              ; ----------------------------------------------------------------------
 572  95C2              ; CCP_CHECK_ABORT -- poll the console; if a key is waiting, consume it.
 573  95C2              ;   In: none.
 574  95C2              ;   Out: Z set if no key was pending (continue); NZ if a key was read (abort the
 575  95C2              ;     running submit); A = the key on the NZ path.
 576  95C2              ;   Clobbers: A/flags.
 577  95C2              ;   Algorithm: C:=C_STAT($0B), CALL BDOS; if A==0 RET (Z, nothing pending); else
 578  95C2              ;     C:=C_READ($01), CALL BDOS to swallow the key; OR A; RET.
 579  95C2              ;   [RE] Lets a typed key abort an active SUBMIT batch.
 580  95C2              ; ----------------------------------------------------------------------
 581  95C2              CCP_CHECK_ABORT:
 582  95C2                      ; C_STAT = 11 (console status)
 583  95C2 0E 0B                LD C,$0B
 584  95C4 CD 05 00             CALL $0005
 585  95C7 B7                   OR A
 586  95C8                      ; no key pending -> keep running submit
 587  95C8 C8                   RET Z
 588  95C9                      ; C_READ = 1: consume the typed key
 589  95C9 0E 01                LD C,$01
 590  95CB CD 05 00             CALL $0005
 591  95CE B7                   OR A
 592  95CF C9                   RET
 593  95D0              ; ----------------------------------------------------------------------
 594  95D0              ; BDOS_DRV_GET -- return the current default drive (BDOS function 25).
 595  95D0              ;   In: none.  Out: A = current drive (0..15).  Clobbers: A, C.
 596  95D0              ;   Algorithm: C:=DRV_GET($19); JP BDOS.
 597  95D0              ;   [RE]
 598  95D0              ; ----------------------------------------------------------------------
 599  95D0              BDOS_DRV_GET:
 600  95D0                      ; DRV_GET = 25
 601  95D0 0E 19                LD C,$19
 602  95D2 C3 05 00             JP $0005
 603  95D5              ; ----------------------------------------------------------------------
 604  95D5              ; CCP_SET_DMA_TBUFF -- set the DMA address back to the default buffer TBUFF.
 605  95D5              ;   In: none.  Out: BDOS DMA := TBUFF ($0080).  Clobbers: C, DE.
 606  95D5              ;   Algorithm: DE:=TBUFF($0080); fall into BDOS_F_DMAOFF.
 607  95D5              ;   [RE]
 608  95D5              ; ----------------------------------------------------------------------
 609  95D5              CCP_SET_DMA_TBUFF:
 610  95D5                      ; DE = TBUFF (default DMA buffer)
 611  95D5 11 80 00             LD DE,$0080
 612  95D8              ; ----------------------------------------------------------------------
 613  95D8              ; BDOS_F_DMAOFF -- set the disk DMA (transfer) address (BDOS function 26).
 614  95D8              ;   In: DE = DMA address.  Out: per BDOS.  Clobbers: C; BDOS ABI.
 615  95D8              ;   Algorithm: C:=F_DMAOFF($1A); JP BDOS.
 616  95D8              ;   [RE]
 617  95D8              ; ----------------------------------------------------------------------
 618  95D8              BDOS_F_DMAOFF:
 619  95D8                      ; F_DMAOFF = 26 (set DMA)
 620  95D8 0E 1A                LD C,$1A
 621  95DA C3 05 00             JP $0005
 622  95DD              ; ----------------------------------------------------------------------
 623  95DD              ; CCP_DISCARD_SUBMIT -- end an active SUBMIT: clear the flag and delete $$$.SUB.
 624  95DD              ;   In: CCP_SUBMITON ($9BAB) flag; CCP_SUBMITFCB ($9BAC); CCP_CDISK ($9BEF).
 625  95DD              ;   Out: if submit was active it is cleared, drive A selected, the submit file
 626  95DD              ;     deleted, and the default drive restored; otherwise a no-op.
 627  95DD              ;   Clobbers: A, DE.
 628  95DD              ;   Algorithm: if CCP_SUBMITON==0 RET; clear it; select drive 0 (BDOS_DRV_SET 0);
 629  95DD              ;     delete CCP_SUBMITFCB (BDOS_F_DELETE); reselect CCP_CDISK (BDOS_DRV_SET).
 630  95DD              ;   [RE]
 631  95DD              ; ----------------------------------------------------------------------
 632  95DD              CCP_DISCARD_SUBMIT:
 633  95DD                      ; HL -> submit-active flag
 634  95DD 21 AB 9B             LD HL,CCP_SUBMIT_FLAG
 635  95E0 7E                   LD A,(HL)
 636  95E1 B7                   OR A
 637  95E2                      ; no submit active -> nothing to discard
 638  95E2 C8                   RET Z
 639  95E3                      ; clear submit-active flag
 640  95E3 36 00                LD (HL),$00
 641  95E5 AF                   XOR A
 642  95E6                      ; select drive A (where $$$.SUB lives)
 643  95E6 CD BD 94             CALL BDOS_DRV_SET
 644  95E9 11 AC 9B             LD DE,CCP_SUB_FCB
 645  95EC                      ; delete the $$$.SUB submit file
 646  95EC CD EF 94             CALL BDOS_F_DELETE
 647  95EF 3A EF 9B             LD A,(CCP_CUR_DRIVE)
 648  95F2                      ; restore the user's default drive
 649  95F2 C3 BD 94             JP BDOS_DRV_SET
 650  95F5              ; ----------------------------------------------------------------------
 651  95F5              ; CCP_CHECK_SERIAL -- verify the resident BDOS serial number is still intact.
 652  95F5              ;   In: CCP_SERIAL ($9728) holds the saved 6-byte CP/M serial number; the live BDOS
 653  95F5              ;     image base is at BDOS_FBASE ($9C00), whose first 6 bytes are that serial.
 654  95F5              ;   Out: returns if the 6 bytes match; otherwise jumps to the warm-boot reload path
 655  95F5              ;     CCP_SERIAL_MISMATCH_HALT ($97CF) to refetch the system from disk.
 656  95F5              ;   Clobbers: A, B, DE, HL.
 657  95F5              ;   Algorithm: compare 6 bytes at $9728 against the BDOS image header; on first
 658  95F5              ;     mismatch JP CCP_SERIAL_MISMATCH_HALT; on full match RET.
 659  95F5              ;   [RE] Standard CP/M 2.2 CCP serial-number self-check: detects a transient that
 660  95F5              ;     overwrote the resident BDOS and forces a fresh system load if so.  NOTE: the
 661  95F5              ;     6 bytes at $9728 are the saved serial, NOT a continuation of the command-name
 662  95F5              ;     string, which ends at $9727.
 663  95F5              ; ----------------------------------------------------------------------
 664  95F5              CCP_CHECK_SERIAL:
 665  95F5                      ; DE -> saved 6-byte CP/M serial number
 666  95F5 11 28 97             LD DE,CCP_SERIAL_STAMP
 667  95F8                      ; HL -> live BDOS image header (serial at +0)
 668  95F8 21 00 9C             LD HL,BDOS_FBASE
 669  95FB                      ; compare 6 serial bytes
 670  95FB 06 06                LD B,$06
 671  95FD              ; ----------------------------------------------------------------------
 672  95FD              ; CCP_CHECK_SERIAL_LOOP -- compare loop for CCP_CHECK_SERIAL.
 673  95FD              ;   In: DE -> saved serial, HL -> live BDOS header, B = bytes remaining.
 674  95FD              ;   Out: on mismatch JP CCP_SERIAL_MISMATCH_HALT (warm-boot reload); on B==0 RET (match).
 675  95FD              ;   Clobbers: A, B, DE, HL.
 676  95FD              ;   Algorithm: A:=(DE); if A != (HL) reload; INC DE/HL; DEC B; loop.
 677  95FD              ;   [RE]
 678  95FD              ; ----------------------------------------------------------------------
 679  95FD              CCP_CHECK_SERIAL_LOOP:
 680  95FD 1A                   LD A,(DE)
 681  95FE BE                   CP (HL)
 682  95FF                      ; BDOS serial clobbered -> reload system image
 683  95FF C2 CF 97             JP NZ,CCP_SERIAL_MISMATCH_HALT
 684  9602 13                   INC DE
 685  9603 23                   INC HL
 686  9604 05                   DEC B
 687  9605 C2 FD 95             JP NZ,CCP_CHECK_SERIAL_LOOP
 688  9608 C9                   RET
 689  9609              ; ----------------------------------------------------------------------
 690  9609              ; CCP_ECHO_TOKEN -- echo the current command token to the console up to a blank.
 691  9609              ;   In: CCP_TOKENPTR ($948A) -> start of the offending token.
 692  9609              ;   Out: token characters printed; falls into CCP_REPORT_BADCMD.
 693  9609              ;   Clobbers: A, HL.
 694  9609              ;   Algorithm: CCP_CRLF; HL:=CCP_TOKENPTR; print each char until a space or NUL,
 695  9609              ;     then report the bad command.
 696  9609              ;   [RE] Used to echo the bad name before the '?' error.
 697  9609              ; ----------------------------------------------------------------------
 698  9609              CCP_ECHO_TOKEN:
 699  9609                      ; new line before echoing the token
 700  9609 CD 98 94             CALL CCP_CRLF
 701  960C                      ; HL -> start of the failing token
 702  960C 2A 8A 94             LD HL,(CCP_TOKENPTR)
 703  960F              ; ----------------------------------------------------------------------
 704  960F              ; CCP_ECHO_TOKEN_LOOP -- character loop for CCP_ECHO_TOKEN.
 705  960F              ;   In: HL -> current char of the token.
 706  960F              ;   Out: prints chars until ' ' or NUL, then joins CCP_REPORT_BADCMD.
 707  960F              ;   Clobbers: A, HL.
 708  960F              ;   Algorithm: A:=(HL); if ' ' or NUL stop; emit A via CCP_CONOUT; INC HL; loop.
 709  960F              ;   [RE]
 710  960F              ; ----------------------------------------------------------------------
 711  960F              CCP_ECHO_TOKEN_LOOP:
 712  960F 7E                   LD A,(HL)
 713  9610                      ; stop at a blank (token boundary)
 714  9610 FE 20                CP $20
 715  9612                      ; blank -> done echoing
 716  9612 CA 22 96             JP Z,CCP_REPORT_BADCMD
 717  9615 B7                   OR A
 718  9616                      ; NUL -> done echoing
 719  9616 CA 22 96             JP Z,CCP_REPORT_BADCMD
 720  9619 E5                   PUSH HL
 721  961A                      ; echo this character
 722  961A CD 8C 94             CALL CCP_CONOUT
 723  961D E1                   POP HL
 724  961E 23                   INC HL
 725  961F C3 0F 96             JP CCP_ECHO_TOKEN_LOOP
 726  9622              ; ----------------------------------------------------------------------
 727  9622              ; CCP_REPORT_BADCMD -- print '?' for an unrecognized command and return to prompt.
 728  9622              ;   In: none (called after the bad token has been echoed).
 729  9622              ;   Out: prints '?' + CR/LF, discards any submit, and jumps to the prompt loop.
 730  9622              ;   Clobbers: A.
 731  9622              ;   Algorithm: emit '?' ($3F); CCP_CRLF; CCP_DISCARD_SUBMIT; JP CCP_PROMPT_AND_READ ($9782,
 732  9622              ;     the CCP prompt).
 733  9622              ;   [RE] This is the CCP's classic 'BADNAME?' error responder.
 734  9622              ; ----------------------------------------------------------------------
 735  9622              CCP_REPORT_BADCMD:
 736  9622                      ; '?' marks an unknown command
 737  9622 3E 3F                LD A,$3F
 738  9624                      ; print the '?'
 739  9624 CD 8C 94             CALL CCP_CONOUT
 740  9627 CD 98 94             CALL CCP_CRLF
 741  962A CD DD 95             CALL CCP_DISCARD_SUBMIT
 742  962D                      ; back to the CCP prompt
 743  962D C3 82 97             JP CCP_PROMPT_AND_READ
 744  9630              ; ----------------------------------------------------------------------
 745  9630              ; CCP_AT_DELIM -- test whether the char at (DE) ends an FCB field.
 746  9630              ;   In: DE -> current command-line char.
 747  9630              ;   Out: Z set if the char is a terminator (NUL, ' ', '=', '_', '.', ':', ';', '<',
 748  9630              ;     '>'); for a control char (<' ', excluding NUL) it diverts to the bad-token echo;
 749  9630              ;     NZ for a normal filename character.
 750  9630              ;   Clobbers: A/flags.
 751  9630              ;   Algorithm: A:=(DE); RET Z on NUL; if A<' ' JP CCP_ECHO_TOKEN (illegal ctrl);
 752  9630              ;     RET Z when A==' ' or A equals any field-delimiter punctuation; else NZ.
 753  9630              ;   [RE] Field/separator classifier used while building the FCB name and type.
 754  9630              ; ----------------------------------------------------------------------
 755  9630              CCP_AT_DELIM:
 756  9630 1A                   LD A,(DE)
 757  9631 B7                   OR A
 758  9632 C8                   RET Z
 759  9633 FE 20                CP $20
 760  9635                      ; control char in name -> bad-token error
 761  9635 DA 09 96             JP C,CCP_ECHO_TOKEN
 762  9638 C8                   RET Z
 763  9639                      ; '=' delimiter
 764  9639 FE 3D                CP $3D
 765  963B C8                   RET Z
 766  963C                      ; '_' delimiter
 767  963C FE 5F                CP $5F
 768  963E C8                   RET Z
 769  963F                      ; '.' (name/type separator)
 770  963F FE 2E                CP $2E
 771  9641 C8                   RET Z
 772  9642                      ; ':' (drive separator)
 773  9642 FE 3A                CP $3A
 774  9644 C8                   RET Z
 775  9645                      ; ';' delimiter
 776  9645 FE 3B                CP $3B
 777  9647 C8                   RET Z
 778  9648                      ; '<' delimiter
 779  9648 FE 3C                CP $3C
 780  964A C8                   RET Z
 781  964B                      ; '>' delimiter
 782  964B FE 3E                CP $3E
 783  964D C8                   RET Z
 784  964E C9                   RET
 785  964F              ; ----------------------------------------------------------------------
 786  964F              ; CCP_SKIP_BLANKS -- advance (DE) past any run of spaces.
 787  964F              ;   In: DE -> command-line char.
 788  964F              ;   Out: DE -> first non-blank (or the NUL); Z set if at end of line.
 789  964F              ;   Clobbers: A/flags, DE.
 790  964F              ;   Algorithm: loop: A:=(DE); RET Z on NUL; if A != ' ' RET NZ; INC DE; loop.
 791  964F              ;   [RE]
 792  964F              ; ----------------------------------------------------------------------
 793  964F              CCP_SKIP_BLANKS:
 794  964F 1A                   LD A,(DE)
 795  9650 B7                   OR A
 796  9651 C8                   RET Z
 797  9652                      ; blank?
 798  9652 FE 20                CP $20
 799  9654                      ; non-blank -> stop here
 800  9654 C0                   RET NZ
 801  9655                      ; skip this space
 802  9655 13                   INC DE
 803  9656 C3 4F 96             JP CCP_SKIP_BLANKS
 804  9659              ; ----------------------------------------------------------------------
 805  9659              ; CCP_HL_ADD_A -- add the unsigned A to HL (16-bit add of an 8-bit offset).
 806  9659              ;   In: HL = base, A = offset.
 807  9659              ;   Out: HL = HL + A.  Clobbers: A, HL, flags.
 808  9659              ;   Algorithm: A:=A+L; L:=A; if no carry RET; else INC H; RET.
 809  9659              ;   [RE] Used to index CCP_FCB by 0 or 16 (parse FCB1 vs FCB2).
 810  9659              ; ----------------------------------------------------------------------
 811  9659              CCP_HL_ADD_A:
 812  9659                      ; low byte of HL + offset
 813  9659 85                   ADD A,L
 814  965A 6F                   LD L,A
 815  965B D0                   RET NC
 816  965C                      ; propagate carry into high byte
 817  965C 24                   INC H
 818  965D C9                   RET
 819  965E              ; ----------------------------------------------------------------------
 820  965E              ; CCP_PARSE_FCB1 -- parse the first command-tail filename into FCB at offset 0.
 821  965E              ;   In: CCP_PARSEPTR ($9488) -> current parse position in CCP_CMDTEXT.
 822  965E              ;   Out: CCP_FCB ($9BCD) filled with drive+name+type; CCP_PARSEPTR advanced;
 823  965E              ;     CCP_DRIVEGIVEN ($9BF0) set if an explicit drive prefix was present.
 824  965E              ;   Clobbers: A, BC, DE, HL.
 825  965E              ;   Algorithm: A:=0 (FCB offset 0); fall into CCP_BUILD_FCB.
 826  965E              ;   [RE]
 827  965E              ; ----------------------------------------------------------------------
 828  965E              CCP_PARSE_FCB1:
 829  965E                      ; offset 0 -> first FCB (CCP_FCB+0)
 830  965E 3E 00                LD A,$00
 831  9660              ; ----------------------------------------------------------------------
 832  9660              ; CCP_BUILD_FCB -- parse one filename token from the command tail into an FCB.
 833  9660              ;   In: A = FCB byte offset (0 for FCB1, 16 for FCB2); CCP_PARSEPTR -> scan point.
 834  9660              ;   Out: the FCB at CCP_FCB+offset holds {drive, 8-char NAME, 3-char TYPE} with '*'
 835  9660              ;     expanded to '?' and unused positions blank-padded; the 3 trailing extent/record
 836  9660              ;     bytes are zeroed; CCP_PARSEPTR / CCP_TOKENPTR advanced past the token;
 837  9660              ;     CCP_DRIVEGIVEN set to the parsed drive if a 'd:' prefix was present; A = the
 838  9660              ;     count of '?' wildcards in the 11 name+type bytes (nonzero => ambiguous FCB).
 839  9660              ;   Clobbers: A, BC, DE, HL.
 840  9660              ;   Algorithm: point HL at CCP_FCB+offset (CCP_HL_ADD_A); clear CCP_DRIVEGIVEN; load
 841  9660              ;     DE from CCP_PARSEPTR and skip leading blanks (CCP_SKIP_BLANKS); save token start
 842  9660              ;     to CCP_TOKENPTR; detect an optional 'd:' drive prefix (letter, via SBC A,$40 to
 843  9660              ;     a 1-based drive number, followed by ':') and store the drive into FCB[0];
 844  9660              ;     copy up to 8 name chars, skip an over-long name, blank-pad a short name; if a
 845  9660              ;     '.' follows copy up to 3 type chars else blank-pad the type; zero the 3 trailing
 846  9660              ;     FCB bytes; save the parse pointer; finally count the '?' wildcards.
 847  9660              ;   [RE] Classic CP/M 2.2 CCP command-tail FCB parser.
 848  9660              ; ----------------------------------------------------------------------
 849  9660              CCP_BUILD_FCB:
 850  9660                      ; HL -> CCP_FCB (drive byte) base
 851  9660 21 CD 9B             LD HL,CCP_FCB
 852  9663                      ; HL += offset (select FCB1 or FCB2)
 853  9663 CD 59 96             CALL CCP_HL_ADD_A
 854  9666 E5                   PUSH HL
 855  9667 E5                   PUSH HL
 856  9668 AF                   XOR A
 857  9669                      ; clear explicit-drive flag
 858  9669 32 F0 9B             LD (CCP_FCB_DRIVE_PREFIX),A
 859  966C                      ; HL = current parse pointer
 860  966C 2A 88 94             LD HL,(CCP_PARSEPTR)
 861  966F EB                   EX DE,HL
 862  9670                      ; skip leading blanks before the token
 863  9670 CD 4F 96             CALL CCP_SKIP_BLANKS
 864  9673 EB                   EX DE,HL
 865  9674                      ; remember token start for echo
 866  9674 22 8A 94             LD (CCP_TOKENPTR),HL
 867  9677 EB                   EX DE,HL
 868  9678 E1                   POP HL
 869  9679 1A                   LD A,(DE)
 870  967A B7                   OR A
 871  967B CA 89 96             JP Z,CCP_FCB_DRIVE_DEFAULT
 872  967E                      ; letter -> 1-based drive number (carry clear)
 873  967E DE 40                SBC A,$40
 874  9680 47                   LD B,A
 875  9681 13                   INC DE
 876  9682 1A                   LD A,(DE)
 877  9683                      ; is the next char ':' (drive prefix)?
 878  9683 FE 3A                CP $3A
 879  9685                      ; yes -> store drive, parse name
 880  9685 CA 90 96             JP Z,CCP_FCB_DRIVE_EXPLICIT
 881  9688                      ; no ':' -> back up, treat as name char
 882  9688 1B                   DEC DE
 883  9689              ; ----------------------------------------------------------------------
 884  9689              ; CCP_FCB_DRIVE_DEFAULT -- use the current default drive in the FCB drive byte.
 885  9689              ;   In: HL -> FCB drive byte; CCP_CDISK ($9BEF).
 886  9689              ;   Out: FCB[0] := default drive; continues into the name-copy setup.
 887  9689              ;   Clobbers: A.
 888  9689              ;   Algorithm: A:=CCP_CDISK; (HL):=A; JP CCP_BUILD_FCB_NAME_SETUP.
 889  9689              ;   [RE] Path taken when the token had no explicit 'd:' prefix.
 890  9689              ; ----------------------------------------------------------------------
 891  9689              CCP_FCB_DRIVE_DEFAULT:
 892  9689                      ; default drive
 893  9689 3A EF 9B             LD A,(CCP_CUR_DRIVE)
 894  968C                      ; FCB drive := default
 895  968C 77                   LD (HL),A
 896  968D C3 96 96             JP CCP_BUILD_FCB_NAME_SETUP
 897  9690              ; ----------------------------------------------------------------------
 898  9690              ; CCP_FCB_DRIVE_EXPLICIT -- store the parsed explicit drive into the FCB.
 899  9690              ;   In: B = 1-based drive number from the 'd:' prefix; HL -> FCB drive byte; DE -> ':'.
 900  9690              ;   Out: FCB[0] := drive; CCP_DRIVEGIVEN := drive; DE advanced past ':'; continues
 901  9690              ;     into the name copy.
 902  9690              ;   Clobbers: A, DE.
 903  9690              ;   Algorithm: A:=B; CCP_DRIVEGIVEN:=A; (HL):=B; INC DE (consume the ':').
 904  9690              ;   [RE]
 905  9690              ; ----------------------------------------------------------------------
 906  9690              CCP_FCB_DRIVE_EXPLICIT:
 907  9690 78                   LD A,B
 908  9691                      ; record that a drive was given
 909  9691 32 F0 9B             LD (CCP_FCB_DRIVE_PREFIX),A
 910  9694                      ; FCB drive := explicit drive number
 911  9694 70                   LD (HL),B
 912  9695                      ; consume the ':' separator
 913  9695 13                   INC DE
 914  9696              ; ----------------------------------------------------------------------
 915  9696              ; CCP_BUILD_FCB_NAME_SETUP -- begin copying the 8-char file name into the FCB.
 916  9696              ;   In: HL -> FCB drive byte (name field follows), DE -> name chars.
 917  9696              ;   Out: B := 8 (name width); falls into CCP_FCB_NAME_LOOP.
 918  9696              ;   Clobbers: B.
 919  9696              ;   Algorithm: B:=8; fall through to the name copy loop.
 920  9696              ;   [RE]
 921  9696              ; ----------------------------------------------------------------------
 922  9696              CCP_BUILD_FCB_NAME_SETUP:
 923  9696                      ; 8 name characters maximum
 924  9696 06 08                LD B,$08
 925  9698              ; ----------------------------------------------------------------------
 926  9698              ; CCP_FCB_NAME_LOOP -- copy one file-name character (handling '*' and delimiters).
 927  9698              ;   In: DE -> source char, HL -> FCB position, B = name chars remaining.
 928  9698              ;   Out: on a delimiter, jumps to CCP_FCB_NAME_PAD to blank-fill; '*' stores a '?' in
 929  9698              ;     this position and branches to fill the rest of the field with '?'; otherwise
 930  9698              ;     the char is stored and the loop continues.
 931  9698              ;   Clobbers: A, HL.
 932  9698              ;   Algorithm: if CCP_AT_DELIM -> pad; INC HL; if char=='*' store '?' and branch to
 933  9698              ;     the per-position fill; else store char + INC DE; DEC B; loop.
 934  9698              ;   [RE]
 935  9698              ; ----------------------------------------------------------------------
 936  9698              CCP_FCB_NAME_LOOP:
 937  9698                      ; stop at a field delimiter
 938  9698 CD 30 96             CALL CCP_AT_DELIM
 939  969B                      ; delimiter -> blank-pad remaining name
 940  969B CA B9 96             JP Z,CCP_FCB_NAME_PAD
 941  969E 23                   INC HL
 942  969F                      ; '*' wildcard?
 943  969F FE 2A                CP $2A
 944  96A1 C2 A9 96             JP NZ,CCP_FCB_NAME_STORE
 945  96A4                      ; '*' -> store '?' in this position
 946  96A4 36 3F                LD (HL),$3F
 947  96A6                      ; '*' fills the rest of the field with '?'
 948  96A6 C3 AB 96             JP CCP_FCB_NAME_NEXT
 949  96A9              ; ----------------------------------------------------------------------
 950  96A9              ; CCP_FCB_NAME_STORE -- store a literal name character into the FCB.
 951  96A9              ;   In: A = char, HL -> FCB position, DE -> source.
 952  96A9              ;   Out: (HL):=char; DE advanced; continues into the loop tail.
 953  96A9              ;   Clobbers: DE.
 954  96A9              ;   Algorithm: (HL):=A; INC DE; fall into CCP_FCB_NAME_NEXT.
 955  96A9              ;   [RE]
 956  96A9              ; ----------------------------------------------------------------------
 957  96A9              CCP_FCB_NAME_STORE:
 958  96A9                      ; store the name character
 959  96A9 77                   LD (HL),A
 960  96AA                      ; advance past the consumed char
 961  96AA 13                   INC DE
 962  96AB              ; ----------------------------------------------------------------------
 963  96AB              ; CCP_FCB_NAME_NEXT -- loop tail for the 8-char name copy.
 964  96AB              ;   In: B = name chars remaining.
 965  96AB              ;   Out: loops back to CCP_FCB_NAME_LOOP until B==0, then falls into the
 966  96AB              ;     over-long-name skip.
 967  96AB              ;   Clobbers: B.
 968  96AB              ;   Algorithm: DEC B; if B != 0 JP CCP_FCB_NAME_LOOP; else fall through.
 969  96AB              ;   [RE]
 970  96AB              ; ----------------------------------------------------------------------
 971  96AB              CCP_FCB_NAME_NEXT:
 972  96AB                      ; one fewer name char to copy
 973  96AB 05                   DEC B
 974  96AC C2 98 96             JP NZ,CCP_FCB_NAME_LOOP
 975  96AF              ; ----------------------------------------------------------------------
 976  96AF              ; CCP_FCB_NAME_SKIP -- discard any name characters beyond the 8-byte field.
 977  96AF              ;   In: DE -> next source char (name field already full).
 978  96AF              ;   Out: DE advanced to the first delimiter; then falls into the type parser.
 979  96AF              ;   Clobbers: A, DE.
 980  96AF              ;   Algorithm: loop: if CCP_AT_DELIM stop; INC DE; repeat.
 981  96AF              ;   [RE] Lets an over-length name (e.g. LONGFILENAME.TXT) truncate cleanly.
 982  96AF              ; ----------------------------------------------------------------------
 983  96AF              CCP_FCB_NAME_SKIP:
 984  96AF                      ; stop skipping at a delimiter
 985  96AF CD 30 96             CALL CCP_AT_DELIM
 986  96B2                      ; delimiter -> go parse the type field
 987  96B2 CA C0 96             JP Z,CCP_FCB_TYPE_BEGIN
 988  96B5                      ; discard excess name char
 989  96B5 13                   INC DE
 990  96B6 C3 AF 96             JP CCP_FCB_NAME_SKIP
 991  96B9              ; ----------------------------------------------------------------------
 992  96B9              ; CCP_FCB_NAME_PAD -- blank-fill the remaining name positions of the FCB.
 993  96B9              ;   In: HL -> last filled name position, B = positions remaining.
 994  96B9              ;   Out: remaining name bytes set to ' '; then falls into the type parser.
 995  96B9              ;   Clobbers: HL, B.
 996  96B9              ;   Algorithm: loop: INC HL; (HL):=' '; DEC B; while B != 0; then type parse.
 997  96B9              ;   [RE]
 998  96B9              ; ----------------------------------------------------------------------
 999  96B9              CCP_FCB_NAME_PAD:
1000  96B9 23                   INC HL
1001  96BA                      ; pad name with a blank
1002  96BA 36 20                LD (HL),$20
1003  96BC 05                   DEC B
1004  96BD C2 B9 96             JP NZ,CCP_FCB_NAME_PAD
1005  96C0              ; ----------------------------------------------------------------------
1006  96C0              ; CCP_FCB_TYPE_BEGIN -- start parsing the 3-char file type, if a '.' is present.
1007  96C0              ;   In: A = current delimiter char, DE -> it, HL -> end of name field.
1008  96C0              ;   Out: B := 3 (type width); if the delimiter is '.', consume it and copy the
1009  96C0              ;     type; otherwise jump straight to blank-padding the type field.
1010  96C0              ;   Clobbers: A, B, DE.
1011  96C0              ;   Algorithm: B:=3; if A != '.' JP CCP_FCB_TYPE_PAD; INC DE (eat the dot).
1012  96C0              ;   [RE]
1013  96C0              ; ----------------------------------------------------------------------
1014  96C0              CCP_FCB_TYPE_BEGIN:
1015  96C0                      ; 3 type characters
1016  96C0 06 03                LD B,$03
1017  96C2                      ; is the delimiter a '.'?
1018  96C2 FE 2E                CP $2E
1019  96C4                      ; no type given -> blank-pad type
1020  96C4 C2 E9 96             JP NZ,CCP_FCB_TYPE_PAD
1021  96C7                      ; consume the '.'
1022  96C7 13                   INC DE
1023  96C8              ; ----------------------------------------------------------------------
1024  96C8              ; CCP_FCB_TYPE_LOOP -- copy one file-type character (handling '*').
1025  96C8              ;   In: DE -> source, HL -> FCB type position, B = type chars remaining.
1026  96C8              ;   Out: on a delimiter, pad the type; '*' -> '?' (fills the rest of the type);
1027  96C8              ;     otherwise store the char.
1028  96C8              ;   Clobbers: A, HL.
1029  96C8              ;   Algorithm: mirror of CCP_FCB_NAME_LOOP for the 3-char type field.
1030  96C8              ;   [RE]
1031  96C8              ; ----------------------------------------------------------------------
1032  96C8              CCP_FCB_TYPE_LOOP:
1033  96C8                      ; stop at a delimiter
1034  96C8 CD 30 96             CALL CCP_AT_DELIM
1035  96CB                      ; delimiter -> blank-pad type
1036  96CB CA E9 96             JP Z,CCP_FCB_TYPE_PAD
1037  96CE 23                   INC HL
1038  96CF                      ; '*' wildcard in type?
1039  96CF FE 2A                CP $2A
1040  96D1 C2 D9 96             JP NZ,CCP_FCB_TYPE_STORE
1041  96D4                      ; '*' -> store '?'
1042  96D4 36 3F                LD (HL),$3F
1043  96D6                      ; '*' fills the rest of the type
1044  96D6 C3 DB 96             JP CCP_FCB_TYPE_NEXT
1045  96D9              ; ----------------------------------------------------------------------
1046  96D9              ; CCP_FCB_TYPE_STORE -- store a literal type character into the FCB.
1047  96D9              ;   In: A = char, HL -> FCB type position, DE -> source.
1048  96D9              ;   Out: (HL):=char; DE advanced; continues into the type loop tail.
1049  96D9              ;   Clobbers: DE.
1050  96D9              ;   Algorithm: (HL):=A; INC DE; fall into CCP_FCB_TYPE_NEXT.
1051  96D9              ;   [RE]
1052  96D9              ; ----------------------------------------------------------------------
1053  96D9              CCP_FCB_TYPE_STORE:
1054  96D9                      ; store the type character
1055  96D9 77                   LD (HL),A
1056  96DA                      ; advance past the consumed char
1057  96DA 13                   INC DE
1058  96DB              ; ----------------------------------------------------------------------
1059  96DB              ; CCP_FCB_TYPE_NEXT -- loop tail for the 3-char type copy.
1060  96DB              ;   In: B = type chars remaining.
1061  96DB              ;   Out: loops to CCP_FCB_TYPE_LOOP until B==0, then falls into the over-long-type
1062  96DB              ;     skip.
1063  96DB              ;   Clobbers: B.
1064  96DB              ;   Algorithm: DEC B; if B != 0 JP CCP_FCB_TYPE_LOOP; else fall through.
1065  96DB              ;   [RE]
1066  96DB              ; ----------------------------------------------------------------------
1067  96DB              CCP_FCB_TYPE_NEXT:
1068  96DB                      ; one fewer type char to copy
1069  96DB 05                   DEC B
1070  96DC C2 C8 96             JP NZ,CCP_FCB_TYPE_LOOP
1071  96DF              ; ----------------------------------------------------------------------
1072  96DF              ; CCP_FCB_TYPE_SKIP -- discard any type characters beyond the 3-byte field.
1073  96DF              ;   In: DE -> next source char (type field already full).
1074  96DF              ;   Out: DE advanced to the next delimiter; then falls into the trailer zero-fill.
1075  96DF              ;   Clobbers: A, DE.
1076  96DF              ;   Algorithm: loop: if CCP_AT_DELIM stop; INC DE; repeat.
1077  96DF              ;   [RE]
1078  96DF              ; ----------------------------------------------------------------------
1079  96DF              CCP_FCB_TYPE_SKIP:
1080  96DF                      ; stop skipping at a delimiter
1081  96DF CD 30 96             CALL CCP_AT_DELIM
1082  96E2                      ; delimiter -> zero the FCB trailer
1083  96E2 CA F0 96             JP Z,CCP_FCB_ZERO_TRAILER
1084  96E5                      ; discard excess type char
1085  96E5 13                   INC DE
1086  96E6 C3 DF 96             JP CCP_FCB_TYPE_SKIP
1087  96E9              ; ----------------------------------------------------------------------
1088  96E9              ; CCP_FCB_TYPE_PAD -- blank-fill the remaining type positions of the FCB.
1089  96E9              ;   In: HL -> last filled type position, B = positions remaining.
1090  96E9              ;   Out: remaining type bytes set to ' '; then zero the FCB trailer.
1091  96E9              ;   Clobbers: HL, B.
1092  96E9              ;   Algorithm: loop: INC HL; (HL):=' '; DEC B; while B != 0.
1093  96E9              ;   [RE]
1094  96E9              ; ----------------------------------------------------------------------
1095  96E9              CCP_FCB_TYPE_PAD:
1096  96E9 23                   INC HL
1097  96EA                      ; pad type with a blank
1098  96EA 36 20                LD (HL),$20
1099  96EC 05                   DEC B
1100  96ED C2 E9 96             JP NZ,CCP_FCB_TYPE_PAD
1101  96F0              ; ----------------------------------------------------------------------
1102  96F0              ; CCP_FCB_ZERO_TRAILER -- zero the 3 reserved FCB bytes after name+type, finish.
1103  96F0              ;   In: HL -> end of the type field.
1104  96F0              ;   Out: the 3 bytes (extent/S1/S2 area) zeroed; CCP_PARSEPTR saved; HL restored
1105  96F0              ;     to the start of the FCB; then falls into the wildcard scan.
1106  96F0              ;   Clobbers: B, HL, DE.
1107  96F0              ;   Algorithm: B:=3; loop INC HL,(HL):=0,DEC B; save DE->CCP_PARSEPTR; restore
1108  96F0              ;     HL from the stack (start of FCB pushed by CCP_BUILD_FCB).
1109  96F0              ;   [RE] The reserved trailer bytes are the FCB extent/record-count cells.
1110  96F0              ; ----------------------------------------------------------------------
1111  96F0              CCP_FCB_ZERO_TRAILER:
1112  96F0                      ; 3 trailer bytes (extent/S1/S2)
1113  96F0 06 03                LD B,$03
1114  96F2              ; ----------------------------------------------------------------------
1115  96F2              ; CCP_FCB_ZERO_LOOP -- zero-fill loop for CCP_FCB_ZERO_TRAILER; then scan wildcards.
1116  96F2              ;   In: HL -> position before the first trailer byte, B = 3.
1117  96F2              ;   Out: 3 zero bytes written; CCP_PARSEPTR := DE; HL := start-of-FCB; then count
1118  96F2              ;     the '?' wildcards in the 11 name+type bytes and return that count in A
1119  96F2              ;     (A != 0 means the FCB is ambiguous).
1120  96F2              ;   Clobbers: A, B, C, HL, DE.
1121  96F2              ;   Algorithm: INC HL,(HL):=0,DEC B loop; EX DE,HL; CCP_PARSEPTR:=HL; POP HL
1122  96F2              ;     (FCB start); BC:=$000B; fall into the wildcard counter FCB_WILDCARD_SCAN.
1123  96F2              ;   [RE]
1124  96F2              ; ----------------------------------------------------------------------
1125  96F2              CCP_FCB_ZERO_LOOP:
1126  96F2 23                   INC HL
1127  96F3                      ; zero a reserved FCB byte
1128  96F3 36 00                LD (HL),$00
1129  96F5 05                   DEC B
1130  96F6 C2 F2 96             JP NZ,CCP_FCB_ZERO_LOOP
1131  96F9 EB                   EX DE,HL
1132  96FA                      ; save the advanced parse pointer
1133  96FA 22 88 94             LD (CCP_PARSEPTR),HL
1134  96FD                      ; HL = start of the parsed FCB
1135  96FD E1                   POP HL
1136  96FE                      ; scan 11 name+type bytes for '?'
1137  96FE 01 0B 00             LD BC,$000B
1138  9701              ; ----------------------------------------------------------------------
1139  9701              ; FCB_WILDCARD_SCAN -- count '?' wildcard chars in a parsed 11-byte FCB filename.
1140  9701              ;   In: HL -> the FCB drive byte ($9BCD); the first INC HL steps onto the 8+3
1141  9701              ;       name field. BC = $000B on entry (B = 0 wildcard counter, C = 11 byte count;
1142  9701              ;       set by 'LD BC,$000B' just before falling in here).
1143  9701              ;   Out: A = number of '?' chars found; Z set if none (plain filename),
1144  9701              ;        NZ if at least one wildcard (ambiguous reference).
1145  9701              ;   Clobbers: A, B, C, HL
1146  9701              ;   Algorithm: walk the 11 name+type bytes (loop C from 11 down to 0); for each
1147  9701              ;     byte that equals '?' increment the wildcard counter B; on exit move B to A
1148  9701              ;     and test it so the caller can branch on ambiguous-vs-plain. [RE]
1149  9701              ; ----------------------------------------------------------------------
1150  9701              FCB_WILDCARD_SCAN:
1151  9701                      ; advance to next FCB name/type byte
1152  9701 23                   INC HL
1153  9702                      ; fetch this name byte
1154  9702 7E                   LD A,(HL)
1155  9703                      ; is it the '?' wildcard char?
1156  9703 FE 3F                CP $3F
1157  9705                      ; no: skip the wildcard count
1158  9705 C2 09 97             JP NZ,FCB_WILDCARD_SCAN_1
1159  9708                      ; yes: bump '?' counter
1160  9708 04                   INC B
1161  9709              FCB_WILDCARD_SCAN_1:
1162  9709                      ; one of the 11 name+type bytes done
1163  9709 0D                   DEC C
1164  970A                      ; loop until all 11 scanned
1165  970A C2 01 97             JP NZ,FCB_WILDCARD_SCAN
1166  970D                      ; return wildcard count...
1167  970D 78                   LD A,B
1168  970E                      ; ...and set Z (plain) / NZ (ambiguous)
1169  970E B7                   OR A
1170  970F C9                   RET
1171  9710              ; ----------------------------------------------------------------------
1172  9710              ; CCP_BUILTIN_NAMES -- table of the six built-in command names, 4 bytes each.
1173  9710              ;   Layout: 'DIR ','ERA ','TYPE','SAVE','REN ','USER' (24 bytes, blank-padded).
1174  9710              ;   Indexed 0..5 by SEARCH_BUILTIN; the matched index then selects a handler in
1175  9710              ;   CCP_BUILTIN_DISPATCH. [RE]
1176  9710              ; ----------------------------------------------------------------------
1177  9710              CCP_BUILTIN_NAMES:
1178  9710                      ; 0=DIR 1=ERA 2=TYPE 3=SAVE 4=REN 5=USER (4 chars each, space-padded)
1179  9710 44 49 52 20          DEFB    "DIR ERA TYPESAVEREN USER" ; string
1179  9714 45 52 41 20
1179  9718 54 59 50 45
1179  971C 53 41 56 45
1179  9720 52 45 4E 20
1179  9724 55 53 45 52
1180  9728              ; ----------------------------------------------------------------------
1181  9728              ; CCP_SERIAL_STAMP -- 6-byte CP/M serial-number stamp embedded in the CCP.
1182  9728              ;   These six bytes are compared against the first six bytes of the BDOS image
1183  9728              ;   header (BDOS_FBASE, $9C00) by the serial-check routine CCP_CHECK_SERIAL (it
1184  9728              ;   loads DE=$9728, HL=$9C00, B=6 and compares byte-for-byte); a mismatch means
1185  9728              ;   the CCP and BDOS are from different copies and CCP_CHECK_SERIAL jumps to
1186  9728              ;   CCP_SERIAL_MISMATCH_HALT.
1187  9728              ;   Treated here as opaque serial data, not code. [RE]
1188  9728              ; ----------------------------------------------------------------------
1189  9728              CCP_SERIAL_STAMP:
1190  9728                      ; CP/M serial-number bytes; must match the BDOS header serial (checked by CCP_CHECK_SERIAL).
1191  9728                      ; V220B selects the 2.20B disk's serial (kept in lock-step with the BDOS DEFB).
1192  9728                  IFDEF V220B
1193  9728 ~                    DEFB    $BD,$16,$00,$00,$60,$D9   ; 2.20B serial
1194  9728                  ELSE
1195  9728 BD 16 00 00          DEFB    $BD,$16,$00,$00,$16,$DF   ; 2.20 serial
1195  972C 16 DF
1196  972E                  ENDIF
1197  972E              ; ----------------------------------------------------------------------
1198  972E              ; SEARCH_BUILTIN -- match the parsed command word against the six built-in names.
1199  972E              ;   In: parsed command FCB name field at CCP_FCB_NAME (the command word lives in the
1200  972E              ;       first 4+ chars of the FCB name).
1201  972E              ;   Out: A = command index 0..5 when a built-in matches with a trailing space; on
1202  972E              ;        no match the loop runs C up to 6 and returns with A = 6 (>=6). The caller
1203  972E              ;        discriminates by the index value (>=6 means 'not a built-in', falls through
1204  972E              ;        to the external-command dispatch slot) -- carry is NOT a result flag here:
1205  972E              ;        both the match path and the exhausted path return via NC.
1206  972E              ;   Clobbers: A, B, C, DE, HL
1207  972E              ;   Algorithm: for command index C = 0..5, point HL at the 4-byte name entry in
1208  972E              ;     CCP_BUILTIN_NAMES and DE at the parsed command bytes; compare 4 bytes; on a
1209  972E              ;     full match require the next parsed byte to be a space (no trailing junk) and
1210  972E              ;     return C as the matched index; otherwise advance HL past this entry and try
1211  972E              ;     the next index. [RE]
1212  972E              ; ----------------------------------------------------------------------
1213  972E              SEARCH_BUILTIN:
1214  972E                      ; HL -> first built-in name entry (CCP_BUILTIN_NAMES)
1215  972E 21 10 97             LD HL,CCP_BUILTIN_NAMES
1216  9731                      ; start at command index 0
1217  9731 0E 00                LD C,$00
1218  9733              SEARCH_BUILTIN_NEXT:
1219  9733                      ; current command index -> A for the range test
1220  9733 79                   LD A,C
1221  9734                      ; tried all 6 built-ins?
1222  9734 FE 06                CP $06
1223  9736                      ; yes: A>=6, none matched -> not a built-in
1224  9736 D0                   RET NC
1225  9737                      ; DE -> parsed command name in the command FCB
1226  9737 11 CE 9B             LD DE,CCP_FCB_NAME
1227  973A                      ; compare 4 name chars
1228  973A 06 04                LD B,$04
1229  973C              SEARCH_BUILTIN_CMP:
1230  973C                      ; next parsed command char
1231  973C 1A                   LD A,(DE)
1232  973D                      ; vs the table name char
1233  973D BE                   CP (HL)
1234  973E                      ; mismatch: skip rest of this entry
1235  973E C2 4F 97             JP NZ,SEARCH_BUILTIN_SKIP
1236  9741 13                   INC DE
1237  9742                      ; advance table ptr to next name char
1238  9742 23                   INC HL
1239  9743 05                   DEC B
1240  9744                      ; loop the 4-char compare
1241  9744 C2 3C 97             JP NZ,SEARCH_BUILTIN_CMP
1242  9747                      ; char after the 4-char name
1243  9747 1A                   LD A,(DE)
1244  9748                      ; must be a space (exact command, no junk)
1245  9748 FE 20                CP $20
1246  974A                      ; trailing junk: not this command, try next
1247  974A C2 54 97             JP NZ,SEARCH_BUILTIN_ADVANCE
1248  974D                      ; matched: return command index in A
1249  974D 79                   LD A,C
1250  974E C9                   RET
1251  974F              SEARCH_BUILTIN_SKIP:
1252  974F                      ; skip remaining bytes of the mismatched entry
1253  974F 23                   INC HL
1254  9750 05                   DEC B
1255  9751                      ; until 4 bytes of this entry consumed
1256  9751 C2 4F 97             JP NZ,SEARCH_BUILTIN_SKIP
1257  9754              SEARCH_BUILTIN_ADVANCE:
1258  9754                      ; advance to next command index
1259  9754 0C                   INC C
1260  9755                      ; retry with the next built-in
1261  9755 C3 33 97             JP SEARCH_BUILTIN_NEXT
1262  9758              ; ----------------------------------------------------------------------
1263  9758              ; CCP_WARM_ENTRY -- warm-boot entry to the Console Command Processor.
1264  9758              ;   In: (cold-boot path enters one line below at CCP_COLD_ENTRY=$975C with C = login
1265  9758              ;       byte from the BIOS: high nibble = user number, low nibble = default drive.)
1266  9758              ;   Out: does not return normally; reads, parses, and dispatches one command,
1267  9758              ;        then loops back through the command processor.
1268  9758              ;   Clobbers: all
1269  9758              ;   Algorithm: the warm entry first clears the submit/auto-command flag
1270  9758              ;     (CCP_SUBMIT_FLAG at CCP_INLEN) then falls into the common entry, which: sets the
1271  9758              ;     user number (F_USERNUM=32) from the high nibble of the login byte, resets the
1272  9758              ;     disk system (DRV_ALLRESET=13), selects the default drive (DRV_SET=14) from the
1273  9758              ;     low nibble, and if no pending submit command prints the 'd>' prompt, reads a
1274  9758              ;     console line into the line buffer, sets DMA back to TBUFF, parses it into the
1275  9758              ;     command FCB, looks it up with SEARCH_BUILTIN, and JP (HL)'s through
1276  9758              ;     CCP_BUILTIN_DISPATCH to the matching built-in (or runs an external .COM). [RE]
1277  9758              ; ----------------------------------------------------------------------
1278  9758              CCP_WARM_ENTRY:
1279  9758                      ; warm entry: clear A
1280  9758 AF                   XOR A
1281  9759                      ; clear the submit/auto-command flag
1282  9759 32 07 94             LD (CCP_INLEN),A
1283  975C              CCP_COLD_ENTRY:
1284  975C                      ; reset CCP stack to its private area
1285  975C 31 AB 9B             LD SP,CCP_SUBMIT_FLAG
1286  975F                      ; save the BIOS login byte (user<<4 | drive)
1287  975F C5                   PUSH BC
1288  9760                      ; login byte -> A
1289  9760 79                   LD A,C
1290  9761                      ; shift high nibble (user number) down...
1291  9761 1F                   RRA
1292  9762 1F                   RRA
1293  9763 1F                   RRA
1294  9764 1F                   RRA
1295  9765                      ; isolate the 4-bit user number
1296  9765 E6 0F                AND $0F
1297  9767                      ; E = user number for the set-user call
1298  9767 5F                   LD E,A
1299  9768                      ; BDOS F_USERNUM(32): set current user code
1300  9768 CD 15 95             CALL BDOS_USERNUM
1301  976B                      ; BDOS DRV_ALLRESET(13): reset disk system, returns login vector
1302  976B CD B8 94             CALL BDOS_DRV_ALLRESET
1303  976E                      ; stash returned login byte in CCP workspace
1304  976E 32 AB 9B             LD (CCP_SUBMIT_FLAG),A
1305  9771                      ; restore login byte
1306  9771 C1                   POP BC
1307  9772                      ; login byte -> A again
1308  9772 79                   LD A,C
1309  9773                      ; isolate the 4-bit default drive number
1310  9773 E6 0F                AND $0F
1311  9775                      ; remember current/default drive
1312  9775 32 EF 9B             LD (CCP_CUR_DRIVE),A
1313  9778                      ; BDOS DRV_SET(14): select the default drive
1314  9778 CD BD 94             CALL BDOS_DRV_SET
1315  977B                      ; pending submit/auto command?
1316  977B 3A 07 94             LD A,(CCP_INLEN)
1317  977E                      ; test the submit flag
1318  977E B7                   OR A
1319  977F                      ; yes: skip the prompt, take the queued line
1320  977F C2 98 97             JP NZ,CCP_PARSE_AND_DISPATCH
1321  9782              CCP_PROMPT_AND_READ:
1322  9782                      ; reset CCP stack before prompting
1323  9782 31 AB 9B             LD SP,CCP_SUBMIT_FLAG
1324  9785                      ; print CR/LF
1325  9785 CD 98 94             CALL CCP_CRLF
1326  9788                      ; BDOS DRV_GET(25): get current drive number
1327  9788 CD D0 95             CALL BDOS_DRV_GET
1328  978B                      ; convert drive 0..15 to ASCII 'A'..'P'
1329  978B C6 41                ADD A,$41
1330  978D                      ; C_WRITE(2): echo the drive letter
1331  978D CD 8C 94             CALL CCP_CONOUT
1332  9790                      ; '>' prompt character
1333  9790 3E 3E                LD A,$3E
1334  9792                      ; C_WRITE(2): print the '>' prompt
1335  9792 CD 8C 94             CALL CCP_CONOUT
1336  9795                      ; read a console command line into the buffer
1337  9795 CD 39 95             CALL CCP_GETCMD
1338  9798              CCP_PARSE_AND_DISPATCH:
1339  9798                      ; DE -> TBUFF ($0080), the default DMA / line area
1340  9798 11 80 00             LD DE,$0080
1341  979B                      ; BDOS F_DMAOFF(26): set DMA back to TBUFF ($0080)
1342  979B CD D8 95             CALL BDOS_F_DMAOFF
1343  979E                      ; BDOS DRV_GET(25): re-read current drive
1344  979E CD D0 95             CALL BDOS_DRV_GET
1345  97A1                      ; update current/default drive
1346  97A1 32 EF 9B             LD (CCP_CUR_DRIVE),A
1347  97A4                      ; parse the typed line into the command FCB
1348  97A4 CD 5E 96             CALL CCP_PARSE_FCB1
1349  97A7                      ; on parse note, echo command tail to first blank
1350  97A7 C4 09 96             CALL NZ,CCP_ECHO_TOKEN
1351  97AA                      ; explicit drive prefix given on the command?
1352  97AA 3A F0 9B             LD A,(CCP_FCB_DRIVE_PREFIX)
1353  97AD                      ; test the drive-prefix flag
1354  97AD B7                   OR A
1355  97AE                      ; yes: go run it as an external command
1356  97AE C2 A5 9A             JP NZ,CCP_DRIVE_SELECT
1357  97B1                      ; SEARCH_BUILTIN: find a built-in command index
1358  97B1 CD 2E 97             CALL SEARCH_BUILTIN
1359  97B4                      ; HL -> built-in dispatch table
1360  97B4 21 C1 97             LD HL,CCP_BUILTIN_DISPATCH_TBL
1361  97B7                      ; E = command index from SEARCH_BUILTIN
1362  97B7 5F                   LD E,A
1363  97B8                      ; DE = zero-extended index
1364  97B8 16 00                LD D,$00
1365  97BA                      ; scale index by 2 (table of words)...
1366  97BA 19                   ADD HL,DE
1367  97BB                      ; ...HL -> the matching DEFW entry
1368  97BB 19                   ADD HL,DE
1369  97BC                      ; load handler address low byte
1370  97BC 7E                   LD A,(HL)
1371  97BD 23                   INC HL
1372  97BE                      ; load handler address high byte
1373  97BE 66                   LD H,(HL)
1374  97BF 6F                   LD L,A
1375  97C0                      ; jump to the built-in command handler
1376  97C0 E9                   JP (HL)
1377  97C1              ; ----------------------------------------------------------------------
1378  97C1              ; CCP_BUILTIN_DISPATCH_TBL -- jump table of the 7 built-in CCP command handlers.
1379  97C1              ;   In: indexed by the command number in A (0..6) returned by the built-in matcher
1380  97C1              ;       SEARCH_BUILTIN (compares the command name against the keyword table at CCP_BUILTIN_NAMES).
1381  97C1              ;   Out: n/a (table of DEFW handler addresses).
1382  97C1              ;   Clobbers: n/a (data).
1383  97C1              ;   Algorithm: the dispatcher at $97B4 loads HL=this table + 2*index, fetches the
1384  97C1              ;              16-bit handler address, and JP (HL)s to it. Order matches the keyword
1385  97C1              ;              table "DIR ERA TYPESAVEREN USER": 0=DIR 1=ERA 2=TYPE 3=SAVE 4=REN
1386  97C1              ;              5=USER, 6=not-a-builtin (load+run as a transient program).
1387  97C1              ;   [RE] Standard CP/M 2.2 CCP built-in dispatch table.
1388  97C1              ; ----------------------------------------------------------------------
1389  97C1              ; ----------------------------------------------------------------------
1390  97C1              ; CCP_BUILTIN_DISPATCH -- word table of the six built-in command handler addresses.
1391  97C1              ;   Indexed (x2) by the command number SEARCH_BUILTIN returns; entries 0..5 are
1392  97C1              ;   DIR, ERA, TYPE, SAVE, REN, USER. A seventh DEFW (external/run path) follows
1393  97C1              ;   so an out-of-range index (6) falls through to the external-command handler. [RE]
1394  97C1              ; ----------------------------------------------------------------------
1395  97C1              CCP_BUILTIN_DISPATCH_TBL:
1396  97C1                      ; index 0: DIR builtin
1397  97C1                      ; 0: DIR built-in
1398  97C1 77 98                DEFW    DIR_CMD
1399  97C3                      ; index 1: ERA builtin
1400  97C3                      ; 1: ERA built-in
1401  97C3 1F 99                DEFW    ERA_CMD
1402  97C5                      ; index 2: TYPE builtin
1403  97C5                      ; 2: TYPE built-in
1404  97C5 5D 99                DEFW    TYPE_CMD
1405  97C7                      ; index 3: SAVE builtin
1406  97C7                      ; 3: SAVE built-in
1407  97C7 AD 99                DEFW    SAVE_CMD
1408  97C9                      ; index 4: REN builtin
1409  97C9                      ; 4: REN built-in
1410  97C9 10 9A                DEFW    REN_CMD
1411  97CB                      ; index 5: USER builtin
1412  97CB                      ; 5: USER built-in
1413  97CB 8E 9A                DEFW    CCP_CMD_USER
1414  97CD                      ; index 6: not a builtin -> load and run transient .COM
1415  97CD                      ; 6: external / run .COM (out-of-range fallthrough)
1416  97CD A5 9A                DEFW    CCP_DRIVE_SELECT
1417  97CF              ; ----------------------------------------------------------------------
1418  97CF              ; CCP_SERIAL_MISMATCH_HALT -- lock the system when the BDOS serial does not match.
1419  97CF              ;   In: reached via JP NZ from the CCP serial check (CCP_CHECK_SERIAL) on a byte mismatch.
1420  97CF              ;   Out: never returns; the CPU is halted.
1421  97CF              ;   Clobbers: HL; overwrites the first 2 bytes of the CCP entry vector at $9400.
1422  97CF              ;   Algorithm: store the bytes $F3,$76 (DI ; HALT) over the CCP cold-entry vector,
1423  97CF              ;              then JP (HL) into $9400 to execute DI then HALT, hanging the machine.
1424  97CF              ;   [RE] Standard DRI CP/M anti-piracy serial trap: a corrupted/foreign BDOS makes
1425  97CF              ;        the CCP destroy its own entry point and stop. $76F3 stored little-endian
1426  97CF              ;        places opcodes F3,76 = DI ; HALT at $9400.
1427  97CF              ; ----------------------------------------------------------------------
1428  97CF              CCP_SERIAL_MISMATCH_HALT:
1429  97CF                      ; $76F3 stored little-endian = bytes F3,76 = DI ; HALT
1430  97CF 21 F3 76             LD HL,$76F3
1431  97D2                      ; overwrite the CCP cold-entry vector with DI ; HALT
1432  97D2 22 00 94             LD (CCP_ENTRY),HL
1433  97D5                      ; point HL at the just-patched entry
1434  97D5 21 00 94             LD HL,CCP_ENTRY
1435  97D8                      ; jump into it: DI then HALT -> system hangs (serial lock)
1436  97D8 E9                   JP (HL)
1437  97D9              ; ----------------------------------------------------------------------
1438  97D9              ; PRINT_READ_ERROR -- emit the "READ ERROR" message on a fresh line.
1439  97D9              ;   In: none.
1440  97D9              ;   Out: message printed via CCP_CRLF_MSG (CRLF then print-string-until-NUL).
1441  97D9              ;   Clobbers: A, BC, HL (per the print helper).
1442  97D9              ;   Algorithm: point BC at the "READ ERROR" string and tail-jump CCP_CRLF_MSG, which
1443  97D9              ;              prints a CRLF then outputs the string until the $00 terminator.
1444  97D9              ;   [RE] CCP disk read-error report.
1445  97D9              ; ----------------------------------------------------------------------
1446  97D9              PRINT_READ_ERROR:
1447  97D9                      ; BC -> "READ ERROR" string
1448  97D9 01 DF 97             LD BC,MSG_READ_ERROR
1449  97DC                      ; tail-call CRLF + print-string-until-NUL
1450  97DC C3 A7 94             JP CCP_CRLF_MSG
1451  97DF              ; ----------------------------------------------------------------------
1452  97DF              ; MSG_READ_ERROR -- NUL-terminated console message "READ ERROR".
1453  97DF              ;   In: pointed to by PRINT_READ_ERROR.
1454  97DF              ;   Out: n/a (data).
1455  97DF              ;   Clobbers: n/a.
1456  97DF              ;   Algorithm: ASCII text + $00 terminator.
1457  97DF              ;   [RE] CCP message string.
1458  97DF              ; ----------------------------------------------------------------------
1459  97DF              MSG_READ_ERROR:
1460  97DF 52 45 41 44          DEFB    "READ ERROR"             ; string
1460  97E3 20 45 52 52
1460  97E7 4F 52
1461  97E9 00                   DEFB    $00                      ; terminator
1462  97EA              ; ----------------------------------------------------------------------
1463  97EA              ; PRINT_NO_FILE -- emit the "NO FILE" message on a fresh line.
1464  97EA              ;   In: none.
1465  97EA              ;   Out: message printed via CCP_CRLF_MSG (CRLF then print-string-until-NUL).
1466  97EA              ;   Clobbers: A, BC, HL (per the print helper).
1467  97EA              ;   Algorithm: point BC at the "NO FILE" string and tail-jump CCP_CRLF_MSG.
1468  97EA              ;   [RE] CCP "file not found" report (DIR/ERA/REN with no matching file).
1469  97EA              ; ----------------------------------------------------------------------
1470  97EA              PRINT_NO_FILE:
1471  97EA                      ; BC -> "NO FILE" string
1472  97EA 01 F0 97             LD BC,MSG_NO_FILE
1473  97ED                      ; tail-call CRLF + print-string-until-NUL
1474  97ED C3 A7 94             JP CCP_CRLF_MSG
1475  97F0              ; ----------------------------------------------------------------------
1476  97F0              ; MSG_NO_FILE -- NUL-terminated console message "NO FILE".
1477  97F0              ;   In: pointed to by PRINT_NO_FILE.
1478  97F0              ;   Out: n/a (data).
1479  97F0              ;   Clobbers: n/a.
1480  97F0              ;   Algorithm: ASCII text + $00 terminator.
1481  97F0              ;   [RE] CCP message string.
1482  97F0              ; ----------------------------------------------------------------------
1483  97F0              MSG_NO_FILE:
1484  97F0 4E 4F 20 46          DEFB    "NO FILE"                ; string
1484  97F4 49 4C 45
1485  97F7 00                   DEFB    $00                      ; terminator
1486  97F8              ; ----------------------------------------------------------------------
1487  97F8              ; PARSE_FCB_DECIMAL -- parse the file-name field of the parsed FCB as a decimal number.
1488  97F8              ;   In: command tail in the CCP command buffer; reparsed here into the CCP FCB.
1489  97F8              ;   Out: A = the 8-bit decimal value (also in B); falls through to error (CCP_ECHO_TOKEN)
1490  97F8              ;        on a bad digit or overflow > 255.
1491  97F8              ;   Clobbers: A, B, C, D, HL.
1492  97F8              ;   Algorithm: rebuild the FCB from the tail (CCP_PARSE_FCB1/CCP_BUILD_FCB); if a second
1493  97F8              ;              drive-prefixed token was parsed (CCP_FCB_DRIVE_PREFIX != 0), error. Walk the 11-char
1494  97F8              ;              name field (HL=CCP_FCB_NAME): a space ends the number (then verify the
1495  97F8              ;              remaining chars are all blank); else subtract '0' and require 0..9,
1496  97F8              ;              accumulate value = value*10 + digit, trapping any carry as overflow.
1497  97F8              ;              Used by SAVE (page count) and USER (user number).
1498  97F8              ;   [RE] CCP numeric-argument parser for SAVE n and USER n.
1499  97F8              ; ----------------------------------------------------------------------
1500  97F8              PARSE_FCB_DECIMAL:
1501  97F8                      ; (re)parse the command tail into the CCP FCB
1502  97F8 CD 5E 96             CALL CCP_PARSE_FCB1
1503  97FB                      ; A = second-token drive-prefix flag from the parse (0 = none)
1504  97FB 3A F0 9B             LD A,(CCP_FCB_DRIVE_PREFIX)
1505  97FE B7                   OR A
1506  97FF                      ; unexpected extra argument -> report bad command line
1507  97FF C2 09 96             JP NZ,CCP_ECHO_TOKEN
1508  9802                      ; HL -> first char of the FCB name field
1509  9802 21 CE 9B             LD HL,CCP_FCB_NAME
1510  9805                      ; B=0 (accumulator), C=11 (name field length)
1511  9805 01 0B 00             LD BC,$000B
1512  9808              ; ----------------------------------------------------------------------
1513  9808              ; PARSE_FCB_DECIMAL_LOOP -- digit accumulation loop for PARSE_FCB_DECIMAL.
1514  9808              ;   In: HL -> current name char, B = running value, C = chars remaining.
1515  9808              ;   Out: loops until a blank or all 11 chars consumed; B holds the accumulated value.
1516  9808              ;   Clobbers: A, B, C, D, HL.
1517  9808              ;   Algorithm: load char; if ' ' jump to the trailing-blank check; else digit=char-'0',
1518  9808              ;              reject if >= 10; pre-reject if value >= 32 (would overflow *8); then
1519  9808              ;              new = value*8 (3x RLCA) + value + value (= *10) + digit, rejecting on
1520  9808              ;              carry at each add (overflow); store back, decrement count, repeat.
1521  9808              ;   [RE] Inner loop of the CCP decimal parser.
1522  9808              ; ----------------------------------------------------------------------
1523  9808              PARSE_FCB_DECIMAL_LOOP:
1524  9808 7E                   LD A,(HL)
1525  9809                      ; space ends the digit run
1526  9809 FE 20                CP $20
1527  980B                      ; verify the rest of the field is blank
1528  980B CA 33 98             JP Z,REQUIRE_TRAILING_BLANKS
1529  980E 23                   INC HL
1530  980F                      ; char - '0' -> digit value
1531  980F D6 30                SUB $30
1532  9811                      ; reject non-decimal (>= 10)
1533  9811 FE 0A                CP $0A
1534  9813 D2 09 96             JP NC,CCP_ECHO_TOKEN
1535  9816 57                   LD D,A
1536  9817 78                   LD A,B
1537  9818                      ; value already >= 32? top 3 bits set means *8 (RLCA x3) overflows a byte
1538  9818 E6 E0                AND $E0
1539  981A C2 09 96             JP NZ,CCP_ECHO_TOKEN
1540  981D 78                   LD A,B
1541  981E                      ; value << 1 (first of three RLCA -> value*8)
1542  981E 07                   RLCA
1543  981F 07                   RLCA
1544  9820 07                   RLCA
1545  9821                      ; value*8 + value -> *9 (trap carry = overflow)
1546  9821 80                   ADD A,B
1547  9822 DA 09 96             JP C,CCP_ECHO_TOKEN
1548  9825                      ; +value -> *10 (trap carry = overflow)
1549  9825 80                   ADD A,B
1550  9826 DA 09 96             JP C,CCP_ECHO_TOKEN
1551  9829                      ; + new digit (trap carry = overflow)
1552  9829 82                   ADD A,D
1553  982A DA 09 96             JP C,CCP_ECHO_TOKEN
1554  982D                      ; store back the running value
1555  982D 47                   LD B,A
1556  982E 0D                   DEC C
1557  982F C2 08 98             JP NZ,PARSE_FCB_DECIMAL_LOOP
1558  9832 C9                   RET
1559  9833              ; ----------------------------------------------------------------------
1560  9833              ; REQUIRE_TRAILING_BLANKS -- assert the remaining FCB name chars are all spaces.
1561  9833              ;   In: HL -> next name char, C = count of chars remaining, B = parsed value.
1562  9833              ;   Out: A = accumulated decimal value (from B) on success; falls to CCP_ECHO_TOKEN
1563  9833              ;        (bad command line) if any non-space is found.
1564  9833              ;   Clobbers: A, C, HL.
1565  9833              ;   Algorithm: scan C chars; any char != ' ' is an error; on reaching the end return
1566  9833              ;              the parsed value held in B.
1567  9833              ;   [RE] Tail of the SAVE/USER decimal parser.
1568  9833              ; ----------------------------------------------------------------------
1569  9833              REQUIRE_TRAILING_BLANKS:
1570  9833 7E                   LD A,(HL)
1571  9834                      ; must be a space
1572  9834 FE 20                CP $20
1573  9836                      ; trailing junk -> bad command line
1574  9836 C2 09 96             JP NZ,CCP_ECHO_TOKEN
1575  9839 23                   INC HL
1576  983A 0D                   DEC C
1577  983B                      ; continue while chars remain
1578  983B C2 33 98             JP NZ,REQUIRE_TRAILING_BLANKS
1579  983E                      ; return the accumulated decimal value
1580  983E 78                   LD A,B
1581  983F C9                   RET
1582  9840              ; ----------------------------------------------------------------------
1583  9840              ; COPY_3_BYTES -- copy a 3-byte field (an FCB type/extension) (HL)->(DE).
1584  9840              ;   In: HL = source, DE = destination.
1585  9840              ;   Out: HL, DE advanced past 3 bytes; B = 0.
1586  9840              ;   Clobbers: A, B, DE, HL.
1587  9840              ;   Algorithm: set B=3 and fall into the generic byte-copy loop COPY_N_BYTES.
1588  9840              ;   [RE] Called only by the transient-program loader (CCP_CMD_TRANSIENT) to save the
1589  9840              ;        command's 3-byte FCB type field (CCP_FCB_EXT) into a holding area (CCP_COM_EXT)
1590  9840              ;        before the FCB is rebuilt.
1591  9840              ; ----------------------------------------------------------------------
1592  9840              COPY_3_BYTES:
1593  9840                      ; 3 bytes = FCB type/extension field
1594  9840 06 03                LD B,$03
1595  9842              ; ----------------------------------------------------------------------
1596  9842              ; COPY_N_BYTES -- copy B bytes from (HL) to (DE).
1597  9842              ;   In: HL = source, DE = destination, B = byte count (> 0).
1598  9842              ;   Out: HL, DE advanced past the copied bytes; B = 0.
1599  9842              ;   Clobbers: A, B, DE, HL.
1600  9842              ;   Algorithm: loop: load (HL), store (DE), bump both pointers, dec B until zero.
1601  9842              ;   [RE] Generic CCP memcpy. Entered with B=16 to copy a whole FCB (REN, REN_CMD),
1602  9842              ;        B=33 to copy the transient FCB to $005C, B=$80 to copy a sector, and B=3 via
1603  9842              ;        COPY_3_BYTES.
1604  9842              ; ----------------------------------------------------------------------
1605  9842              COPY_N_BYTES:
1606  9842                      ; load source byte
1607  9842 7E                   LD A,(HL)
1608  9843                      ; store to destination
1609  9843 12                   LD (DE),A
1610  9844 23                   INC HL
1611  9845 13                   INC DE
1612  9846 05                   DEC B
1613  9847                      ; repeat for B bytes
1614  9847 C2 42 98             JP NZ,COPY_N_BYTES
1615  984A C9                   RET
1616  984B              ; ----------------------------------------------------------------------
1617  984B              ; TBUFF_INDEX_FETCH -- read a byte from the default DMA buffer (TBUFF=$0080) at index C+A.
1618  984B              ;   In: A = an extra offset, C = base index into the buffer.
1619  984B              ;   Out: A = byte read from TBUFF + (C + A); HL = its address.
1620  984B              ;   Clobbers: A, HL.
1621  984B              ;   Algorithm: HL = TBUFF; A = A + C; add A to HL (via CCP_HL_ADD_A); load (HL) into A.
1622  984B              ;   [RE] CCP reads a directory-entry byte out of the BDOS DMA buffer at TBUFF=$0080
1623  984B              ;        (used by DIR to walk the returned directory records).
1624  984B              ; ----------------------------------------------------------------------
1625  984B              TBUFF_INDEX_FETCH:
1626  984B                      ; HL = TBUFF (default DMA buffer at $0080)
1627  984B 21 80 00             LD HL,$0080
1628  984E                      ; combine the two index parts (C + A)
1629  984E 81                   ADD A,C
1630  984F                      ; HL += A (16-bit add)
1631  984F CD 59 96             CALL CCP_HL_ADD_A
1632  9852                      ; fetch the indexed byte
1633  9852 7E                   LD A,(HL)
1634  9853 C9                   RET
1635  9854              ; ----------------------------------------------------------------------
1636  9854              ; RESOLVE_DRIVE_PREFIX -- clear the FCB drive byte, then select the command's drive.
1637  9854              ;   In: parsed FCB at CCP_FCB (drive byte CCP_FCB); explicit drive code in CCP_FCB_DRIVE_PREFIX
1638  9854              ;       (1=A..), 0=default; current logged drive in CCP_CUR_DRIVE.
1639  9854              ;   Out: the requested drive is selected (BDOS Select Disk, fn 14) when it differs from
1640  9854              ;        the current drive; returns with the FCB drive byte forced to 0 (default).
1641  9854              ;   Clobbers: A, HL.
1642  9854              ;   Algorithm: store 0 into the FCB drive byte (auto-select); read the explicit drive
1643  9854              ;              code, if 0 (none) return; decrement to a 0-based number; if it equals the
1644  9854              ;              current drive return; otherwise tail-call BDOS_DRV_SET (BDOS Select Disk).
1645  9854              ;   [RE] CCP drive-prefix handler. Companion CCP_RESTORE_DEFAULT_DRIVE ($9866) keeps the
1646  9854              ;        FCB drive byte (skips the initial clear).
1647  9854              ; ----------------------------------------------------------------------
1648  9854              RESOLVE_DRIVE_PREFIX:
1649  9854 AF                   XOR A
1650  9855                      ; force FCB drive byte = 0 (use selected default drive)
1651  9855 32 CD 9B             LD (CCP_FCB),A
1652  9858                      ; A = explicit drive code from the command (0 = none)
1653  9858 3A F0 9B             LD A,(CCP_FCB_DRIVE_PREFIX)
1654  985B B7                   OR A
1655  985C                      ; no explicit drive -> nothing to select
1656  985C C8                   RET Z
1657  985D                      ; convert 1-based code to 0-based drive number
1658  985D 3D                   DEC A
1659  985E                      ; HL -> current logged drive
1660  985E 21 EF 9B             LD HL,CCP_CUR_DRIVE
1661  9861                      ; already the current drive?
1662  9861 BE                   CP (HL)
1663  9862                      ; yes -> no select needed
1664  9862 C8                   RET Z
1665  9863                      ; tail-call BDOS Select Disk (fn 14) with A=drive
1666  9863 C3 BD 94             JP BDOS_DRV_SET
1667  9866              ; ----------------------------------------------------------------------
1668  9866              ; CCP_RESTORE_DEFAULT_DRIVE -- If the parsed FCB carried an explicit drive prefix, re-select the
1669  9866              ; default drive (no FCB-drive-byte clear).
1670  9866              ;   In: CCP_FCB_DRIVE_PREFIX = explicit drive prefix parsed from the command's FCB (0 = none),
1671  9866              ;       CCP_CUR_DRIVE = current default drive code.
1672  9866              ;   Out: When the FCB had a prefix that differs from the default, the BDOS current disk is set back
1673  9866              ;        to the default drive (CCP_CUR_DRIVE); A clobbered.
1674  9866              ;   Clobbers: A, E, HL.
1675  9866              ;   Algorithm: If the FCB drive byte is 0 (no prefix) return. Otherwise convert the 1-based prefix
1676  9866              ;              to 0-based; if it already equals the default drive (CCP_CUR_DRIVE) return; else load
1677  9866              ;              the DEFAULT drive code (CCP_CUR_DRIVE) and call BDOS F_DRV_SET (fn 14) to re-select
1678  9866              ;              it. Variant of RESOLVE_DRIVE_PREFIX: it does NOT zero the FCB drive byte at CCP_FCB,
1679  9866              ;              and it selects the DEFAULT drive (restoring it on the post-operation/error paths)
1680  9866              ;              rather than the FCB's drive.
1681  9866              ;   [RE]
1682  9866              ; ----------------------------------------------------------------------
1683  9866              CCP_RESTORE_DEFAULT_DRIVE:
1684  9866                      ; Load explicit drive prefix parsed into this FCB (0 => no prefix)
1685  9866 3A F0 9B             LD A,(CCP_FCB_DRIVE_PREFIX)
1686  9869 B7                   OR A
1687  986A                      ; No explicit drive prefix: leave current disk unchanged
1688  986A C8                   RET Z
1689  986B                      ; Convert 1-based prefix (A=1..16) to 0-based drive code
1690  986B 3D                   DEC A
1691  986C 21 EF 9B             LD HL,CCP_CUR_DRIVE
1692  986F                      ; Compare against the current default drive (CCP_CUR_DRIVE)
1693  986F BE                   CP (HL)
1694  9870                      ; Prefix already equals the default drive: nothing to do
1695  9870 C8                   RET Z
1696  9871                      ; Load the DEFAULT drive code as the BDOS F_DRV_SET argument (restore it)
1697  9871 3A EF 9B             LD A,(CCP_CUR_DRIVE)
1698  9874                      ; Tail-call BDOS F_DRV_SET (fn 14) to re-select the default drive
1699  9874 C3 BD 94             JP BDOS_DRV_SET
1700  9877              ; ----------------------------------------------------------------------
1701  9877              ; DIR_CMD -- CCP built-in DIR: list directory entries matching the command-tail filespec.
1702  9877              ;   In: Command tail already parsed; default drive in CCP_CUR_DRIVE.
1703  9877              ;   Out: Matching filenames printed (2 per line as 'd:NAME EXT'); 'NO FILE' if none. Returns via the
1704  9877              ;        CCP command-complete path.
1705  9877              ;   Clobbers: A, B, C, D, E, H, L.
1706  9877              ;   Algorithm: Build the search FCB from the tail (CCP_PARSE_FCB1); select the requested drive
1707  9877              ;              (RESOLVE_DRIVE_PREFIX). If the first FCB name byte is blank (no name given), fall
1708  9877              ;              into DIR_WILDCARD_FILL to set all 11 name/type bytes to '?' (match every file). Falls
1709  9877              ;              through to DIR_START_SEARCH which issues SEARCH_FIRST and enters the format loop.
1710  9877              ;   [RE]
1711  9877              ; ----------------------------------------------------------------------
1712  9877              DIR_CMD:
1713  9877                      ; Parse the command tail into the search FCB at CCP_FCB
1714  9877 CD 5E 96             CALL CCP_PARSE_FCB1
1715  987A                      ; Select the drive named by the filespec prefix
1716  987A CD 54 98             CALL RESOLVE_DRIVE_PREFIX
1717  987D                      ; Point at the FCB name field (first name byte)
1718  987D 21 CE 9B             LD HL,CCP_FCB_NAME
1719  9880 7E                   LD A,(HL)
1720  9881                      ; First name byte blank? => no filespec name was given
1721  9881 FE 20                CP $20
1722  9883 C2 8F 98             JP NZ,DIR_START_SEARCH
1723  9886                      ; 11 = length of the FCB name+type field to wildcard-fill
1724  9886 06 0B                LD B,$0B
1725  9888              ; ----------------------------------------------------------------------
1726  9888              ; DIR_WILDCARD_FILL -- Overwrite the 11 FCB name+type bytes with '?' so DIR matches every file.
1727  9888              ;   In: HL = first name byte of the search FCB; B = 11.
1728  9888              ;   Out: 11 bytes set to '?' ($3F); HL advanced past them; B = 0. Falls into DIR_START_SEARCH.
1729  9888              ;   Clobbers: B, HL (A preserved).
1730  9888              ;   Algorithm: Store '?' through HL, advance, decrement count, repeat 11 times.
1731  9888              ;   [RE]
1732  9888              ; ----------------------------------------------------------------------
1733  9888              DIR_WILDCARD_FILL:
1734  9888                      ; Write '?' wildcard into this FCB name byte
1735  9888 36 3F                LD (HL),$3F
1736  988A 23                   INC HL
1737  988B 05                   DEC B
1738  988C                      ; Loop until all 11 name+type bytes are wildcarded
1739  988C C2 88 98             JP NZ,DIR_WILDCARD_FILL
1740  988F              ; ----------------------------------------------------------------------
1741  988F              ; DIR_START_SEARCH -- Begin the DIR directory scan and test the first SEARCH result.
1742  988F              ;   In: Search FCB at CCP_FCB populated.
1743  988F              ;   Out: E (per-line entry counter) initialised to 0 and pushed; BDOS SEARCH_FIRST issued; if no
1744  988F              ;        match 'NO FILE' is printed. Falls through to DIR_CMD_2.
1745  988F              ;   Clobbers: A, E, flags; pushes DE (the entry counter).
1746  988F              ;   Algorithm: Set the per-line entry counter E=0 and save it on the stack; call BDOS SEARCH_FIRST
1747  988F              ;              (fn 17); on a no-match (Z) print 'NO FILE'. Falls through to DIR_CMD_2 which loops
1748  988F              ;              over results.
1749  988F              ;   [RE]
1750  988F              ; ----------------------------------------------------------------------
1751  988F              DIR_START_SEARCH:
1752  988F                      ; E = directory-entry counter (drives the per-line column layout)
1753  988F 1E 00                LD E,$00
1754  9891                      ; Save the entry counter across the BDOS calls
1755  9891 D5                   PUSH DE
1756  9892                      ; BDOS SEARCH_FIRST (fn 17) on the FCB at CCP_FCB
1757  9892 CD E9 94             CALL CCP_SEARCH_FIRST_SUBMIT
1758  9895                      ; No directory match (Z): print 'NO FILE'
1759  9895 CC EA 97             CALL Z,PRINT_NO_FILE
1760  9898              ; ----------------------------------------------------------------------
1761  9898              ; DIR_CMD_2 -- DIR main loop body: format one matched directory entry from the DMA buffer.
1762  9898              ;   In: Z flag from the preceding SEARCH set when the directory is exhausted; BDOS stored the
1763  9898              ;       matched entry's directory code (0..3) in CCP_BDOS_RESULT; the matched 32-byte entry sits in
1764  9898              ;       the 128-byte DMA buffer (TBUFF $0080).
1765  9898              ;   Out: One entry printed as 'd:NAME EXT'; loops via SEARCH_NEXT; exits to DIR_EXIT when no more
1766  9898              ;        entries.
1767  9898              ;   Clobbers: A, B, C, D, E, H, L.
1768  9898              ;   Algorithm: If SEARCH reported no (further) match, go DIR_EXIT. Convert the directory code (0..3)
1769  9898              ;              in CCP_BDOS_RESULT to the matched entry's byte offset in the DMA buffer = code*32
1770  9898              ;              (RRCA x3 then AND $60), into C. Read the entry's flag byte at offset 10; if its bit7
1771  9898              ;              (RLA into carry) is set, skip this entry. Otherwise pop+increment+re-push the entry
1772  9898              ;              counter, AND $01 to test column parity: odd index continues the current line
1773  9898              ;              (DIR_FMT_ENTRY_COLS), even index starts a fresh CRLF line then prints the drive
1774  9898              ;              letter ('A'+drive) and ':'. Then print the 11-char name. (Layout is 2 entries per
1775  9898              ;              line, per the AND $01 mask.)
1776  9898              ;   [RE]
1777  9898              ; ----------------------------------------------------------------------
1778  9898              DIR_CMD_2:
1779  9898                      ; SEARCH returned no (further) match: finish DIR
1780  9898 CA 1B 99             JP Z,DIR_EXIT
1781  989B                      ; BDOS directory code (0..3) of the matched entry, stored by the SEARCH wrapper
1782  989B 3A EE 9B             LD A,(CCP_BDOS_RESULT)
1783  989E 0F                   RRCA
1784  989F 0F                   RRCA
1785  98A0 0F                   RRCA
1786  98A1                      ; code*32: byte offset of the matched 32-byte entry within the DMA buffer (RRCA x3 then
1787  98A1                      ; mask)
1788  98A1 E6 60                AND $60
1789  98A3                      ; C = base offset of this entry within the DMA buffer
1790  98A3 4F                   LD C,A
1791  98A4                      ; Offset 10 within the entry: the file flag/attribute byte
1792  98A4 3E 0A                LD A,$0A
1793  98A6                      ; Fetch DMA[C + 10] (the entry's flag byte)
1794  98A6 CD 4B 98             CALL TBUFF_INDEX_FETCH
1795  98A9                      ; Move bit7 of the flag byte into carry
1796  98A9 17                   RLA
1797  98AA                      ; Flag bit7 set: skip this entry, advance to SEARCH_NEXT
1798  98AA DA 0F 99             JP C,DIR_NEXT_OR_EXIT
1799  98AD                      ; Recover the running entry counter (E)
1800  98AD D1                   POP DE
1801  98AE 7B                   LD A,E
1802  98AF                      ; Count this displayed entry
1803  98AF 1C                   INC E
1804  98B0 D5                   PUSH DE
1805  98B1                      ; DIR column-layout mask: 2.20 uses $01 (2-per-line parity); 2.20B uses $03 (so the
1806  98B1                      ; later CP $03 can match -- a genuine 2.20->2.20B DIR-formatting change).
1807  98B1                  IFDEF V220B
1808  98B1 ~                    AND $03
1809  98B1                  ELSE
1810  98B1 E6 01                AND $01
1811  98B3                  ENDIF
1812  98B3 F5                   PUSH AF
1813  98B4                      ; Odd index: continue on the same line with a column separator
1814  98B4 C2 CC 98             JP NZ,DIR_FMT_ENTRY_COLS
1815  98B7                      ; Even index: start a fresh output line (CRLF)
1816  98B7 CD 98 94             CALL CCP_CRLF
1817  98BA C5                   PUSH BC
1818  98BB                      ; BDOS GET_CUR_DRIVE (fn 25) for the drive number
1819  98BB CD D0 95             CALL BDOS_DRV_GET
1820  98BE C1                   POP BC
1821  98BF                      ; Convert drive 0..15 to letter 'A'..'P'
1822  98BF C6 41                ADD A,$41
1823  98C1 CD 92 94             CALL CCP_CONOUT_KEEPBC
1824  98C4                      ; ':' separator after the drive letter
1825  98C4 3E 3A                LD A,$3A
1826  98C6 CD 92 94             CALL CCP_CONOUT_KEEPBC
1827  98C9 C3 D4 98             JP DIR_PRINT_NAME
1828  98CC              ; ----------------------------------------------------------------------
1829  98CC              ; DIR_FMT_ENTRY_COLS -- Emit the column separator before the 2nd entry on a line.
1830  98CC              ;   In: Reached for an odd entry index (continuing the current output line).
1831  98CC              ;   Out: A space separator and a ':' printed; falls through to DIR_PRINT_NAME.
1832  98CC              ;   Clobbers: A.
1833  98CC              ;   Algorithm: Print the inter-column space (CCP_SPACE), then a ':' separator, then continue into
1834  98CC              ;              the name-print code.
1835  98CC              ;   [RE]
1836  98CC              ; ----------------------------------------------------------------------
1837  98CC              DIR_FMT_ENTRY_COLS:
1838  98CC                      ; Print the inter-column space
1839  98CC CD A2 94             CALL CCP_SPACE
1840  98CF                      ; ':' column separator
1841  98CF 3E 3A                LD A,$3A
1842  98D1 CD 92 94             CALL CCP_CONOUT_KEEPBC
1843  98D4              ; ----------------------------------------------------------------------
1844  98D4              ; DIR_PRINT_NAME -- Print one directory entry's 11-character NAME EXT field.
1845  98D4              ;   In: C = base offset of the entry within the DMA buffer (TBUFF $0080).
1846  98D4              ;   Out: Bytes 1..11 of the name/type printed with high bits stripped.
1847  98D4              ;   Clobbers: A, B.
1848  98D4              ;   Algorithm: Print a leading space (CCP_SPACE), set B=1 (first name byte index, skipping the drive
1849  98D4              ;              byte at 0), and fall into DIR_EMIT_NAME_CHAR.
1850  98D4              ;   [RE]
1851  98D4              ; ----------------------------------------------------------------------
1852  98D4              DIR_PRINT_NAME:
1853  98D4                      ; Leading space before the filename
1854  98D4 CD A2 94             CALL CCP_SPACE
1855  98D7                      ; B = name-byte index, starting at offset 1 (skip the FCB drive byte at 0)
1856  98D7 06 01                LD B,$01
1857  98D9              ; ----------------------------------------------------------------------
1858  98D9              ; DIR_EMIT_NAME_CHAR -- Loop emitting the characters of a directory name/type field.
1859  98D9              ;   In: B = current name byte index (1..11); C = entry base offset in the DMA buffer; the
1860  98D9              ;       entry-parity value pushed by DIR_CMD_2 is on the stack.
1861  98D9              ;   Out: Each character printed (blank positions emitted as a single space); a separator space
1862  98D9              ;        inserted between name (1..8) and type (9..11).
1863  98D9              ;   Clobbers: A, B.
1864  98D9              ;   Algorithm: Fetch DMA[C + B] and strip the high bit (AND $7F). If it is non-blank, print it
1865  98D9              ;              (DIR_PUT_NAME_CHAR). If it is a blank, recover the saved parity value (POP/PUSH AF)
1866  98D9              ;              and CP $03; NOTE in THIS 2.20 build the saved value is the AND $01 parity (only ever
1867  98D9              ;              0 or 1), so CP $03 never matches and the type-peek block at LD A,$09 is effectively
1868  98D9              ;              dead -- the code always substitutes a single space (DIR_EMIT_NAME_CHAR_2). (In the
1869  98D9              ;              4-column 2.23 twin the saved value is AND $03, making that block live.)
1870  98D9              ;   [RE]
1871  98D9              ; ----------------------------------------------------------------------
1872  98D9              DIR_EMIT_NAME_CHAR:
1873  98D9                      ; A = current name byte index
1874  98D9 78                   LD A,B
1875  98DA                      ; Fetch DMA[C + index] = this name/type character
1876  98DA CD 4B 98             CALL TBUFF_INDEX_FETCH
1877  98DD                      ; Strip the directory attribute high bit
1878  98DD E6 7F                AND $7F
1879  98DF                      ; Is this character a blank?
1880  98DF FE 20                CP $20
1881  98E1                      ; Non-blank: print it directly
1882  98E1 C2 F9 98             JP NZ,DIR_PUT_NAME_CHAR
1883  98E4                      ; Recover the saved entry-parity value pushed by DIR_CMD_2
1884  98E4 F1                   POP AF
1885  98E5                      ; Keep it saved for the next iteration
1886  98E5 F5                   PUSH AF
1887  98E6                      ; Compare saved value to 3 (never matches here: AND $01 yields only 0/1)
1888  98E6 FE 03                CP $03
1889  98E8                      ; Always taken in this build: emit a single space for the blank
1890  98E8 C2 F7 98             JP NZ,DIR_EMIT_NAME_CHAR_2
1891  98EB                      ; (Dead in 2.20) offset 9 = first type-field byte, peeked to detect an all-blank extension
1892  98EB 3E 09                LD A,$09
1893  98ED CD 4B 98             CALL TBUFF_INDEX_FETCH
1894  98F0 E6 7F                AND $7F
1895  98F2 FE 20                CP $20
1896  98F4                      ; (Dead in 2.20) all-blank extension: stop and go fetch the next entry
1897  98F4 CA 0E 99             JP Z,DIR_SEARCH_NEXT
1898  98F7              ; ----------------------------------------------------------------------
1899  98F7              ; DIR_EMIT_NAME_CHAR_2 -- Substitute a single space for a blank name character, then fall into the
1900  98F7              ; emit step.
1901  98F7              ;   In: Reached when the current name character is a blank to be rendered as one space.
1902  98F7              ;   Out: A = ' ' ($20); falls into DIR_PUT_NAME_CHAR (CONOUT + advance).
1903  98F7              ;   Clobbers: A.
1904  98F7              ;   Algorithm: Load a space and continue to the character-output/advance step.
1905  98F7              ;   [RE]
1906  98F7              ; ----------------------------------------------------------------------
1907  98F7              DIR_EMIT_NAME_CHAR_2:
1908  98F7                      ; Emit a single space for the blank position
1909  98F7 3E 20                LD A,$20
1910  98F9              ; ----------------------------------------------------------------------
1911  98F9              ; DIR_PUT_NAME_CHAR -- Output one name character and advance to the next name-field position.
1912  98F9              ;   In: A = character to print; B = current name byte index; C = entry base offset.
1913  98F9              ;   Out: Character printed; B incremented; loops back for the next character, or inserts the
1914  98F9              ;        name/type gap, or finishes the field.
1915  98F9              ;   Clobbers: A, B.
1916  98F9              ;   Algorithm: CONOUT the character (CCP_CONOUT_KEEPBC). Increment B; if B reaches 12 the 11-char
1917  98F9              ;              field is done (go DIR_SEARCH_NEXT). When B reaches 9 (start of the type field) print
1918  98F9              ;              an extra separator space then continue the loop; otherwise just continue.
1919  98F9              ;   [RE]
1920  98F9              ; ----------------------------------------------------------------------
1921  98F9              DIR_PUT_NAME_CHAR:
1922  98F9                      ; CONOUT this name/type character (BDOS fn 2)
1923  98F9 CD 92 94             CALL CCP_CONOUT_KEEPBC
1924  98FC                      ; Advance to the next name byte index
1925  98FC 04                   INC B
1926  98FD 78                   LD A,B
1927  98FE                      ; Reached index 12 (all 11 chars done)?
1928  98FE FE 0C                CP $0C
1929  9900                      ; Field complete: fetch the next directory entry
1930  9900 D2 0E 99             JP NC,DIR_SEARCH_NEXT
1931  9903                      ; Reached the first type-field byte (index 9)?
1932  9903 FE 09                CP $09
1933  9905 C2 D9 98             JP NZ,DIR_EMIT_NAME_CHAR
1934  9908                      ; Print the name/extension separator space
1935  9908 CD A2 94             CALL CCP_SPACE
1936  990B                      ; Continue emitting type-field characters
1937  990B C3 D9 98             JP DIR_EMIT_NAME_CHAR
1938  990E              ; ----------------------------------------------------------------------
1939  990E              ; DIR_SEARCH_NEXT -- Drop the saved parity value, then fall into the break-check + SEARCH_NEXT path.
1940  990E              ;   In: The entry-parity value pushed by DIR_CMD_2 is on the stack.
1941  990E              ;   Out: That value discarded; falls into DIR_NEXT_OR_EXIT which polls for a break and issues
1942  990E              ;        SEARCH_NEXT.
1943  990E              ;   Clobbers: AF.
1944  990E              ;   Algorithm: POP the saved parity value off the stack (the per-line entry counter pushed in
1945  990E              ;              DIR_START_SEARCH remains beneath it), then continue into the break-check +
1946  990E              ;              SEARCH_NEXT path.
1947  990E              ;   [RE]
1948  990E              ; ----------------------------------------------------------------------
1949  990E              DIR_SEARCH_NEXT:
1950  990E                      ; Discard the saved entry-parity value pushed by DIR_CMD_2
1951  990E F1                   POP AF
1952  990F              ; ----------------------------------------------------------------------
1953  990F              ; DIR_NEXT_OR_EXIT -- Poll for a console abort, then issue BDOS SEARCH_NEXT to continue DIR.
1954  990F              ;   In: Search FCB still set from the original SEARCH_FIRST.
1955  990F              ;   Out: If a key is waiting (break) DIR aborts to DIR_EXIT; otherwise SEARCH_NEXT (fn 18) runs and
1956  990F              ;        the loop resumes at DIR_CMD_2.
1957  990F              ;   Clobbers: A.
1958  990F              ;   Algorithm: Call the console-status/break check (CCP_CHECK_ABORT); if a key is waiting (NZ), exit
1959  990F              ;              DIR. Else call BDOS SEARCH_NEXT (fn 18) and loop back to DIR_CMD_2 to format the next
1960  990F              ;              entry.
1961  990F              ;   [RE]
1962  990F              ; ----------------------------------------------------------------------
1963  990F              DIR_NEXT_OR_EXIT:
1964  990F                      ; Poll console for a break/abort keypress (BDOS fn 11 then fn 1)
1965  990F CD C2 95             CALL CCP_CHECK_ABORT
1966  9912                      ; Key pressed: abort the directory listing
1967  9912 C2 1B 99             JP NZ,DIR_EXIT
1968  9915                      ; BDOS SEARCH_NEXT (fn 18) for the following entry
1969  9915 CD E4 94             CALL BDOS_F_SNEXT
1970  9918                      ; Format the next matched entry
1971  9918 C3 98 98             JP DIR_CMD_2
1972  991B              ; ----------------------------------------------------------------------
1973  991B              ; DIR_EXIT -- DIR completion: drop the saved entry counter and return to the CCP command-complete
1974  991B              ; path.
1975  991B              ;   In: The per-line entry counter (pushed in DIR_START_SEARCH) is on the stack.
1976  991B              ;   Out: Stack balanced; jumps to the shared CCP end-of-command handler.
1977  991B              ;   Clobbers: DE.
1978  991B              ;   Algorithm: POP the saved DE counter and jump to CCP_RETURN_OK (the CCP post-command /
1979  991B              ;              return-to-prompt handler).
1980  991B              ;   [RE]
1981  991B              ; ----------------------------------------------------------------------
1982  991B              DIR_EXIT:
1983  991B                      ; Balance the entry counter pushed at the start of DIR
1984  991B D1                   POP DE
1985  991C                      ; Return to the CCP command-complete handler
1986  991C C3 86 9B             JP CCP_RETURN_OK
1987  991F              ; ----------------------------------------------------------------------
1988  991F              ; ERA_CMD -- CCP built-in ERA (ERASE): delete the files matching the command-tail filespec.
1989  991F              ;   In: Command tail already parsed; default drive in CCP_CUR_DRIVE.
1990  991F              ;   Out: Matching files deleted via BDOS; if the spec was all-wildcard (all 11 FCB bytes '?') the
1991  991F              ;        user is prompted 'ALL (Y/N)?' first. Returns via the CCP command-complete path.
1992  991F              ;   Clobbers: A, B, C, D, E, H, L.
1993  991F              ;   Algorithm: Build the FCB (CCP_PARSE_FCB1 returns A = count of '?' wildcard bytes in the 11-char
1994  991F              ;              name/type). If A=11 (every position is a wildcard, i.e. '*.*') print 'ALL (Y/N)?',
1995  991F              ;              read a console line, and abort unless it is a single 'Y'. Then fall into
1996  991F              ;              ERA_DO_DELETE.
1997  991F              ;   [RE]
1998  991F              ; ----------------------------------------------------------------------
1999  991F              ERA_CMD:
2000  991F                      ; Parse the command tail into the FCB; A = count of '?' wildcard bytes
2001  991F CD 5E 96             CALL CCP_PARSE_FCB1
2002  9922                      ; All 11 name/type bytes wildcard => the spec was '*.*' (erase everything)
2003  9922 FE 0B                CP $0B
2004  9924                      ; Not '*.*': skip the confirmation prompt
2005  9924 C2 42 99             JP NZ,ERA_DO_DELETE
2006  9927                      ; Point at the 'ALL (Y/N)?' prompt string
2007  9927 01 52 99             LD BC,MSG_ERA_CONFIRM
2008  992A                      ; Print CRLF then the prompt
2009  992A CD A7 94             CALL CCP_CRLF_MSG
2010  992D                      ; Read a console input line (the Y/N reply)
2011  992D CD 39 95             CALL CCP_GETCMD
2012  9930                      ; Point at the read-line character-count byte
2013  9930 21 07 94             LD HL,CCP_INLEN
2014  9933                      ; Require exactly one reply character (count must be 1)
2015  9933 35                   DEC (HL)
2016  9934                      ; Not a single char: abort back to the prompt
2017  9934 C2 82 97             JP NZ,CCP_PROMPT_AND_READ
2018  9937 23                   INC HL
2019  9938 7E                   LD A,(HL)
2020  9939                      ; Reply must be 'Y'
2021  9939 FE 59                CP $59
2022  993B                      ; Not 'Y': cancel the ERA and return to the prompt
2023  993B C2 82 97             JP NZ,CCP_PROMPT_AND_READ
2024  993E 23                   INC HL
2025  993F                      ; Advance the command-tail parse pointer past the consumed reply
2026  993F 22 88 94             LD (CCP_PARSEPTR),HL
2027  9942              ; ----------------------------------------------------------------------
2028  9942              ; ERA_DO_DELETE -- Perform the actual ERA file deletion after any confirmation.
2029  9942              ;   In: FCB at CCP_FCB holds the (possibly wildcard) filespec.
2030  9942              ;   Out: BDOS DELETE_FILE executed; 'NO FILE' printed when nothing matched; returns via the CCP
2031  9942              ;        command-complete path.
2032  9942              ;   Clobbers: A, D, E.
2033  9942              ;   Algorithm: Select the FCB's drive (RESOLVE_DRIVE_PREFIX); DE = FCB; call BDOS DELETE_FILE (fn
2034  9942              ;              19). INC A so a $FF (no-file) return becomes 0/Z; on Z print 'NO FILE'. Jump to the
2035  9942              ;              CCP post-command handler.
2036  9942              ;   [RE]
2037  9942              ; ----------------------------------------------------------------------
2038  9942              ERA_DO_DELETE:
2039  9942                      ; Select the drive named by the filespec
2040  9942 CD 54 98             CALL RESOLVE_DRIVE_PREFIX
2041  9945                      ; DE -> FCB for the delete call
2042  9945 11 CD 9B             LD DE,CCP_FCB
2043  9948                      ; BDOS DELETE_FILE (fn 19) on the FCB
2044  9948 CD EF 94             CALL BDOS_F_DELETE
2045  994B                      ; Map $FF (no file deleted) to 0 so Z signals 'nothing matched'
2046  994B 3C                   INC A
2047  994C                      ; Nothing deleted => print 'NO FILE'
2048  994C CC EA 97             CALL Z,PRINT_NO_FILE
2049  994F                      ; Return to the CCP command-complete handler
2050  994F C3 86 9B             JP CCP_RETURN_OK
2051  9952              ; ----------------------------------------------------------------------
2052  9952              ; MSG_ERA_CONFIRM -- ASCII prompt 'ALL (Y/N)?' shown before erasing every file (ERA *.*).
2053  9952              ;   In: n/a (data).
2054  9952              ;   Out: n/a (null-terminated string constant).
2055  9952              ;   Clobbers: none.
2056  9952              ;   Algorithm: Null-terminated string printed (CRLF-prefixed) by CCP_CRLF_MSG when an ERA names
2057  9952              ;              all-wildcard files.
2058  9952              ;   [RE]
2059  9952              ; ----------------------------------------------------------------------
2060  9952              MSG_ERA_CONFIRM:
2061  9952 41 4C 4C 20          DEFB    "ALL (Y/N)?"             ; string
2061  9956 28 59 2F 4E
2061  995A 29 3F
2062  995C 00                   DEFB    $00                      ; terminator
2063  995D              ; ----------------------------------------------------------------------
2064  995D              ; TYPE_CMD -- CCP built-in TYPE: open the named text file and echo its contents to the console.
2065  995D              ;   In: Command tail already parsed; default drive in CCP_CUR_DRIVE.
2066  995D              ;   Out: File contents printed record by record until the $1A EOF marker or a console break; on open
2067  995D              ;        failure the offending name is echoed. Returns via the CCP command-complete path.
2068  995D              ;   Clobbers: A, B, C, D, E, H, L.
2069  995D              ;   Algorithm: Re-parse the FCB (CCP_PARSE_FCB1); if the parse flagged the spec (NZ, e.g. ambiguous)
2070  995D              ;              reject it via CCP_ECHO_TOKEN. Select the drive and BDOS OPEN the file
2071  995D              ;              (CCP_OPEN_SUBMIT = fn 15); if the open fails (Z) go report it. Emit a leading CRLF,
2072  995D              ;              prime the per-record byte counter CCP_FCB_TAIL to $FF, and enter the read/print loop
2073  995D              ;              (TYPE_PRINT_LOOP).
2074  995D              ;   [RE]
2075  995D              ; ----------------------------------------------------------------------
2076  995D              TYPE_CMD:
2077  995D                      ; Parse the command tail into the FCB at CCP_FCB
2078  995D CD 5E 96             CALL CCP_PARSE_FCB1
2079  9960                      ; Bad/ambiguous filespec: echo the offending token and abort
2080  9960 C2 09 96             JP NZ,CCP_ECHO_TOKEN
2081  9963                      ; Select the file's drive
2082  9963 CD 54 98             CALL RESOLVE_DRIVE_PREFIX
2083  9966                      ; BDOS OPEN_FILE (fn 15) on the FCB at CCP_FCB
2084  9966 CD D0 94             CALL CCP_OPEN_SUBMIT
2085  9969                      ; Open failed (file not found): go report it
2086  9969 CA A7 99             JP Z,TYPE_NO_FILE
2087  996C                      ; Emit a leading CRLF before the file text
2088  996C CD 98 94             CALL CCP_CRLF
2089  996F                      ; Point at the TYPE per-record byte counter
2090  996F 21 F1 9B             LD HL,CCP_FCB_TAIL
2091  9972                      ; Prime the counter so the first loop pass forces a record read
2092  9972 36 FF                LD (HL),$FF
2093  9974              ; ----------------------------------------------------------------------
2094  9974              ; TYPE_PRINT_LOOP -- TYPE inner loop: read each record and print its bytes until EOF.
2095  9974              ;   In: File opened; CCP_FCB_TAIL = per-record byte counter (primed to $FF).
2096  9974              ;   Out: Each 128-byte record's characters echoed; stops at the $1A (CTRL-Z) EOF marker, a non-zero
2097  9974              ;        read status, or a console break. Returns via the CCP command-complete path.
2098  9974              ;   Clobbers: A, B, C, D, E, H, L.
2099  9974              ;   Algorithm: When the byte counter has reached $80 (record consumed) read the next record (BDOS
2100  9974              ;              READ_SEQ, fn 20); a non-zero read status ends the file/handles the error at
2101  9974              ;              TYPE_READ_DONE, and the counter is reset to 0. INC the counter, index TBUFF+counter
2102  9974              ;              (LD HL,$0080 + CCP_HL_ADD_A); if the byte is $1A finish. Otherwise CONOUT it and poll
2103  9974              ;              the console for a break; on break finish, else loop.
2104  9974              ;   [RE]
2105  9974              ; ----------------------------------------------------------------------
2106  9974              TYPE_PRINT_LOOP:
2107  9974                      ; Point at the per-record byte counter
2108  9974 21 F1 9B             LD HL,CCP_FCB_TAIL
2109  9977                      ; Fetch the current record byte (TBUFF + counter)
2110  9977 7E                   LD A,(HL)
2111  9978                      ; Consumed a whole 128-byte record? then read the next one
2112  9978 FE 80                CP $80
2113  997A                      ; Still within the current record: print the next byte
2114  997A DA 87 99             JP C,TYPE_EMIT_CHAR
2115  997D E5                   PUSH HL
2116  997E                      ; BDOS READ_SEQ (fn 20) next record into the DMA buffer
2117  997E CD FE 94             CALL CCP_READ_SUBMIT
2118  9981 E1                   POP HL
2119  9982                      ; Non-zero status: end of file (or error) -> finish at TYPE_READ_DONE
2120  9982 C2 A0 99             JP NZ,TYPE_READ_DONE
2121  9985 AF                   XOR A
2122  9986                      ; Reset the byte counter to 0 for the new record
2123  9986 77                   LD (HL),A
2124  9987              ; ----------------------------------------------------------------------
2125  9987              ; TYPE_EMIT_CHAR -- Emit one buffered character of the TYPE'd file, advancing the record index.
2126  9987              ;   In: HL -> the TYPE record-byte-index cell (CCP_FCB_TAIL); A = the current within-record offset;
2127  9987              ;       the current 128-byte record has already been read into TBUFF ($0080).
2128  9987              ;   Out: character written to the console via C_WRITE; loops back for the next character, or returns
2129  9987              ;        to the CCP command-complete exit on Ctrl-Z (EOF marker) or a console-abort keypress.
2130  9987              ;   Clobbers: A, HL, flags.
2131  9987              ;   Algorithm: INC the index cell; form TBUFF+offset ($0080 + A via CCP_HL_ADD_A) and fetch the
2132  9987              ;              byte. If it is $1A (Ctrl-Z = soft end-of-file) finish the command. Otherwise write
2133  9987              ;              the byte with BDOS C_WRITE (fn 2), poll the console for an abort keystroke
2134  9987              ;              (CCP_CHECK_ABORT), and on abort finish; else continue the TYPE output loop.
2135  9987              ; [RE] TYPE built-in inner emit step; $1A = CP/M text EOF sentinel. [DOC CPMREF: CCP TYPE]
2136  9987              ; ----------------------------------------------------------------------
2137  9987              TYPE_EMIT_CHAR:
2138  9987                      ; advance the TYPE record-byte-index cell (next byte within the current 128-byte record)
2139  9987                      ; advance the within-record byte index (next byte of the current 128-byte record)
2140  9987 34                   INC (HL)
2141  9988                      ; TBUFF base ($0080); CCP_HL_ADD_A adds the current offset in A to form TBUFF+offset
2142  9988                      ; TBUFF base ($0080); the following CCP_HL_ADD_A adds the byte index in A to address
2143  9988                      ; TBUFF+index
2144  9988 21 80 00             LD HL,$0080
2145  998B CD 59 96             CALL CCP_HL_ADD_A
2146  998E 7E                   LD A,(HL)
2147  998F                      ; $1A = Ctrl-Z, CP/M soft end-of-file marker -> stop TYPE
2148  998F                      ; $1A = Ctrl-Z, the CP/M soft end-of-file marker that terminates a text file
2149  998F FE 1A                CP $1A
2150  9991                      ; EOF reached: branch to the CCP command-complete exit
2151  9991                      ; EOF reached: stop TYPE and return through the CCP command-complete path
2152  9991 CA 86 9B             JP Z,CCP_RETURN_OK
2153  9994                      ; BDOS C_WRITE (fn 2): print this character to the console
2154  9994                      ; emit this record byte to the console via BDOS C_WRITE (fn 2)
2155  9994 CD 8C 94             CALL CCP_CONOUT
2156  9997                      ; poll console status (fn 11) then read (fn 1) if a key is down; nonzero = user pressed a
2157  9997                      ; key to abort TYPE
2158  9997                      ; poll the console for a key (fn 11/fn 1); nonzero = user pressed a key to abort TYPE
2159  9997 CD C2 95             CALL CCP_CHECK_ABORT
2160  999A                      ; user aborted: branch to the command-complete exit
2161  999A                      ; user aborted: stop TYPE and return through the CCP command-complete path
2162  999A C2 86 9B             JP NZ,CCP_RETURN_OK
2163  999D                      ; no EOF/abort: continue the TYPE character loop
2164  999D                      ; no EOF and no abort: loop back for the next character/record
2165  999D C3 74 99             JP TYPE_PRINT_LOOP
2166  99A0              ; ----------------------------------------------------------------------
2167  99A0              ; TYPE_READ_DONE -- Handle the result of a failed/short F_READ during TYPE (EOF vs read error).
2168  99A0              ;   In: A = BDOS F_READ (fn 20) return code from the just-attempted sequential read (1 = normal
2169  99A0              ;       end-of-file, other nonzero = read error).
2170  99A0              ;   Out: on normal EOF returns quietly to the CCP exit; on a read error prints "READ ERROR" and
2171  99A0              ;        falls through to the no-file/error tail.
2172  99A0              ;   Clobbers: A, BC, flags.
2173  99A0              ;   Algorithm: DEC A; if the code was 1 (normal EOF) jump to the command-complete exit. Otherwise
2174  99A0              ;              (read error) call the "READ ERROR" message printer, then fall into the drive-restore
2175  99A0              ;              + bad-command echo tail.
2176  99A0              ; [RE] TYPE built-in read-failure dispatch. [DOC CPMREF: CCP TYPE]
2177  99A0              ; ----------------------------------------------------------------------
2178  99A0              TYPE_READ_DONE:
2179  99A0                      ; F_READ code 1 (normal EOF) -> 0 here; any other code stays nonzero = real error
2180  99A0 3D                   DEC A
2181  99A1                      ; normal end-of-file: finish the TYPE command cleanly
2182  99A1 CA 86 9B             JP Z,CCP_RETURN_OK
2183  99A4                      ; print the "READ ERROR" message (disk read failure)
2184  99A4 CD D9 97             CALL PRINT_READ_ERROR
2185  99A7              ; ----------------------------------------------------------------------
2186  99A7              ; TYPE_NO_FILE -- TYPE error/not-found tail: restore the caller's drive and echo the bad command.
2187  99A7              ;   In: none (entered when the TYPE target file could not be opened, or after a read error).
2188  99A7              ;   Out: re-selects the user's original drive and jumps to the bad-command echo path; does not
2189  99A7              ;        return.
2190  99A7              ;   Clobbers: A, HL, flags.
2191  99A7              ;   Algorithm: call CCP_RESTORE_DEFAULT_DRIVE to restore the default drive selection, then jump to
2192  99A7              ;              the CCP_ECHO_TOKEN routine that re-emits the offending command word followed by '?'.
2193  99A7              ; [RE] Shared TYPE failure exit. [DOC CPMREF: CCP TYPE]
2194  99A7              ; ----------------------------------------------------------------------
2195  99A7              TYPE_NO_FILE:
2196  99A7                      ; restore the user's original/default drive after the temporary drive switch
2197  99A7 CD 66 98             CALL CCP_RESTORE_DEFAULT_DRIVE
2198  99AA                      ; echo the unrecognized/failed command token with a '?' and re-prompt
2199  99AA C3 09 96             JP CCP_ECHO_TOKEN
2200  99AD              ; ----------------------------------------------------------------------
2201  99AD              ; SAVE_CMD -- CCP built-in SAVE: write N pages of memory from the TPA to a new disk file.
2202  99AD              ;   In: command line "SAVE n filespec"; n = decimal page count (256-byte pages) parsed from the
2203  99AD              ;       line, filespec built into the CCP command FCB (CCP_FCB).
2204  99AD              ;   Out: creates the named file and writes n*2 128-byte records starting at $0100; on success
2205  99AD              ;        returns via the SAVE finish path, on dir-full/disk-full prints "NO SPACE".
2206  99AD              ;   Clobbers: A, BC, DE, HL, flags.
2207  99AD              ;   Algorithm: parse the numeric page count (PARSE_FCB_DECIMAL) and stash it; build the filename FCB
2208  99AD              ;              (CCP_PARSE_FCB1) and reject a malformed filespec; resolve the drive prefix; delete
2209  99AD              ;              any pre-existing file of that name (F_DELETE_HND fn 19); create the file (F_MAKE fn 22)
2210  99AD              ;              and on failure branch to the NO-SPACE handler; clear the FCB current-record byte;
2211  99AD              ;              convert the page count to a 128-byte record count (count*2) and set the source
2212  99AD              ;              pointer to $0100; then enter the write loop.
2213  99AD              ; [RE] SAVE built-in; source data begins at the TPA base $0100. [DOC CPMREF: CCP SAVE]
2214  99AD              ; ----------------------------------------------------------------------
2215  99AD              SAVE_CMD:
2216  99AD                      ; parse the leading decimal page-count argument; A = number of 256-byte pages
2217  99AD CD F8 97             CALL PARSE_FCB_DECIMAL
2218  99B0                      ; stash the page count across the FCB parse
2219  99B0 F5                   PUSH AF
2220  99B1                      ; build the destination filename into the CCP command FCB (CCP_FCB) from the command tail
2221  99B1 CD 5E 96             CALL CCP_PARSE_FCB1
2222  99B4                      ; malformed filespec: echo the bad command and abort
2223  99B4 C2 09 96             JP NZ,CCP_ECHO_TOKEN
2224  99B7 CD 54 98             CALL RESOLVE_DRIVE_PREFIX
2225  99BA 11 CD 9B             LD DE,CCP_FCB
2226  99BD D5                   PUSH DE
2227  99BE                      ; BDOS F_DELETE_HND (fn 19): remove any existing file with this name first
2228  99BE CD EF 94             CALL BDOS_F_DELETE
2229  99C1 D1                   POP DE
2230  99C2                      ; BDOS F_MAKE (fn 22): create the new (empty) file
2231  99C2 CD 09 95             CALL BDOS_F_MAKE
2232  99C5                      ; no free directory entry: jump to the NO-SPACE error
2233  99C5 CA FB 99             JP Z,SAVE_DISK_FULL
2234  99C8 AF                   XOR A
2235  99C9                      ; clear the FCB current-record byte so writing starts at record 0
2236  99C9 32 ED 9B             LD (CCP_FCB_CR),A
2237  99CC                      ; recover the saved page count
2238  99CC F1                   POP AF
2239  99CD 6F                   LD L,A
2240  99CE 26 00                LD H,$00
2241  99D0                      ; pages*2 = number of 128-byte records to write
2242  99D0 29                   ADD HL,HL
2243  99D1                      ; DE = source pointer, starting at the TPA base $0100
2244  99D1 11 00 01             LD DE,$0100
2245  99D4              ; ----------------------------------------------------------------------
2246  99D4              ; SAVE_WRITE_LOOP -- Write the remaining 128-byte records of a SAVE from successive memory slices.
2247  99D4              ;   In: HL = remaining record count; DE = current source/DMA address (starts $0100, advances by $80
2248  99D4              ;       per record); the CCP command FCB (CCP_FCB) is the open output file.
2249  99D4              ;   Out: writes each record sequentially; on a write failure (disk full) branches to NO-SPACE; falls
2250  99D4              ;        through to the close step when the count reaches zero.
2251  99D4              ;   Clobbers: A, BC, DE, HL, flags.
2252  99D4              ;   Algorithm: while HL != 0: decrement it; precompute the NEXT source pointer ($0080 + DE) and park
2253  99D4              ;              it on the stack; set the DMA to the CURRENT source DE via F_DMAOFF (fn 26); write the
2254  99D4              ;              record with F_WRITE (fn 21) from the FCB; POP the advanced pointer back into DE and
2255  99D4              ;              restore HL; on a nonzero write status jump to NO-SPACE; otherwise loop.
2256  99D4              ;   [RE] DE is the live DMA/source; the $0080 add forms the next record's source, recovered from the
2257  99D4              ;   stack after the write. [DOC CPMREF: CCP SAVE]
2258  99D4              ; ----------------------------------------------------------------------
2259  99D4              SAVE_WRITE_LOOP:
2260  99D4 7C                   LD A,H
2261  99D5                      ; test the 16-bit remaining-record count for zero
2262  99D5 B5                   OR L
2263  99D6                      ; all records written: go close the file
2264  99D6 CA F1 99             JP Z,SAVE_CLOSE
2265  99D9                      ; consume one record from the remaining count
2266  99D9 2B                   DEC HL
2267  99DA E5                   PUSH HL
2268  99DB                      ; compute $0080 + DE = the NEXT record's source (parked on the stack); the DMA below uses
2269  99DB                      ; the CURRENT DE
2270  99DB 21 80 00             LD HL,$0080
2271  99DE 19                   ADD HL,DE
2272  99DF E5                   PUSH HL
2273  99E0                      ; BDOS F_DMAOFF (fn 26): point the DMA at the CURRENT 128-byte source slice (DE)
2274  99E0 CD D8 95             CALL BDOS_F_DMAOFF
2275  99E3 11 CD 9B             LD DE,CCP_FCB
2276  99E6                      ; BDOS F_WRITE (fn 21): append the record to the file
2277  99E6 CD 04 95             CALL BDOS_F_WRITE
2278  99E9 D1                   POP DE
2279  99EA E1                   POP HL
2280  99EB                      ; write failed (disk full): jump to the NO-SPACE error
2281  99EB C2 FB 99             JP NZ,SAVE_DISK_FULL
2282  99EE                      ; continue writing the next record
2283  99EE C3 D4 99             JP SAVE_WRITE_LOOP
2284  99F1              ; ----------------------------------------------------------------------
2285  99F1              ; SAVE_CLOSE -- Close the SAVE output file after all records are written.
2286  99F1              ;   In: the CCP command FCB (CCP_FCB) = the open output file (all records already written).
2287  99F1              ;   Out: closes the file; on success continues to the SAVE finish/cleanup path, on close failure
2288  99F1              ;        falls into the NO-SPACE error.
2289  99F1              ;   Clobbers: A, C, DE, flags.
2290  99F1              ;   Algorithm: point DE at the FCB, call F_CLOSE_HND (fn 16); the wrapper returns $FF+1=0 on failure, so
2291  99F1              ;              INC A here is already folded into the wrapper -- a nonzero result means success and
2292  99F1              ;              branches to the finish path; a zero (failure) result falls into the NO-SPACE handler.
2293  99F1              ; [RE] SAVE close step. [DOC CPMREF: CCP SAVE]
2294  99F1              ; ----------------------------------------------------------------------
2295  99F1              SAVE_CLOSE:
2296  99F1 11 CD 9B             LD DE,CCP_FCB
2297  99F4                      ; BDOS F_CLOSE_HND (fn 16): flush the directory entry for the saved file
2298  99F4 CD DA 94             CALL BDOS_F_CLOSE
2299  99F7                      ; map the $FF close-error code to 0 (failure); a valid directory code becomes nonzero =
2300  99F7                      ; success
2301  99F7 3C                   INC A
2302  99F8                      ; close succeeded: go to the SAVE finish/cleanup path
2303  99F8 C2 01 9A             JP NZ,SAVE_FINISH
2304  99FB              ; ----------------------------------------------------------------------
2305  99FB              ; SAVE_DISK_FULL -- SAVE error tail: report "NO SPACE" and clean up.
2306  99FB              ;   In: none (entered on F_MAKE failure, a failed F_WRITE, or a failed F_CLOSE_HND).
2307  99FB              ;   Out: prints the "NO SPACE" message, then falls into the SAVE finish/cleanup path.
2308  99FB              ;   Clobbers: A, BC, DE, HL, flags.
2309  99FB              ;   Algorithm: load BC with the address of MSG_NO_SPACE, print it (CR/LF + string via CCP_CRLF_MSG),
2310  99FB              ;              then fall through to SAVE_FINISH which restores the default DMA.
2311  99FB              ; [RE] Shared SAVE failure message. [DOC CPMREF: CCP SAVE]
2312  99FB              ; ----------------------------------------------------------------------
2313  99FB              SAVE_DISK_FULL:
2314  99FB                      ; address of the "NO SPACE" message string
2315  99FB 01 07 9A             LD BC,MSG_NO_SPACE
2316  99FE                      ; print CR/LF then the NUL-terminated message via C_WRITE
2317  99FE CD A7 94             CALL CCP_CRLF_MSG
2318  9A01              ; ----------------------------------------------------------------------
2319  9A01              ; SAVE_FINISH -- Restore the default DMA address and return to the CCP after a SAVE.
2320  9A01              ;   In: none.
2321  9A01              ;   Out: resets the BDOS DMA address to the default $0080 and jumps to the CCP command-complete
2322  9A01              ;        exit; does not return.
2323  9A01              ;   Clobbers: A, C, DE, flags.
2324  9A01              ;   Algorithm: call CCP_SET_DMA_TBUFF which loads DE=$0080 and invokes F_DMAOFF (fn 26) to restore
2325  9A01              ;              the default DMA (SAVE had walked the DMA across the TPA), then jump to the
2326  9A01              ;              command-complete exit.
2327  9A01              ; [RE] SAVE cleanup. [DOC CPMREF: CCP SAVE]
2328  9A01              ; ----------------------------------------------------------------------
2329  9A01              SAVE_FINISH:
2330  9A01                      ; restore the DMA to the default $0080 (SAVE had walked it across memory)
2331  9A01 CD D5 95             CALL CCP_SET_DMA_TBUFF
2332  9A04                      ; return to the CCP command-complete exit
2333  9A04 C3 86 9B             JP CCP_RETURN_OK
2334  9A07              ; ----------------------------------------------------------------------
2335  9A07              ; MSG_NO_SPACE -- NUL-terminated console message "NO SPACE" shown when SAVE runs out of room.
2336  9A07              ;   In: referenced by BC in SAVE_DISK_FULL.
2337  9A07              ;   Out: data only (the ASCII string followed by a $00 terminator).
2338  9A07              ;   Clobbers: none.
2339  9A07              ;   Algorithm: data.
2340  9A07              ; [RE] CCP message string. [DOC CPMREF: CCP SAVE]
2341  9A07              ; ----------------------------------------------------------------------
2342  9A07              MSG_NO_SPACE:
2343  9A07 4E 4F 20 53          DEFB    "NO SPACE"               ; string
2343  9A0B 50 41 43 45
2344  9A0F 00                   DEFB    $00                      ; terminator
2345  9A10              ; ----------------------------------------------------------------------
2346  9A10              ; REN_CMD -- CCP built-in REN(AME): rename an existing file given "REN newname=oldname".
2347  9A10              ;   In: command line "REN newfile=oldfile"; the new name is parsed first into the CCP command FCB
2348  9A10              ;       (CCP_FCB).
2349  9A10              ;   Out: renames oldfile to newfile via F_RENAME_HND; errors are reported as "FILE EXISTS", "NO FILE",
2350  9A10              ;        or a bad-command echo.
2351  9A10              ;   Clobbers: A, B, DE, HL, flags.
2352  9A10              ;   Algorithm: parse the new-name FCB; reject a malformed spec; save the new name's drive prefix
2353  9A10              ;              (CCP_FCB_DRIVE_PREFIX); resolve the drive; search the directory for the new name and
2354  9A10              ;              if it already EXISTS branch to the FILE-EXISTS error; copy the 16-byte new-name FCB
2355  9A10              ;              to the second FCB slot at +16 (CCP_FCB_SECOND) so F_RENAME_HND later sees old@+0/new@+16;
2356  9A10              ;              advance the command-line pointer over blanks and require an '=' ($3D) or '_' ($5F)
2357  9A10              ;              separator (else bad-command error); then parse the old name.
2358  9A10              ; [RE] REN built-in; F_RENAME_HND FCB carries old name at +0, new name at +16. [DOC CPMREF: CCP REN]
2359  9A10              ; ----------------------------------------------------------------------
2360  9A10              REN_CMD:
2361  9A10                      ; build the NEW filename into the CCP command FCB (CCP_FCB) from the command line
2362  9A10 CD 5E 96             CALL CCP_PARSE_FCB1
2363  9A13                      ; malformed new-name spec: echo bad command
2364  9A13 C2 09 96             JP NZ,CCP_ECHO_TOKEN
2365  9A16                      ; fetch the explicit drive prefix supplied with the new name
2366  9A16 3A F0 9B             LD A,(CCP_FCB_DRIVE_PREFIX)
2367  9A19                      ; save the new name's drive prefix for the later drive-match check
2368  9A19 F5                   PUSH AF
2369  9A1A CD 54 98             CALL RESOLVE_DRIVE_PREFIX
2370  9A1D                      ; BDOS F_SFIRST (fn 17): search the directory for the NEW name
2371  9A1D CD E9 94             CALL CCP_SEARCH_FIRST_SUBMIT
2372  9A20                      ; new name already exists: report FILE EXISTS
2373  9A20 C2 79 9A             JP NZ,REN_FILE_EXISTS
2374  9A23 21 CD 9B             LD HL,CCP_FCB
2375  9A26 11 DD 9B             LD DE,CCP_FCB_SECOND
2376  9A29                      ; count = 16: copy the new-name FCB into the second FCB slot at +16 (CCP_FCB_SECOND), the
2377  9A29                      ; rename source/target pair
2378  9A29 06 10                LD B,$10
2379  9A2B CD 42 98             CALL COPY_N_BYTES
2380  9A2E 2A 88 94             LD HL,(CCP_PARSEPTR)
2381  9A31 EB                   EX DE,HL
2382  9A32                      ; skip blanks to reach the '=' / '_' separator
2383  9A32 CD 4F 96             CALL CCP_SKIP_BLANKS
2384  9A35                      ; '=' separator between new and old names
2385  9A35 FE 3D                CP $3D
2386  9A37                      ; '=' seen: go parse the old name
2387  9A37 CA 3F 9A             JP Z,REN_PARSE_OLD
2388  9A3A                      ; '_' is also accepted as the new=old separator
2389  9A3A FE 5F                CP $5F
2390  9A3C                      ; no valid separator: bad-command error
2391  9A3C C2 73 9A             JP NZ,REN_ERROR
2392  9A3F              ; ----------------------------------------------------------------------
2393  9A3F              ; REN_PARSE_OLD -- Parse the old-name FCB after the '=' separator and validate the drive match.
2394  9A3F              ;   In: scan pointer is at the separator; the new-name drive prefix is on the stack (pushed by
2395  9A3F              ;       REN_CMD).
2396  9A3F              ;   Out: builds the old-name FCB and confirms both names target the same drive; on mismatch or parse
2397  9A3F              ;        error branches to the bad-command error.
2398  9A3F              ;   Clobbers: A, B, DE, HL, flags.
2399  9A3F              ;   Algorithm: advance past the separator and update the scan pointer (CCP_PARSEPTR); parse the
2400  9A3F              ;              old-name FCB; on parse error -> error tail. Recover the new name's drive prefix into
2401  9A3F              ;              B; read the old name's prefix (CCP_FCB_DRIVE_PREFIX); if it is 0 (no explicit drive)
2402  9A3F              ;              accept it; otherwise the two prefixes must be equal (store B into
2403  9A3F              ;              CCP_FCB_DRIVE_PREFIX and compare) else error.
2404  9A3F              ; [RE] REN old-name parse + same-drive enforcement. [DOC CPMREF: CCP REN]
2405  9A3F              ; ----------------------------------------------------------------------
2406  9A3F              REN_PARSE_OLD:
2407  9A3F EB                   EX DE,HL
2408  9A40                      ; step past the '=' / '_' separator
2409  9A40 23                   INC HL
2410  9A41 22 88 94             LD (CCP_PARSEPTR),HL
2411  9A44                      ; build the OLD filename FCB from the rest of the line
2412  9A44 CD 5E 96             CALL CCP_PARSE_FCB1
2413  9A47                      ; drives differ: reject as a bad command
2414  9A47                      ; malformed old-name spec: bad-command error
2415  9A47 C2 73 9A             JP NZ,REN_ERROR
2416  9A4A                      ; recover the new name's drive prefix saved by REN_CMD (into A, then B)
2417  9A4A F1                   POP AF
2418  9A4B 47                   LD B,A
2419  9A4C                      ; CCP_FCB_DRIVE_PREFIX = the old name's explicit drive prefix
2420  9A4C 21 F0 9B             LD HL,CCP_FCB_DRIVE_PREFIX
2421  9A4F 7E                   LD A,(HL)
2422  9A50 B7                   OR A
2423  9A51                      ; old name has no explicit drive: accept and proceed
2424  9A51 CA 59 9A             JP Z,REN_DO_RENAME
2425  9A54                      ; the two filenames must reference the same drive
2426  9A54 B8                   CP B
2427  9A55 70                   LD (HL),B
2428  9A56 C2 73 9A             JP NZ,REN_ERROR
2429  9A59              ; ----------------------------------------------------------------------
2430  9A59              ; REN_DO_RENAME -- Locate the old file and perform the directory rename.
2431  9A59              ;   In: the CCP command FCB holds old name at +0 (CCP_FCB) and new name at +16 (CCP_FCB_SECOND); HL
2432  9A59              ;       -> the drive-prefix cell CCP_FCB_DRIVE_PREFIX; B = the agreed drive prefix.
2433  9A59              ;   Out: searches for the old name; if not found branches to NO-FILE; otherwise renames it and
2434  9A59              ;        returns to the CCP exit.
2435  9A59              ;   Clobbers: A, B, DE, HL, flags.
2436  9A59              ;   Algorithm: store the agreed prefix B into CCP_FCB_DRIVE_PREFIX; zero the FCB drive byte (CCP_FCB
2437  9A59              ;              = default drive); search-first for the old name (F_SFIRST fn 17) -- if absent jump to
2438  9A59              ;              REN_OLD_NOT_FOUND; else call F_RENAME_HND (fn 23) on the old/new FCB pair and finish.
2439  9A59              ; [RE] REN rename step. [DOC CPMREF: CCP REN]
2440  9A59              ; ----------------------------------------------------------------------
2441  9A59              REN_DO_RENAME:
2442  9A59                      ; store the agreed drive prefix B into the drive-prefix cell CCP_FCB_DRIVE_PREFIX (HL still
2443  9A59                      ; points there)
2444  9A59 70                   LD (HL),B
2445  9A5A AF                   XOR A
2446  9A5B                      ; zero the FCB drive byte (0 = default drive) before the search
2447  9A5B 32 CD 9B             LD (CCP_FCB),A
2448  9A5E                      ; BDOS F_SFIRST (fn 17): search the directory for the OLD name
2449  9A5E CD E9 94             CALL CCP_SEARCH_FIRST_SUBMIT
2450  9A61                      ; old file not found: report NO FILE
2451  9A61 CA 6D 9A             JP Z,REN_OLD_NOT_FOUND
2452  9A64 11 CD 9B             LD DE,CCP_FCB
2453  9A67                      ; BDOS F_RENAME_HND (fn 23): rename old -> new using the paired FCB
2454  9A67 CD 0E 95             CALL BDOS_F_RENAME
2455  9A6A                      ; rename done: return to the CCP command-complete exit
2456  9A6A C3 86 9B             JP CCP_RETURN_OK
2457  9A6D              ; ----------------------------------------------------------------------
2458  9A6D              ; REN_OLD_NOT_FOUND -- REN error: the source file to rename does not exist.
2459  9A6D              ;   In: none.
2460  9A6D              ;   Out: prints "NO FILE" and returns to the CCP command-complete exit.
2461  9A6D              ;   Clobbers: A, BC, flags.
2462  9A6D              ;   Algorithm: call the "NO FILE" message printer (PRINT_NO_FILE), then jump to the command-complete
2463  9A6D              ;              exit.
2464  9A6D              ; [RE] REN missing-source error. [DOC CPMREF: CCP REN]
2465  9A6D              ; ----------------------------------------------------------------------
2466  9A6D              REN_OLD_NOT_FOUND:
2467  9A6D                      ; print the "NO FILE" message (rename source not found)
2468  9A6D CD EA 97             CALL PRINT_NO_FILE
2469  9A70                      ; return to the CCP command-complete exit
2470  9A70 C3 86 9B             JP CCP_RETURN_OK
2471  9A73              ; ----------------------------------------------------------------------
2472  9A73              ; REN_ERROR -- REN bad-command tail: restore the drive and echo the offending command.
2473  9A73              ;   In: none (entered on a missing/invalid separator, an old-name parse error, or a drive mismatch).
2474  9A73              ;   Out: restores the default drive and jumps to the bad-command echo path; does not return.
2475  9A73              ;   Clobbers: A, HL, flags.
2476  9A73              ;   Algorithm: call CCP_RESTORE_DEFAULT_DRIVE to restore the user's drive, then jump to
2477  9A73              ;              CCP_ECHO_TOKEN which re-emits the command word with a '?'.
2478  9A73              ; [RE] Shared REN syntax-error exit. [DOC CPMREF: CCP REN]
2479  9A73              ; ----------------------------------------------------------------------
2480  9A73              REN_ERROR:
2481  9A73                      ; restore the user's original/default drive selection
2482  9A73 CD 66 98             CALL CCP_RESTORE_DEFAULT_DRIVE
2483  9A76                      ; echo the malformed command token with a '?' and re-prompt
2484  9A76 C3 09 96             JP CCP_ECHO_TOKEN
2485  9A79              ; ----------------------------------------------------------------------
2486  9A79              ; REN_FILE_EXISTS -- REN error: the requested new name already exists on disk.
2487  9A79              ;   In: none.
2488  9A79              ;   Out: prints "FILE EXISTS" and returns to the CCP command-complete exit.
2489  9A79              ;   Clobbers: A, BC, flags.
2490  9A79              ;   Algorithm: load BC with the "FILE EXISTS" message address, print it (CR/LF + string via
2491  9A79              ;              CCP_CRLF_MSG), then jump to the command-complete exit.
2492  9A79              ; [RE] REN destination-collision error; new name found by the earlier F_SFIRST. [DOC CPMREF: CCP
2493  9A79              ; REN]
2494  9A79              ; ----------------------------------------------------------------------
2495  9A79              REN_FILE_EXISTS:
2496  9A79                      ; address of the "FILE EXISTS" message string
2497  9A79 01 82 9A             LD BC,CCP_MSG_FILE_EXISTS
2498  9A7C                      ; print CR/LF then the NUL-terminated message
2499  9A7C CD A7 94             CALL CCP_CRLF_MSG
2500  9A7F                      ; return to the CCP command-complete exit
2501  9A7F C3 86 9B             JP CCP_RETURN_OK
2502  9A82              ; ----------------------------------------------------------------------
2503  9A82              ; CCP_MSG_FILE_EXISTS -- ASCIIZ console message "FILE EXISTS".
2504  9A82              ;   In: -- (data, addressed by REN_FILE_EXISTS in BC as the error text)
2505  9A82              ;   Out: -- (zero-terminated string)
2506  9A82              ;   Clobbers: --
2507  9A82              ;   Algorithm: 11 bytes "FILE EXISTS" followed by a $00 terminator; loaded into BC
2508  9A82              ;     by REN_FILE_EXISTS and printed by CCP_CRLF_MSG when the REN built-in finds the new
2509  9A82              ;     name already on disk.
2510  9A82              ;   [RE] string literal observed in the CCP image (OBSERVED bytes).
2511  9A82              ; ----------------------------------------------------------------------
2512  9A82              CCP_MSG_FILE_EXISTS:
2513  9A82 46 49 4C 45          DEFB    "FILE EXISTS"            ; string
2513  9A86 20 45 58 49
2513  9A8A 53 54 53
2514  9A8D 00                   DEFB    $00                      ; terminator
2515  9A8E              ; ----------------------------------------------------------------------
2516  9A8E              ; CCP_CMD_USER -- built-in USER command: select the user-number area (0..15).
2517  9A8E              ;   In: command FCB at CCP_FCB; the numeric argument sits in the FCB name field.
2518  9A8E              ;   Out: BDOS user number set to the parsed value; joins CCP_RETURN_OK_NOCRLF.
2519  9A8E              ;   Clobbers: A, E, and the BDOS-call registers.
2520  9A8E              ;   Algorithm: dispatch table entry 5 (keyword "USER"). PARSE_FCB_DECIMAL parses a decimal
2521  9A8E              ;     number from the command FCB into A; if it is $10 (16) or more it is out of the
2522  9A8E              ;     0..15 user range, so abort to CCP_ECHO_TOKEN. Move the value to E, then call
2523  9A8E              ;     BDOS_USERNUM (BDOS function 32, Set/Get User Number, C=$20) to set the user area.
2524  9A8E              ;     The CP $20 test on the FCB name byte rejects a missing argument. Join the
2525  9A8E              ;     no-CR/LF return tail CCP_RETURN_OK_NOCRLF.
2526  9A8E              ;   [RE] standard CP/M 2.2 CCP USER built-in; identity from keyword table
2527  9A8E              ;     "DIR ERA TYPESAVEREN USER" index 5 -> dispatch entry CCP_CMD_USER.
2528  9A8E              ; ----------------------------------------------------------------------
2529  9A8E              CCP_CMD_USER:
2530  9A8E                      ; parse the decimal user number from the command FCB name field into A
2531  9A8E CD F8 97             CALL PARSE_FCB_DECIMAL
2532  9A91                      ; user numbers are 0..15; reject $10 (16) or more as out of range
2533  9A91 FE 10                CP $10
2534  9A93                      ; number too large: echo the bad token and abort
2535  9A93 D2 09 96             JP NC,CCP_ECHO_TOKEN
2536  9A96                      ; E = user number, the argument for the Set-User BDOS call
2537  9A96 5F                   LD E,A
2538  9A97                      ; fetch first byte of the FCB name field
2539  9A97 3A CE 9B             LD A,(CCP_FCB_NAME)
2540  9A9A                      ; a blank here means no argument was supplied, reject
2541  9A9A FE 20                CP $20
2542  9A9C                      ; no argument: abort to the bad-command echo
2543  9A9C CA 09 96             JP Z,CCP_ECHO_TOKEN
2544  9A9F                      ; BDOS function 32 (C=$20): set the user number to E
2545  9A9F CD 15 95             CALL BDOS_USERNUM
2546  9AA2                      ; join the return tail that does not emit a leading CR/LF
2547  9AA2 C3 89 9B             JP CCP_RETURN_OK_NOCRLF
2548  9AA5              ; ----------------------------------------------------------------------
2549  9AA5              ; CCP_DRIVE_SELECT -- handle a drive-prefixed command word: bare "d:" (change
2550  9AA5              ;   default drive) or "d:NAME" (drive-prefixed transient).
2551  9AA5              ;   In: command FCB; CCP_FCB_DRIVE_PREFIX (CCP_FCB_DRIVE_PREFIX) non-zero (a "d:" was typed).
2552  9AA5              ;   Out: if no command word followed the prefix, the default drive is changed and
2553  9AA5              ;     control joins CCP_RETURN_OK_NOCRLF; if a name followed, control falls to the
2554  9AA5              ;     transient loader CCP_CMD_TRANSIENT.
2555  9AA5              ;   Clobbers: A, and the BDOS-call registers.
2556  9AA5              ;   Algorithm: reached from CCP_PARSE_AND_DISPATCH when CCP_FCB_DRIVE_PREFIX != 0 (it is NOT in
2557  9AA5              ;     the keyword dispatch table). First CCP_CHECK_SERIAL verifies the CCP and BDOS serial
2558  9AA5              ;     numbers still match (integrity check). If the FCB name field is non-blank a
2559  9AA5              ;     command word follows the drive letter -> jump to CCP_CMD_TRANSIENT (transient load).
2560  9AA5              ;     Otherwise (bare "d:") if the drive-prefix flag is zero there is nothing to do
2561  9AA5              ;     (return OK); else DEC it to a 0-based drive number, store it as the current
2562  9AA5              ;     drive (CCP_CUR_DRIVE), write it to page zero (CCP_SET_DRIVE_ONLY) and issue BDOS
2563  9AA5              ;     Select-Disk (BDOS_DRV_SET), then return OK.
2564  9AA5              ;   [RE] CP/M 2.2 CCP default-drive change / drive-prefix entry. NOT the keyword
2565  9AA5              ;     USER built-in (that is CCP_CMD_USER); this is dispatch slot 6, reachable only
2566  9AA5              ;     via the drive-prefix branch.
2567  9AA5              ; ----------------------------------------------------------------------
2568  9AA5              CCP_DRIVE_SELECT:
2569  9AA5                      ; verify the CCP and BDOS serial numbers still match (integrity check)
2570  9AA5 CD F5 95             CALL CCP_CHECK_SERIAL
2571  9AA8                      ; first byte of the FCB name field
2572  9AA8 3A CE 9B             LD A,(CCP_FCB_NAME)
2573  9AAB                      ; blank name = bare "d:" with no command word after the drive letter
2574  9AAB FE 20                CP $20
2575  9AAD                      ; a name follows the drive prefix: treat as a transient program load
2576  9AAD C2 C4 9A             JP NZ,CCP_CMD_TRANSIENT
2577  9AB0                      ; load the explicit drive-prefix flag (0 = none, else drive#+1)
2578  9AB0 3A F0 9B             LD A,(CCP_FCB_DRIVE_PREFIX)
2579  9AB3                      ; was a drive actually supplied?
2580  9AB3 B7                   OR A
2581  9AB4                      ; no drive value: nothing to change, finish via the OK tail
2582  9AB4 CA 89 9B             JP Z,CCP_RETURN_OK_NOCRLF
2583  9AB7                      ; convert the 1-based prefix to a 0-based drive number
2584  9AB7 3D                   DEC A
2585  9AB8                      ; commit it as the CCP current default drive
2586  9AB8 32 EF 9B             LD (CCP_CUR_DRIVE),A
2587  9ABB                      ; write the current drive to page-zero default-drive byte $0004
2588  9ABB CD 29 95             CALL CCP_SET_DRIVE_ONLY
2589  9ABE                      ; issue BDOS Select-Disk (function 14) for the new drive
2590  9ABE CD BD 94             CALL BDOS_DRV_SET
2591  9AC1                      ; finish via the OK return tail (no leading CR/LF)
2592  9AC1 C3 89 9B             JP CCP_RETURN_OK_NOCRLF
2593  9AC4              ; ----------------------------------------------------------------------
2594  9AC4              ; CCP_CMD_TRANSIENT -- load and run a transient (.COM) program from disk.
2595  9AC4              ;   In: parsed command FCB (CCP_FCB) holding the command name; command tail.
2596  9AC4              ;   Out: on success transfers control to the loaded program at the TPA ($0100); on
2597  9AC4              ;     error joins CCP_BAD_LOAD / CCP_NO_FILE; never returns normally.
2598  9AC4              ;   Clobbers: all registers; rebuilds the TPA and page-zero command tail.
2599  9AC4              ;   Algorithm: verify the FCB extension is blank (no explicit type) -- if not, the
2600  9AC4              ;     command is rejected (CCP_ECHO_TOKEN). Select the command's drive prefix, force
2601  9AC4              ;     the extension to "COM" (CCP_COM_EXT), open the file; if not found jump to the
2602  9AC4              ;     no-file handler. Then loop reading $80-byte records sequentially into the TPA
2603  9AC4              ;     starting at $0100, advancing $80 bytes each record, until either the load
2604  9AC4              ;     address would reach the CCP base ($9400 = CCP_ENTRY, abort = BAD LOAD) or EOF.
2605  9AC4              ;     On clean EOF, build the page-zero command tail and JP $0100 (done in the
2606  9AC4              ;     routines that follow).
2607  9AC4              ;   [RE] CP/M 2.2 CCP transient program loader.
2608  9AC4              ; ----------------------------------------------------------------------
2609  9AC4              CCP_CMD_TRANSIENT:
2610  9AC4                      ; point at the FCB extension (type) field
2611  9AC4 11 D6 9B             LD DE,CCP_FCB_EXT
2612  9AC7                      ; fetch first byte of the file extension
2613  9AC7 1A                   LD A,(DE)
2614  9AC8                      ; extension must be blank: a typed extension is not a bare command
2615  9AC8 FE 20                CP $20
2616  9ACA                      ; explicit extension given: not a transient command, echo+abort
2617  9ACA C2 09 96             JP NZ,CCP_ECHO_TOKEN
2618  9ACD D5                   PUSH DE
2619  9ACE                      ; select the drive named by the command's drive prefix
2620  9ACE CD 54 98             CALL RESOLVE_DRIVE_PREFIX
2621  9AD1 D1                   POP DE
2622  9AD2                      ; source = the constant "COM" extension text
2623  9AD2 21 83 9B             LD HL,CCP_COM_EXT
2624  9AD5                      ; force the FCB type field to COM
2625  9AD5 CD 40 98             CALL COPY_3_BYTES
2626  9AD8                      ; open the .COM file via BDOS
2627  9AD8 CD D0 94             CALL CCP_OPEN_SUBMIT
2628  9ADB                      ; open failed (file not found): go to the no-file handler
2629  9ADB CA 6B 9B             JP Z,CCP_NO_FILE
2630  9ADE                      ; load address starts at the base of the TPA
2631  9ADE 21 00 01             LD HL,$0100
2632  9AE1              ; ----------------------------------------------------------------------
2633  9AE1              ; CCP_LOAD_LOOP -- read the .COM file record-by-record into the TPA.
2634  9AE1              ;   In: HL = next TPA load address; FCB already open at CCP_FCB.
2635  9AE1              ;   Out: loops until EOF (-> CCP_LOAD_DONE) or until the load pointer reaches the
2636  9AE1              ;     CCP base (-> CCP_BAD_LOAD).
2637  9AE1              ;   Clobbers: A, DE, HL.
2638  9AE1              ;   Algorithm: push the load address, set the BDOS DMA to it (BDOS_F_DMAOFF), do a
2639  9AE1              ;     sequential read (BDOS_F_READ) of one $80-byte record; on a non-zero (EOF/error)
2640  9AE1              ;     read result branch to CCP_LOAD_DONE. Otherwise advance HL by $80 and compare
2641  9AE1              ;     it against CCP_ENTRY ($9400 = CCP base) via a 16-bit subtract: if HL >= base the
2642  9AE1              ;     program is too big -> CCP_BAD_LOAD; else loop for the next record.
2643  9AE1              ;   [RE] transient-load inner loop.
2644  9AE1              ; ----------------------------------------------------------------------
2645  9AE1              CCP_LOAD_LOOP:
2646  9AE1                      ; save the current TPA load pointer across the read
2647  9AE1 E5                   PUSH HL
2648  9AE2 EB                   EX DE,HL
2649  9AE3                      ; set the BDOS DMA address (function 26) to the load pointer
2650  9AE3 CD D8 95             CALL BDOS_F_DMAOFF
2651  9AE6                      ; DE = the open command FCB
2652  9AE6 11 CD 9B             LD DE,CCP_FCB
2653  9AE9                      ; BDOS sequential read (function 20) of one 128-byte record
2654  9AE9 CD F9 94             CALL BDOS_F_READ
2655  9AEC                      ; non-zero = EOF or read error: finish the load
2656  9AEC C2 01 9B             JP NZ,CCP_LOAD_DONE
2657  9AEF E1                   POP HL
2658  9AF0                      ; record size = 128 bytes
2659  9AF0 11 80 00             LD DE,$0080
2660  9AF3                      ; advance the load pointer to the next record slot
2661  9AF3 19                   ADD HL,DE
2662  9AF4                      ; compare against the CCP base -- the ceiling the program must not reach
2663  9AF4 11 00 94             LD DE,CCP_ENTRY
2664  9AF7 7D                   LD A,L
2665  9AF8 93                   SUB E
2666  9AF9 7C                   LD A,H
2667  9AFA 9A                   SBC A,D
2668  9AFB                      ; load reached the CCP: program too large -> BAD LOAD
2669  9AFB D2 71 9B             JP NC,CCP_BAD_LOAD
2670  9AFE C3 E1 9A             JP CCP_LOAD_LOOP
2671  9B01              ; ----------------------------------------------------------------------
2672  9B01              ; CCP_LOAD_DONE -- finish a transient load and launch the program.
2673  9B01              ;   In: the BDOS read returned non-zero (A); stacked TPA load pointer on entry.
2674  9B01              ;   Out: if the read result was true EOF (A becomes 0 after DEC) builds page zero
2675  9B01              ;     and proceeds to the launch; otherwise -> CCP_BAD_LOAD.
2676  9B01              ;   Clobbers: all registers.
2677  9B01              ;   Algorithm: pop the saved load pointer; DEC A -- a sequential-read return of 1
2678  9B01              ;     means clean EOF (now 0); anything else is an error (-> CCP_BAD_LOAD). Reselect
2679  9B01              ;     the command's drive (CCP_RESTORE_DEFAULT_DRIVE), rebuild the command FCB (CCP_PARSE_FCB1),
2680  9B01              ;     then build a second FCB from the command tail at offset $10 into CCP_FCB
2681  9B01              ;     (CCP_BUILD_FCB with A=$10) so the program gets two default FCBs. Zero the FCB CR
2682  9B01              ;     field, copy a $21-byte FCB image down to TFCB ($005C), then fall through to the
2683  9B01              ;     tail-copy routines that build the command tail at TBUFF and launch.
2684  9B01              ;   [RE] transient launch / page-zero setup, standard CP/M 2.2 CCP.
2685  9B01              ; ----------------------------------------------------------------------
2686  9B01              CCP_LOAD_DONE:
2687  9B01                      ; discard the saved load pointer
2688  9B01 E1                   POP HL
2689  9B02                      ; sequential-read return 1 = clean EOF -> 0; any other value is a load error
2690  9B02 3D                   DEC A
2691  9B03                      ; non-EOF read result: report BAD LOAD
2692  9B03 C2 71 9B             JP NZ,CCP_BAD_LOAD
2693  9B06                      ; reselect the drive named by the command prefix
2694  9B06 CD 66 98             CALL CCP_RESTORE_DEFAULT_DRIVE
2695  9B09 CD 5E 96             CALL CCP_PARSE_FCB1
2696  9B0C                      ; point at the drive-prefix flag (saved across the FCB rebuild)
2697  9B0C 21 F0 9B             LD HL,CCP_FCB_DRIVE_PREFIX
2698  9B0F E5                   PUSH HL
2699  9B10 7E                   LD A,(HL)
2700  9B11                      ; seed the command FCB drive byte before the second-FCB parse
2701  9B11 32 CD 9B             LD (CCP_FCB),A
2702  9B14                      ; offset $10 = build the second filename into FCB+16
2703  9B14 3E 10                LD A,$10
2704  9B16                      ; parse a second command-tail filename into the alternate FCB
2705  9B16 CD 60 96             CALL CCP_BUILD_FCB
2706  9B19 E1                   POP HL
2707  9B1A 7E                   LD A,(HL)
2708  9B1B                      ; store the second-FCB drive prefix byte
2709  9B1B 32 DD 9B             LD (CCP_FCB_SECOND),A
2710  9B1E                      ; zero the FCB current-record field before launch
2711  9B1E AF                   XOR A
2712  9B1F                      ; clear the command FCB CR byte
2713  9B1F 32 ED 9B             LD (CCP_FCB_CR),A
2714  9B22                      ; destination = the default FCB at page zero TFCB ($005C)
2715  9B22 11 5C 00             LD DE,$005C
2716  9B25                      ; source = the CCP-built command FCB
2717  9B25 21 CD 9B             LD HL,CCP_FCB
2718  9B28                      ; copy $21 (33) bytes = one full FCB image
2719  9B28 06 21                LD B,$21
2720  9B2A                      ; copy the FCB image down to TFCB
2721  9B2A CD 42 98             CALL COPY_N_BYTES
2722  9B2D                      ; source for the tail = the CCP command-line buffer
2723  9B2D 21 08 94             LD HL,CCP_CMDTEXT
2724  9B30              ; ----------------------------------------------------------------------
2725  9B30              ; CCP_TAIL_SKIP_NAME -- scan past the program name to the start of the tail.
2726  9B30              ;   In: HL = pointer into the CCP command-line buffer (CCP_CMDTEXT).
2727  9B30              ;   Out: HL points at the first blank or the NUL terminator following the command
2728  9B30              ;     word; falls through to CCP_TAIL_COPY.
2729  9B30              ;   Clobbers: A, HL.
2730  9B30              ;   Algorithm: walk forward over name characters until a $00 (end of line) or a $20
2731  9B30              ;     (blank, start of the argument tail) is found.
2732  9B30              ;   [RE] command-tail scanner.
2733  9B30              ; ----------------------------------------------------------------------
2734  9B30              CCP_TAIL_SKIP_NAME:
2735  9B30                      ; fetch the next command-line character
2736  9B30 7E                   LD A,(HL)
2737  9B31                      ; end of line?
2738  9B31 B7                   OR A
2739  9B32                      ; no tail: jump to copy an empty tail
2740  9B32 CA 3E 9B             JP Z,CCP_TAIL_COPY
2741  9B35                      ; blank separates the command word from its tail
2742  9B35 FE 20                CP $20
2743  9B37                      ; found the blank: HL now at the tail, go copy it
2744  9B37 CA 3E 9B             JP Z,CCP_TAIL_COPY
2745  9B3A                      ; advance past this name character
2746  9B3A 23                   INC HL
2747  9B3B C3 30 9B             JP CCP_TAIL_SKIP_NAME
2748  9B3E              ; ----------------------------------------------------------------------
2749  9B3E              ; CCP_TAIL_COPY -- begin copying the command tail to TBUFF and counting its length.
2750  9B3E              ;   In: HL = first character of the command tail (blank or NUL).
2751  9B3E              ;   Out: sets DE = $0081 (TBUFF+1) and B = 0 (length), then falls into the copy
2752  9B3E              ;     loop CCP_TAIL_COPY_LOOP.
2753  9B3E              ;   Clobbers: B, DE.
2754  9B3E              ;   Algorithm: initialize the length accumulator B to 0 and the destination pointer
2755  9B3E              ;     DE to TBUFF+1 ($0081); $0080 (TBUFF) will hold the final length byte.
2756  9B3E              ;   [RE] page-zero command-tail builder setup, standard CP/M 2.2 CCP.
2757  9B3E              ; ----------------------------------------------------------------------
2758  9B3E              CCP_TAIL_COPY:
2759  9B3E                      ; tail length accumulator starts at 0
2760  9B3E 06 00                LD B,$00
2761  9B40                      ; destination = TBUFF+1 ($0080 holds the length byte)
2762  9B40 11 81 00             LD DE,$0081
2763  9B43              ; ----------------------------------------------------------------------
2764  9B43              ; CCP_TAIL_COPY_LOOP -- per-character copy loop of the command tail.
2765  9B43              ;   In: HL = source char, DE = TBUFF dest, B = running length.
2766  9B43              ;   Out: on the NUL terminator branches to CCP_TAIL_SETLEN with B = length.
2767  9B43              ;   Clobbers: A, B, DE, HL.
2768  9B43              ;   Algorithm: load (HL), store to (DE); if it was $00 the tail is done; else bump
2769  9B43              ;     the length B and advance both pointers and loop.
2770  9B43              ;   [RE] inner copy loop of CCP_TAIL_COPY.
2771  9B43              ; ----------------------------------------------------------------------
2772  9B43              CCP_TAIL_COPY_LOOP:
2773  9B43                      ; next tail character
2774  9B43 7E                   LD A,(HL)
2775  9B44                      ; store into the TBUFF command-tail buffer
2776  9B44 12                   LD (DE),A
2777  9B45                      ; NUL terminator ends the tail
2778  9B45 B7                   OR A
2779  9B46                      ; tail done: go store the final length
2780  9B46 CA 4F 9B             JP Z,CCP_TAIL_SETLEN
2781  9B49                      ; count this character
2782  9B49 04                   INC B
2783  9B4A 23                   INC HL
2784  9B4B 13                   INC DE
2785  9B4C C3 43 9B             JP CCP_TAIL_COPY_LOOP
2786  9B4F              ; ----------------------------------------------------------------------
2787  9B4F              ; CCP_TAIL_SETLEN -- finalize page zero and launch the transient at $0100.
2788  9B4F              ;   In: B = command-tail length; FCBs and TBUFF text already built.
2789  9B4F              ;   Out: stores the tail length at TBUFF ($0080), sets the default DMA, and CALLs
2790  9B4F              ;     the program at $0100; on its return rejoins the CCP loop.
2791  9B4F              ;   Clobbers: all registers.
2792  9B4F              ;   Algorithm: store B at $0080 (TBUFF length byte); emit the pending CR/LF
2793  9B4F              ;     (CCP_CRLF); reset the default DMA to $0080 (CCP_SET_DMA_TBUFF); rebuild the page-zero
2794  9B4F              ;     default drive/user byte at $0004 (CCP_SET_USERDRIVE); CALL $0100 to run the program.
2795  9B4F              ;     After it returns, restore the CCP private stack (SP = CCP_SUBMIT_FLAG), restore the
2796  9B4F              ;     current drive (CCP_SET_DRIVE_ONLY) and reselect it (BDOS_DRV_SET), then JP to the CCP
2797  9B4F              ;     warm-restart point CCP_PROMPT_AND_READ.
2798  9B4F              ;   [RE] transient launch finalizer, standard CP/M 2.2 CCP.
2799  9B4F              ; ----------------------------------------------------------------------
2800  9B4F              CCP_TAIL_SETLEN:
2801  9B4F                      ; tail character count
2802  9B4F 78                   LD A,B
2803  9B50                      ; store as the TBUFF length byte ($0080 = TBUFF)
2804  9B50 32 80 00             LD ($0080),A
2805  9B53                      ; emit the pending CR/LF before running the program
2806  9B53 CD 98 94             CALL CCP_CRLF
2807  9B56                      ; reset the BDOS DMA address to the default ($0080)
2808  9B56 CD D5 95             CALL CCP_SET_DMA_TBUFF
2809  9B59                      ; rebuild the page-zero default drive/user byte at $0004
2810  9B59 CD 1A 95             CALL CCP_SET_USERDRIVE
2811  9B5C                      ; run the loaded transient program in the TPA
2812  9B5C CD 00 01             CALL $0100
2813  9B5F                      ; restore the CCP private stack after the program returns
2814  9B5F 31 AB 9B             LD SP,CCP_SUBMIT_FLAG
2815  9B62                      ; restore the current drive in page zero
2816  9B62 CD 29 95             CALL CCP_SET_DRIVE_ONLY
2817  9B65                      ; reselect the current drive via BDOS
2818  9B65 CD BD 94             CALL BDOS_DRV_SET
2819  9B68                      ; rejoin the CCP command loop (warm restart)
2820  9B68 C3 82 97             JP CCP_PROMPT_AND_READ
2821  9B6B              ; ----------------------------------------------------------------------
2822  9B6B              ; CCP_NO_FILE -- handle a transient whose .COM file was not found.
2823  9B6B              ;   In: -- (entered when BDOS open returned not-found in CCP_CMD_TRANSIENT).
2824  9B6B              ;   Out: reselects the drive then echoes the offending token and aborts; does not
2825  9B6B              ;     return.
2826  9B6B              ;   Clobbers: A, and the echo/BDOS registers.
2827  9B6B              ;   Algorithm: reselect the command's drive prefix (CCP_RESTORE_DEFAULT_DRIVE), then jump
2828  9B6B              ;     to CCP_ECHO_TOKEN which prints the command word with a trailing '?' and warm-
2829  9B6B              ;     restarts the CCP.
2830  9B6B              ;   [RE] file-not-found path of the transient loader.
2831  9B6B              ; ----------------------------------------------------------------------
2832  9B6B              CCP_NO_FILE:
2833  9B6B                      ; reselect the drive the command named
2834  9B6B CD 66 98             CALL CCP_RESTORE_DEFAULT_DRIVE
2835  9B6E                      ; echo the bad command name with '?' and restart
2836  9B6E C3 09 96             JP CCP_ECHO_TOKEN
2837  9B71              ; ----------------------------------------------------------------------
2838  9B71              ; CCP_BAD_LOAD -- report a transient that would not fit / had a read error.
2839  9B71              ;   In: -- (entered on TPA overflow or a non-EOF read error).
2840  9B71              ;   Out: prints "BAD LOAD" then joins the return tail CCP_RETURN_OK; does not return.
2841  9B71              ;   Clobbers: BC and the print/BDOS registers.
2842  9B71              ;   Algorithm: load BC with the CCP_MSG_BAD_LOAD ("BAD LOAD") text and call CCP_CRLF_MSG (CR/LF +
2843  9B71              ;     message printer), then JP to the drive-restore return tail CCP_RETURN_OK.
2844  9B71              ;   [RE] over-size / read-error path of the transient loader.
2845  9B71              ; ----------------------------------------------------------------------
2846  9B71              CCP_BAD_LOAD:
2847  9B71                      ; point at the "BAD LOAD" message text
2848  9B71 01 7A 9B             LD BC,CCP_MSG_BAD_LOAD
2849  9B74                      ; print CR/LF + the message
2850  9B74 CD A7 94             CALL CCP_CRLF_MSG
2851  9B77                      ; join the drive-restore return tail
2852  9B77 C3 86 9B             JP CCP_RETURN_OK
2853  9B7A              ; ----------------------------------------------------------------------
2854  9B7A              ; CCP_MSG_BAD_LOAD -- ASCIIZ console message "BAD LOAD".
2855  9B7A              ;   In: -- (data, addressed by CCP_BAD_LOAD as the message in BC)
2856  9B7A              ;   Out: -- (zero-terminated string)
2857  9B7A              ;   Clobbers: --
2858  9B7A              ;   Algorithm: 8 bytes "BAD LOAD" followed by a $00 terminator.
2859  9B7A              ;   [RE] string literal observed in the CCP image (OBSERVED bytes).
2860  9B7A              ; ----------------------------------------------------------------------
2861  9B7A              CCP_MSG_BAD_LOAD:
2862  9B7A 42 41 44 20          DEFB    "BAD LOAD"               ; string
2862  9B7E 4C 4F 41 44
2863  9B82 00                   DEFB    $00                      ; terminator
2864  9B83              ; ----------------------------------------------------------------------
2865  9B83              ; CCP_COM_EXT -- the constant file-extension text "COM" for transient loads.
2866  9B83              ;   In: -- (data, source for COPY_3_BYTES in CCP_CMD_TRANSIENT)
2867  9B83              ;   Out: -- (3 bytes, no terminator)
2868  9B83              ;   Clobbers: --
2869  9B83              ;   Algorithm: the three ASCII bytes "COM" copied into the FCB type field so the
2870  9B83              ;     CCP opens the command word as NAME.COM.
2871  9B83              ;   [RE] CP/M 2.2 CCP default transient extension.
2872  9B83              ; ----------------------------------------------------------------------
2873  9B83              CCP_COM_EXT:
2874  9B83 43 4F 4D             DEFB    "COM"
2875  9B86              ; ----------------------------------------------------------------------
2876  9B86              ; CCP_RETURN_OK -- normal CCP return tail: restore the drive then check for leftover.
2877  9B86              ;   In: -- (joined after a built-in or error completes).
2878  9B86              ;   Out: reselects the command's drive prefix, then falls into CCP_RETURN_OK_NOCRLF.
2879  9B86              ;   Clobbers: A, HL, and BDOS registers.
2880  9B86              ;   Algorithm: call CCP_RESTORE_DEFAULT_DRIVE to reselect the drive named by the
2881  9B86              ;     command, then fall through to CCP_RETURN_OK_NOCRLF (CCP_RETURN_OK_NOCRLF).
2882  9B86              ;   [RE] CCP command epilogue.
2883  9B86              ; ----------------------------------------------------------------------
2884  9B86              CCP_RETURN_OK:
2885  9B86                      ; reselect the drive named in the command prefix
2886  9B86 CD 66 98             CALL CCP_RESTORE_DEFAULT_DRIVE
2887  9B89              ; ----------------------------------------------------------------------
2888  9B89              ; CCP_RETURN_OK_NOCRLF -- verify the whole command was consumed, then restart CCP.
2889  9B89              ;   In: command FCB name first byte (CCP_FCB_NAME); drive-prefix flag (CCP_FCB_DRIVE_PREFIX).
2890  9B89              ;   Out: if there is unparsed trailing text it is echoed as a bad command; otherwise
2891  9B89              ;     the CCP warm-restarts. Does not return to the caller.
2892  9B89              ;   Clobbers: A, HL, and the print/BDOS registers.
2893  9B89              ;   Algorithm: rebuild the command FCB once more (CCP_PARSE_FCB1), then test whether the
2894  9B89              ;     FCB name field was blank ($20) AND no drive prefix remained: SUB the blank from
2895  9B89              ;     the name byte, OR with the drive-prefix flag -- if the result is non-zero there
2896  9B89              ;     is leftover input, so echo the bad token (CCP_ECHO_TOKEN); else JP to the CCP
2897  9B89              ;     warm restart (CCP_PROMPT_AND_READ).
2898  9B89              ;   [RE] CCP command epilogue (no leading CR/LF).
2899  9B89              ; ----------------------------------------------------------------------
2900  9B89              CCP_RETURN_OK_NOCRLF:
2901  9B89                      ; re-parse the command FCB to test for leftover text
2902  9B89 CD 5E 96             CALL CCP_PARSE_FCB1
2903  9B8C                      ; first FCB name byte
2904  9B8C 3A CE 9B             LD A,(CCP_FCB_NAME)
2905  9B8F                      ; subtract a blank: zero means the name field was empty
2906  9B8F D6 20                SUB $20
2907  9B91                      ; point at the drive-prefix flag
2908  9B91 21 F0 9B             LD HL,CCP_FCB_DRIVE_PREFIX
2909  9B94                      ; combine: nonzero if either a name or a drive prefix is left over
2910  9B94 B6                   OR (HL)
2911  9B95                      ; leftover token: echo it as a bad command
2912  9B95 C2 09 96             JP NZ,CCP_ECHO_TOKEN
2913  9B98                      ; command fully consumed: warm-restart the CCP
2914  9B98 C3 82 97             JP CCP_PROMPT_AND_READ
2915  9B9B 00 00 00...          DEFS    16, $00                  ; fill
2916  9BAB              ; ----------------------------------------------------------------------
2917  9BAB              ; CCP_SUBMIT_FLAG -- SUBMIT/batch-active flag; also the base of the CCP stack.
2918  9BAB              ;   In/Out: a single byte. Non-zero while the CCP is feeding commands from a
2919  9BAB              ;     $$$.SUB batch file; the CCP private stack is loaded with SP = this address
2920  9BAB              ;     (LD SP,CCP_SUBMIT_FLAG) at every warm start and after a transient returns.
2921  9BAB              ;   Clobbers: --
2922  9BAB              ;   Algorithm: set non-zero when a $$$.SUB batch line is delivered (CCP_GETCMD
2923  9BAB              ;     region), cleared by CCP_DISCARD_SUBMIT when batch input ends; doubles as the CCP stack
2924  9BAB              ;     top.
2925  9BAB              ;   [RE] CP/M 2.2 CCP batch flag / stack base.
2926  9BAB              ; ----------------------------------------------------------------------
2927  9BAB              CCP_SUBMIT_FLAG:
2928  9BAB 00                   DEFB    "\0"
2929  9BAC              ; ----------------------------------------------------------------------
2930  9BAC              ; CCP_SUB_FCB -- the FCB for the $$$.SUB batch (SUBMIT) file.
2931  9BAC              ;   In/Out: 33-byte FCB; drive byte at this address, name/ext set to "$$$    SUB".
2932  9BAC              ;   Clobbers: --
2933  9BAC              ;   Algorithm: opened/read/deleted by the CCP batch logic (CCP_GETCMD / CCP_DISCARD_SUBMIT) to
2934  9BAC              ;     source successive command lines from the $$$.SUB file; its name/extension
2935  9BAC              ;     constant follows here.
2936  9BAC              ;   [RE] CP/M 2.2 CCP SUBMIT FCB.
2937  9BAC              ; ----------------------------------------------------------------------
2938  9BAC              CCP_SUB_FCB:
2939  9BAC 00                   DEFB    "\0"
2940  9BAD 24 24 24 20          DEFB    "$$$     SUB"            ; string
2940  9BB1 20 20 20 20
2940  9BB5 53 55 42
2941  9BB8 00                   DEFB    $00                      ; terminator
2942  9BB9 00                   DEFB    "\0"
2943  9BBA              ; ----------------------------------------------------------------------
2944  9BBA              ; CCP_SUB_FCB_S2 -- the S2 (extent-high) field of the $$$.SUB FCB.
2945  9BBA              ;   In/Out: 1 byte at CCP_SUB_FCB+$0E; cleared to 0 before reading the next batch
2946  9BBA              ;     record (CCP_GETCMD writes CCP_SUB_FCB_S2 = 0 then DECs the CR field below it).
2947  9BBA              ;   Clobbers: --
2948  9BBA              ;   Algorithm: part of CCP_SUB_FCB; written 0 so the extent is reset before the
2949  9BBA              ;     reverse read positions the CR field.
2950  9BBA              ;   [RE] FCB S2 byte of the SUBMIT FCB.
2951  9BBA              ; ----------------------------------------------------------------------
2952  9BBA              CCP_SUB_FCB_S2:
2953  9BBA 00                   DEFB    "\0"
2954  9BBB              ; ----------------------------------------------------------------------
2955  9BBB              ; CCP_SUB_FCB_CR -- the current-record (CR) field of the $$$.SUB FCB.
2956  9BBB              ;   In/Out: 1 byte at CCP_SUB_FCB+$0F; holds the next batch record to read.
2957  9BBB              ;   Clobbers: --
2958  9BBB              ;   Algorithm: read by CCP_GETCMD, decremented, and stored as the new record index in
2959  9BBB              ;     CCP_SUB_PREV_REC (the SUBMIT file is consumed in reverse).
2960  9BBB              ;   [RE] FCB CR byte of the SUBMIT FCB.
2961  9BBB              ; ----------------------------------------------------------------------
2962  9BBB              CCP_SUB_FCB_CR:
2963  9BBB 00 00 00...          DEFS    17, $00                  ; fill
2964  9BCC              ; ----------------------------------------------------------------------
2965  9BCC              ; CCP_SUB_PREV_REC -- previous batch record index (cell just below the command FCB).
2966  9BCC              ;   In/Out: 1 byte immediately below CCP_FCB; receives CCP_SUB_FCB_CR-1, the record
2967  9BCC              ;     to read next from the $$$.SUB file (CCP_GETCMD: DEC A / LD (CCP_SUB_PREV_REC),A).
2968  9BCC              ;   Clobbers: --
2969  9BCC              ;   Algorithm: SUBMIT reads records back-to-front; this cell carries the decremented
2970  9BCC              ;     record number used to position the next read.
2971  9BCC              ;   [RE] SUBMIT reverse-read record holder.
2972  9BCC              ; ----------------------------------------------------------------------
2973  9BCC              CCP_SUB_PREV_REC:
2974  9BCC 00                   DEFB    "\0"
2975  9BCD              ; ----------------------------------------------------------------------
2976  9BCD              ; CCP_FCB -- the command-line FCB the CCP builds from the typed command.
2977  9BCD              ;   In/Out: 33-byte FCB; this byte is the drive field, the 8-char name follows at
2978  9BCD              ;     CCP_FCB_NAME, the 3-char type at CCP_FCB_EXT. Copied to TFCB ($005C) before a
2979  9BCD              ;     transient runs.
2980  9BCD              ;   Clobbers: --
2981  9BCD              ;   Algorithm: filled by CCP_BUILD_FCB from the command tail; the built-in search
2982  9BCD              ;     (SEARCH_BUILTIN) compares its name field against the keyword table and the transient
2983  9BCD              ;     loader opens it as NAME.COM.
2984  9BCD              ;   [RE] CP/M 2.2 CCP command FCB.
2985  9BCD              ; ----------------------------------------------------------------------
2986  9BCD              CCP_FCB:
2987  9BCD 00                   DEFB    "\0"
2988  9BCE              ; ----------------------------------------------------------------------
2989  9BCE              ; CCP_FCB_NAME -- the 8-character filename field of the command FCB.
2990  9BCE              ;   In/Out: 8 bytes at CCP_FCB+1; the parsed command word (blank-padded).
2991  9BCE              ;   Clobbers: --
2992  9BCE              ;   Algorithm: matched 4 chars at a time against the keyword table
2993  9BCE              ;     "DIR ERA TYPESAVEREN USER" (SEARCH_BUILTIN) and used as the .COM filename for
2994  9BCE              ;     transient loads; a leading blank means no command word was given.
2995  9BCE              ;   [RE] FCB name field.
2996  9BCE              ; ----------------------------------------------------------------------
2997  9BCE              CCP_FCB_NAME:
2998  9BCE 00 00 00...          DEFS    8, $00                   ; fill
2999  9BD6              ; ----------------------------------------------------------------------
3000  9BD6              ; CCP_FCB_EXT -- the 3-character extension (type) field of the command FCB.
3001  9BD6              ;   In/Out: 3 bytes at CCP_FCB+9.
3002  9BD6              ;   Clobbers: --
3003  9BD6              ;   Algorithm: must be blank for a bare command word; the transient loader overwrites
3004  9BD6              ;     it with "COM" before opening the file.
3005  9BD6              ;   [RE] FCB type field.
3006  9BD6              ; ----------------------------------------------------------------------
3007  9BD6              CCP_FCB_EXT:
3008  9BD6 00 00 00 00          DEFB    "\0\0\0\0\0\0\0"
3008  9BDA 00 00 00
3009  9BDD              ; ----------------------------------------------------------------------
3010  9BDD              ; CCP_FCB_SECOND -- the second filename built into the command FCB at offset $10.
3011  9BDD              ;   In/Out: starts at CCP_FCB+$10; a second command-tail filename is parsed here so
3012  9BDD              ;     the transient receives two default FCBs (at $005C and $006C after the copy).
3013  9BDD              ;   Clobbers: --
3014  9BDD              ;   Algorithm: CCP_BUILD_FCB called with A=$10 fills this; its drive prefix byte is
3015  9BDD              ;     stored here, and the $21-byte copy to TFCB carries both FCB images to page zero.
3016  9BDD              ;   [RE] CP/M 2.2 CCP second default FCB.
3017  9BDD              ; ----------------------------------------------------------------------
3018  9BDD              CCP_FCB_SECOND:
3019  9BDD 00 00 00...          DEFS    16, $00                  ; fill
3020  9BED              ; ----------------------------------------------------------------------
3021  9BED              ; CCP_FCB_CR -- the current-record (CR) field of the command FCB.
3022  9BED              ;   In/Out: 1 byte at CCP_FCB+$20; zeroed before each open/read so loads start at
3023  9BED              ;     record 0.
3024  9BED              ;   Clobbers: --
3025  9BED              ;   Algorithm: cleared by the open helper (CCP_OPEN_SUBMIT) and before launching a transient.
3026  9BED              ;   [RE] FCB CR byte of the command FCB.
3027  9BED              ; ----------------------------------------------------------------------
3028  9BED              CCP_FCB_CR:
3029  9BED 00                   DEFB    "\0"
3030  9BEE              ; ----------------------------------------------------------------------
3031  9BEE              ; CCP_BDOS_RESULT -- saved A return code from the most recent BDOS file call.
3032  9BEE              ;   In/Out: 1 byte; written with the BDOS return value by the file-call wrapper
3033  9BEE              ;     BDOS_FCB_OP (open/close/search/delete) right after CALL $0005.
3034  9BEE              ;   Clobbers: --
3035  9BEE              ;   Algorithm: the wrapper saves A here, then INC A so the caller can test for the
3036  9BEE              ;     $FF (not-found) directory code as zero.
3037  9BEE              ;   [RE] CCP scratch for the last BDOS directory-code.
3038  9BEE              ; ----------------------------------------------------------------------
3039  9BEE              CCP_BDOS_RESULT:
3040  9BEE 00                   DEFB    "\0"
3041  9BEF              ; ----------------------------------------------------------------------
3042  9BEF              ; CCP_CUR_DRIVE -- the CCP's current default drive number (0=A, 1=B, ...).
3043  9BEF              ;   In/Out: 1 byte; the active drive the CCP selects and writes to the low nibble of
3044  9BEF              ;     page-zero $0004.
3045  9BEF              ;   Clobbers: --
3046  9BEF              ;   Algorithm: set from the BDOS current-disk value at warm start (low nibble of the
3047  9BEF              ;     boot C register) and updated by the drive-select path (CCP_DRIVE_SELECT). CCP_SET_DRIVE_ONLY
3048  9BEF              ;     writes it straight to $0004; CCP_SET_USERDRIVE merges it with the user number (in the
3049  9BEF              ;     high nibble) and stores the combined byte at $0004. Reselected after every
3050  9BEF              ;     transient runs. NOTE: this is the DRIVE, not the user number (the user number
3051  9BEF              ;     lives in the BDOS, set via function 32).
3052  9BEF              ;   [RE] CP/M 2.2 CCP current default-drive byte.
3053  9BEF              ; ----------------------------------------------------------------------
3054  9BEF              CCP_CUR_DRIVE:
3055  9BEF 00                   DEFB    "\0"
3056  9BF0              ; ----------------------------------------------------------------------
3057  9BF0              ; CCP_FCB_DRIVE_PREFIX -- explicit drive-prefix flag for the parsed command.
3058  9BF0              ;   In/Out: 1 byte; 0 means no "d:" prefix was typed, otherwise drive#+1 (A=1,B=2,..).
3059  9BF0              ;   Clobbers: --
3060  9BF0              ;   Algorithm: set by CCP_BUILD_FCB when it sees a "d:" before the name; used to select
3061  9BF0              ;     the right drive for the command and to decide leftover-token handling. A
3062  9BF0              ;     non-zero value also routes the dispatcher to CCP_DRIVE_SELECT (drive-select path).
3063  9BF0              ;   [RE] CP/M 2.2 CCP command drive-prefix flag.
3064  9BF0              ; ----------------------------------------------------------------------
3065  9BF0              CCP_FCB_DRIVE_PREFIX:
3066  9BF0 00                   DEFB    "\0"
3067  9BF1              ; ----------------------------------------------------------------------
3068  9BF1              ; CCP_FCB_TAIL -- trailing bytes of the command FCB record / data page.
3069  9BF1              ;   In/Out: 15 bytes following the drive-prefix flag, completing the FCB-sized
3070  9BF1              ;     record region the CCP keeps in its data page.
3071  9BF1              ;   Clobbers: --
3072  9BF1              ;   Algorithm: reserved scratch / FCB-tail bytes; no code in this cluster reads them
3073  9BF1              ;     meaningfully. Exact use beyond padding the FCB record is UNKNOWN.
3074  9BF1              ;   [?] purpose beyond reserved FCB-tail padding is UNKNOWN.
3075  9BF1              ; ----------------------------------------------------------------------
3076  9BF1              CCP_FCB_TAIL:
3077  9BF1 00 00 00...          DEFS    15, $00                  ; fill
3078  9C00              CCP_IMAGE_END:                           ; first byte past the CCP image
3079  9C00              ; ----------------------------------------------------------------------
3080  9C00              ; BDOS_FBASE -- BDOS image header at FBASE ($9C00): 6 serial/header bytes, then the FDOS
3081  9C00              ; entry jump.
3082  9C00              ;   In: none (static image bytes at the BDOS run base).
3083  9C00              ;   Out: bytes +0..+5 are the per-copy serial/header cells (not code); the JP at +6 (BDOS_ENTRY) is
3084  9C00              ;        the actual entry.
3085  9C00              ;   Clobbers: n/a (data + one jump).
3086  9C00              ;   Algorithm: OBSERVED -- the six bytes here are DEFB $BD,$16,$00,$00,$16,$DF, the standard CP/M
3087  9C00              ;              FBASE serial-number / header cells. The disassembler renders them as spurious
3088  9C00              ;              SBC/AND/XOR/OR instructions further on, but these +0..+5 bytes are DATA. The byte at
3089  9C00              ;              +6 is the JP BDOS_ENTRY/dispatcher that the page-zero BDOS=$0005 jump-vector lands
3090  9C00              ;              on. [RE] standard CP/M 2.2 FBASE header layout.
3091  9C00              ; ----------------------------------------------------------------------
3092  9C00                  IFNDEF CPM_LINK
3093  9C00                  ASSERT CCP_IMAGE_END == BDOS_FBASE    ; the CCP image must fill its $9400..$9C00 slot exactly
3094  9C00                  SAVEBIN "{out_bin}", CCP_ENTRY, CCP_SIZE
3095  9C00                  ENDIF
3096  9C00
# file closed: CPM_CCP.asm
